Log_LogID_ID,Log_UPL_VC,Log_WorkFlow_VC,Log_UserID_NB,Log_UserType_VC,Log_CompanyID_NB,Log_CompanyType_VC,Log_ModuleName_VC,Log_ModuleCode_VC,Log_ClassName_VC,Log_ProcedureName_VC,Log_LogCode_VC,Log_LogXML_VC,Log_Remarks_VC,Log_LogDate_DT,Log_AUI_VC,Log_UTL_VC,Log_TransactionID_NB,Log_Date,Log_RegionID_NB
4842,052e59d184944592b672,QueuePolling,0,,0,,SabreQueueMCP,QUEUE,QueueTextSource,EWR,SUCCESS,"<ApiLog><Request><![CDATA[<?xml version="1.0" encoding="utf-8"?>
<soap:Envelope xmlns:soap="http://schemas.xmlsoap.org/soap/envelope/" xmlns:xsi="http://www.w3.org/2001/XMLSchema-instance" xmlns:xsd="http://www.w3.org/2001/XMLSchema">
  <soap:Header>
    <MessageHeader xmlns="http://www.ebxml.org/namespaces/messageHeader">
      <From>
        <PartyId d5p1:type="urn:x12.org.IO5:01" xmlns:d5p1="http://www.ebxml.org/namespaces/messageHeader">com.abacus.SWSSession</PartyId>
      </From>
      <To>
        <PartyId d5p1:type="urn:x12.org.IO5:01" xmlns:d5p1="http://www.ebxml.org/namespaces/messageHeader">webservices.sabre.com</PartyId>
      </To>
      <ConversationId>8dad8dff-8694-4589-95df-f8edec61d48c@com.abacus.SWSSession</ConversationId>
      <Service d4p1:type="Sabre Trip Management" xmlns:d4p1="http://www.ebxml.org/namespaces/messageHeader">SabreCommandLLSRQ</Service>
      <Action>SabreCommandLLSRQ</Action>
      <MessageData>
        <MessageId>d4afe363-0221-461c-86e4-7562cbe56a40@com.abacus.SWSSession</MessageId>
        <Timestamp>2026-08-03T09:06:29</Timestamp>
      </MessageData>
    </MessageHeader>
    <Security xmlns="http://schemas.xmlsoap.org/ws/2002/12/secext">
      <BinarySecurityToken>Shared/IDL:IceSess\/SessMgr:1\.0.IDL/Common/!ICESMS\/RESF!ICESMSLB\/RES.LB!1785747927971!6359!517</BinarySecurityToken>
    </Security>
  </soap:Header>
  <soap:Body>
    <SabreCommandLLSRQ Version="2.0.0" ReturnHostCommand="true" xmlns="http://webservices.sabre.com/sabreXML/2011/10">
      <Request Output="SCREEN">
        <HostCommand>EWR</HostCommand>
      </Request>
    </SabreCommandLLSRQ>
  </soap:Body>
</soap:Envelope>]]></Request><Response><![CDATA[<?xml version="1.0" encoding="UTF-8"?>
<soap-env:Envelope xmlns:soap-env="http://schemas.xmlsoap.org/soap/envelope/"><soap-env:Header><eb:MessageHeader xmlns:eb="http://www.ebxml.org/namespaces/messageHeader" eb:version="1.0" soap-env:mustUnderstand="1"><eb:From><eb:PartyId eb:type="urn:x12.org.IO5:01">webservices.sabre.com</eb:PartyId></eb:From><eb:To><eb:PartyId eb:type="urn:x12.org.IO5:01">com.abacus.SWSSession</eb:PartyId></eb:To><eb:ConversationId>8dad8dff-8694-4589-95df-f8edec61d48c@com.abacus.SWSSession</eb:ConversationId><eb:Service eb:type="Sabre Trip Management">SabreCommandLLSRQ</eb:Service><eb:Action>SabreCommandLLSRS</eb:Action><eb:MessageData><eb:MessageId>3201158327878150840</eb:MessageId><eb:Timestamp>2026-08-03T09:06:27</eb:Timestamp><eb:RefToMessageId>d4afe363-0221-461c-86e4-7562cbe56a40@com.abacus.SWSSession</eb:RefToMessageId></eb:MessageData></eb:MessageHeader><wsse:Security xmlns:wsse="http://schemas.xmlsoap.org/ws/2002/12/secext"><wsse:BinarySecurityToken valueType="String" EncodingType="wsse:Base64Binary">Shared/IDL:IceSess\/SessMgr:1\.0.IDL/Common/!ICESMS\/RESF!ICESMSLB\/RES.LB!1785747927971!6359!517</wsse:BinarySecurityToken></wsse:Security></soap-env:Header><soap-env:Body><SabreCommandLLSRS xmlns="http://webservices.sabre.com/sabreXML/2011/10" xmlns:xs="http://www.w3.org/2001/XMLSchema" xmlns:xsi="http://www.w3.org/2001/XMLSchema-instance" xmlns:stl="http://services.sabre.com/STL/v01" Version="2.0.0">
 <stl:ApplicationResults status="Complete">
  <stl:Success timeStamp="2026-08-03T09:06:27Z">
   <stl:SystemSpecificResults>
    <stl:HostCommand LNIATA="641EEE">EWR</stl:HostCommand>
   </stl:SystemSpecificResults>
  </stl:Success>
 </stl:ApplicationResults>
 <Response>ITINERARY REQUIRED TO COMPLETE TRANSACTION</Response>
</SabreCommandLLSRS></soap-env:Body></soap-env:Envelope>]]></Response></ApiLog>","PCC:HO PCC|Command:EWR|HTTP:200|Status:SUCCESS","2026-08-03 14:36:28",,,0,"2026-08-03 14:36:28",0
4840,052e59d184944592b672,QueuePolling,0,,0,,SabreQueueMCP,QUEUE,QueueTextSource,QR,SUCCESS,"<ApiLog><Request><![CDATA[<?xml version="1.0" encoding="utf-8"?>
<soap:Envelope xmlns:soap="http://schemas.xmlsoap.org/soap/envelope/" xmlns:xsi="http://www.w3.org/2001/XMLSchema-instance" xmlns:xsd="http://www.w3.org/2001/XMLSchema">
  <soap:Header>
    <MessageHeader xmlns="http://www.ebxml.org/namespaces/messageHeader">
      <From>
        <PartyId d5p1:type="urn:x12.org.IO5:01" xmlns:d5p1="http://www.ebxml.org/namespaces/messageHeader">com.abacus.SWSSession</PartyId>
      </From>
      <To>
        <PartyId d5p1:type="urn:x12.org.IO5:01" xmlns:d5p1="http://www.ebxml.org/namespaces/messageHeader">webservices.sabre.com</PartyId>
      </To>
      <ConversationId>8dad8dff-8694-4589-95df-f8edec61d48c@com.abacus.SWSSession</ConversationId>
      <Service d4p1:type="Sabre Trip Management" xmlns:d4p1="http://www.ebxml.org/namespaces/messageHeader">SabreCommandLLSRQ</Service>
      <Action>SabreCommandLLSRQ</Action>
      <MessageData>
        <MessageId>371abe53-8892-483d-b85b-e5ffe74a90b2@com.abacus.SWSSession</MessageId>
        <Timestamp>2026-08-03T09:06:28</Timestamp>
      </MessageData>
    </MessageHeader>
    <Security xmlns="http://schemas.xmlsoap.org/ws/2002/12/secext">
      <BinarySecurityToken>Shared/IDL:IceSess\/SessMgr:1\.0.IDL/Common/!ICESMS\/RESF!ICESMSLB\/RES.LB!1785747927971!6359!517</BinarySecurityToken>
    </Security>
  </soap:Header>
  <soap:Body>
    <SabreCommandLLSRQ Version="2.0.0" ReturnHostCommand="true" xmlns="http://webservices.sabre.com/sabreXML/2011/10">
      <Request Output="SCREEN">
        <HostCommand>QR</HostCommand>
      </Request>
    </SabreCommandLLSRQ>
  </soap:Body>
</soap:Envelope>]]></Request><Response><![CDATA[<?xml version="1.0" encoding="UTF-8"?>
<soap-env:Envelope xmlns:soap-env="http://schemas.xmlsoap.org/soap/envelope/"><soap-env:Header><eb:MessageHeader xmlns:eb="http://www.ebxml.org/namespaces/messageHeader" eb:version="1.0" soap-env:mustUnderstand="1"><eb:From><eb:PartyId eb:type="urn:x12.org.IO5:01">webservices.sabre.com</eb:PartyId></eb:From><eb:To><eb:PartyId eb:type="urn:x12.org.IO5:01">com.abacus.SWSSession</eb:PartyId></eb:To><eb:ConversationId>8dad8dff-8694-4589-95df-f8edec61d48c@com.abacus.SWSSession</eb:ConversationId><eb:Service eb:type="Sabre Trip Management">SabreCommandLLSRQ</eb:Service><eb:Action>SabreCommandLLSRS</eb:Action><eb:MessageData><eb:MessageId>3201041327868861480</eb:MessageId><eb:Timestamp>2026-08-03T09:06:26</eb:Timestamp><eb:RefToMessageId>371abe53-8892-483d-b85b-e5ffe74a90b2@com.abacus.SWSSession</eb:RefToMessageId></eb:MessageData></eb:MessageHeader><wsse:Security xmlns:wsse="http://schemas.xmlsoap.org/ws/2002/12/secext"><wsse:BinarySecurityToken valueType="String" EncodingType="wsse:Base64Binary">Shared/IDL:IceSess\/SessMgr:1\.0.IDL/Common/!ICESMS\/RESF!ICESMSLB\/RES.LB!1785747927971!6359!517</wsse:BinarySecurityToken></wsse:Security></soap-env:Header><soap-env:Body><SabreCommandLLSRS xmlns="http://webservices.sabre.com/sabreXML/2011/10" xmlns:xs="http://www.w3.org/2001/XMLSchema" xmlns:xsi="http://www.w3.org/2001/XMLSchema-instance" xmlns:stl="http://services.sabre.com/STL/v01" Version="2.0.0">
 <stl:ApplicationResults status="Complete">
  <stl:Success timeStamp="2026-08-03T09:06:26Z">
   <stl:SystemSpecificResults>
    <stl:HostCommand LNIATA="641EEE">QR</stl:HostCommand>
   </stl:SystemSpecificResults>
  </stl:Success>
 </stl:ApplicationResults>
 <Response>CANNOT DO THIS IF OFF QUEUE
</Response>
</SabreCommandLLSRS></soap-env:Body></soap-env:Envelope>]]></Response></ApiLog>","PCC:HO PCC|Command:QR|HTTP:200|Status:SUCCESS","2026-08-03 14:36:27",,,0,"2026-08-03 14:36:27",0
4841,052e59d184944592b672,QueuePolling,0,,0,,SabreQueueMCP,QUEUE,QueueTextSource,I,SUCCESS,"<ApiLog><Request><![CDATA[<?xml version="1.0" encoding="utf-8"?>
<soap:Envelope xmlns:soap="http://schemas.xmlsoap.org/soap/envelope/" xmlns:xsi="http://www.w3.org/2001/XMLSchema-instance" xmlns:xsd="http://www.w3.org/2001/XMLSchema">
  <soap:Header>
    <MessageHeader xmlns="http://www.ebxml.org/namespaces/messageHeader">
      <From>
        <PartyId d5p1:type="urn:x12.org.IO5:01" xmlns:d5p1="http://www.ebxml.org/namespaces/messageHeader">com.abacus.SWSSession</PartyId>
      </From>
      <To>
        <PartyId d5p1:type="urn:x12.org.IO5:01" xmlns:d5p1="http://www.ebxml.org/namespaces/messageHeader">webservices.sabre.com</PartyId>
      </To>
      <ConversationId>8dad8dff-8694-4589-95df-f8edec61d48c@com.abacus.SWSSession</ConversationId>
      <Service d4p1:type="Sabre Trip Management" xmlns:d4p1="http://www.ebxml.org/namespaces/messageHeader">SabreCommandLLSRQ</Service>
      <Action>SabreCommandLLSRQ</Action>
      <MessageData>
        <MessageId>421b9415-034e-44c8-aeb7-c3b975c3712f@com.abacus.SWSSession</MessageId>
        <Timestamp>2026-08-03T09:06:28</Timestamp>
      </MessageData>
    </MessageHeader>
    <Security xmlns="http://schemas.xmlsoap.org/ws/2002/12/secext">
      <BinarySecurityToken>Shared/IDL:IceSess\/SessMgr:1\.0.IDL/Common/!ICESMS\/RESF!ICESMSLB\/RES.LB!1785747927971!6359!517</BinarySecurityToken>
    </Security>
  </soap:Header>
  <soap:Body>
    <SabreCommandLLSRQ Version="2.0.0" ReturnHostCommand="true" xmlns="http://webservices.sabre.com/sabreXML/2011/10">
      <Request Output="SCREEN">
        <HostCommand>I</HostCommand>
      </Request>
    </SabreCommandLLSRQ>
  </soap:Body>
</soap:Envelope>]]></Request><Response><![CDATA[<?xml version="1.0" encoding="UTF-8"?>
<soap-env:Envelope xmlns:soap-env="http://schemas.xmlsoap.org/soap/envelope/"><soap-env:Header><eb:MessageHeader xmlns:eb="http://www.ebxml.org/namespaces/messageHeader" eb:version="1.0" soap-env:mustUnderstand="1"><eb:From><eb:PartyId eb:type="urn:x12.org.IO5:01">webservices.sabre.com</eb:PartyId></eb:From><eb:To><eb:PartyId eb:type="urn:x12.org.IO5:01">com.abacus.SWSSession</eb:PartyId></eb:To><eb:ConversationId>8dad8dff-8694-4589-95df-f8edec61d48c@com.abacus.SWSSession</eb:ConversationId><eb:Service eb:type="Sabre Trip Management">SabreCommandLLSRQ</eb:Service><eb:Action>SabreCommandLLSRS</eb:Action><eb:MessageData><eb:MessageId>3201097327872800320</eb:MessageId><eb:Timestamp>2026-08-03T09:06:27</eb:Timestamp><eb:RefToMessageId>421b9415-034e-44c8-aeb7-c3b975c3712f@com.abacus.SWSSession</eb:RefToMessageId></eb:MessageData></eb:MessageHeader><wsse:Security xmlns:wsse="http://schemas.xmlsoap.org/ws/2002/12/secext"><wsse:BinarySecurityToken valueType="String" EncodingType="wsse:Base64Binary">Shared/IDL:IceSess\/SessMgr:1\.0.IDL/Common/!ICESMS\/RESF!ICESMSLB\/RES.LB!1785747927971!6359!517</wsse:BinarySecurityToken></wsse:Security></soap-env:Header><soap-env:Body><SabreCommandLLSRS xmlns="http://webservices.sabre.com/sabreXML/2011/10" xmlns:xs="http://www.w3.org/2001/XMLSchema" xmlns:xsi="http://www.w3.org/2001/XMLSchema-instance" xmlns:stl="http://services.sabre.com/STL/v01" Version="2.0.0">
 <stl:ApplicationResults status="Complete">
  <stl:Success timeStamp="2026-08-03T09:06:27Z">
   <stl:SystemSpecificResults>
    <stl:HostCommand LNIATA="641EEE">I</stl:HostCommand>
   </stl:SystemSpecificResults>
  </stl:Success>
 </stl:ApplicationResults>
 <Response>IGD </Response>
</SabreCommandLLSRS></soap-env:Body></soap-env:Envelope>]]></Response></ApiLog>","PCC:HO PCC|Command:I|HTTP:200|Status:SUCCESS","2026-08-03 14:36:27",,,0,"2026-08-03 14:36:27",0
4838,052e59d184944592b672,QueuePolling,0,,0,,SabreQueueMCP,QUEUE,QueueTextSource,I,SUCCESS,"<ApiLog><Request><![CDATA[<?xml version="1.0" encoding="utf-8"?>
<soap:Envelope xmlns:soap="http://schemas.xmlsoap.org/soap/envelope/" xmlns:xsi="http://www.w3.org/2001/XMLSchema-instance" xmlns:xsd="http://www.w3.org/2001/XMLSchema">
  <soap:Header>
    <MessageHeader xmlns="http://www.ebxml.org/namespaces/messageHeader">
      <From>
        <PartyId d5p1:type="urn:x12.org.IO5:01" xmlns:d5p1="http://www.ebxml.org/namespaces/messageHeader">com.abacus.SWSSession</PartyId>
      </From>
      <To>
        <PartyId d5p1:type="urn:x12.org.IO5:01" xmlns:d5p1="http://www.ebxml.org/namespaces/messageHeader">webservices.sabre.com</PartyId>
      </To>
      <ConversationId>8dad8dff-8694-4589-95df-f8edec61d48c@com.abacus.SWSSession</ConversationId>
      <Service d4p1:type="Sabre Trip Management" xmlns:d4p1="http://www.ebxml.org/namespaces/messageHeader">SabreCommandLLSRQ</Service>
      <Action>SabreCommandLLSRQ</Action>
      <MessageData>
        <MessageId>d7755e3e-a3aa-49b8-ab6e-e99eae0d1228@com.abacus.SWSSession</MessageId>
        <Timestamp>2026-08-03T09:06:27</Timestamp>
      </MessageData>
    </MessageHeader>
    <Security xmlns="http://schemas.xmlsoap.org/ws/2002/12/secext">
      <BinarySecurityToken>Shared/IDL:IceSess\/SessMgr:1\.0.IDL/Common/!ICESMS\/RESF!ICESMSLB\/RES.LB!1785747927971!6359!517</BinarySecurityToken>
    </Security>
  </soap:Header>
  <soap:Body>
    <SabreCommandLLSRQ Version="2.0.0" ReturnHostCommand="true" xmlns="http://webservices.sabre.com/sabreXML/2011/10">
      <Request Output="SCREEN">
        <HostCommand>I</HostCommand>
      </Request>
    </SabreCommandLLSRQ>
  </soap:Body>
</soap:Envelope>]]></Request><Response><![CDATA[<?xml version="1.0" encoding="UTF-8"?>
<soap-env:Envelope xmlns:soap-env="http://schemas.xmlsoap.org/soap/envelope/"><soap-env:Header><eb:MessageHeader xmlns:eb="http://www.ebxml.org/namespaces/messageHeader" eb:version="1.0" soap-env:mustUnderstand="1"><eb:From><eb:PartyId eb:type="urn:x12.org.IO5:01">webservices.sabre.com</eb:PartyId></eb:From><eb:To><eb:PartyId eb:type="urn:x12.org.IO5:01">com.abacus.SWSSession</eb:PartyId></eb:To><eb:ConversationId>8dad8dff-8694-4589-95df-f8edec61d48c@com.abacus.SWSSession</eb:ConversationId><eb:Service eb:type="Sabre Trip Management">SabreCommandLLSRQ</eb:Service><eb:Action>SabreCommandLLSRS</eb:Action><eb:MessageData><eb:MessageId>3200963327859611690</eb:MessageId><eb:Timestamp>2026-08-03T09:06:26</eb:Timestamp><eb:RefToMessageId>d7755e3e-a3aa-49b8-ab6e-e99eae0d1228@com.abacus.SWSSession</eb:RefToMessageId></eb:MessageData></eb:MessageHeader><wsse:Security xmlns:wsse="http://schemas.xmlsoap.org/ws/2002/12/secext"><wsse:BinarySecurityToken valueType="String" EncodingType="wsse:Base64Binary">Shared/IDL:IceSess\/SessMgr:1\.0.IDL/Common/!ICESMS\/RESF!ICESMSLB\/RES.LB!1785747927971!6359!517</wsse:BinarySecurityToken></wsse:Security></soap-env:Header><soap-env:Body><SabreCommandLLSRS xmlns="http://webservices.sabre.com/sabreXML/2011/10" xmlns:xs="http://www.w3.org/2001/XMLSchema" xmlns:xsi="http://www.w3.org/2001/XMLSchema-instance" xmlns:stl="http://services.sabre.com/STL/v01" Version="2.0.0">
 <stl:ApplicationResults status="Complete">
  <stl:Success timeStamp="2026-08-03T09:06:26Z">
   <stl:SystemSpecificResults>
    <stl:HostCommand LNIATA="641EEE">I</stl:HostCommand>
   </stl:SystemSpecificResults>
  </stl:Success>
 </stl:ApplicationResults>
 <Response>IGD </Response>
</SabreCommandLLSRS></soap-env:Body></soap-env:Envelope>]]></Response></ApiLog>","PCC:HO PCC|Command:I|HTTP:200|Status:SUCCESS","2026-08-03 14:36:26",,,0,"2026-08-03 14:36:26",0
4839,052e59d184944592b672,QueuePolling,0,,0,,SabreQueueMCP,QUEUE,QueueTextSource,EWR,SUCCESS,"<ApiLog><Request><![CDATA[<?xml version="1.0" encoding="utf-8"?>
<soap:Envelope xmlns:soap="http://schemas.xmlsoap.org/soap/envelope/" xmlns:xsi="http://www.w3.org/2001/XMLSchema-instance" xmlns:xsd="http://www.w3.org/2001/XMLSchema">
  <soap:Header>
    <MessageHeader xmlns="http://www.ebxml.org/namespaces/messageHeader">
      <From>
        <PartyId d5p1:type="urn:x12.org.IO5:01" xmlns:d5p1="http://www.ebxml.org/namespaces/messageHeader">com.abacus.SWSSession</PartyId>
      </From>
      <To>
        <PartyId d5p1:type="urn:x12.org.IO5:01" xmlns:d5p1="http://www.ebxml.org/namespaces/messageHeader">webservices.sabre.com</PartyId>
      </To>
      <ConversationId>8dad8dff-8694-4589-95df-f8edec61d48c@com.abacus.SWSSession</ConversationId>
      <Service d4p1:type="Sabre Trip Management" xmlns:d4p1="http://www.ebxml.org/namespaces/messageHeader">SabreCommandLLSRQ</Service>
      <Action>SabreCommandLLSRQ</Action>
      <MessageData>
        <MessageId>fa5d5621-7b14-4373-bd29-f326d1ac584e@com.abacus.SWSSession</MessageId>
        <Timestamp>2026-08-03T09:06:27</Timestamp>
      </MessageData>
    </MessageHeader>
    <Security xmlns="http://schemas.xmlsoap.org/ws/2002/12/secext">
      <BinarySecurityToken>Shared/IDL:IceSess\/SessMgr:1\.0.IDL/Common/!ICESMS\/RESF!ICESMSLB\/RES.LB!1785747927971!6359!517</BinarySecurityToken>
    </Security>
  </soap:Header>
  <soap:Body>
    <SabreCommandLLSRQ Version="2.0.0" ReturnHostCommand="true" xmlns="http://webservices.sabre.com/sabreXML/2011/10">
      <Request Output="SCREEN">
        <HostCommand>EWR</HostCommand>
      </Request>
    </SabreCommandLLSRQ>
  </soap:Body>
</soap:Envelope>]]></Request><Response><![CDATA[<?xml version="1.0" encoding="UTF-8"?>
<soap-env:Envelope xmlns:soap-env="http://schemas.xmlsoap.org/soap/envelope/"><soap-env:Header><eb:MessageHeader xmlns:eb="http://www.ebxml.org/namespaces/messageHeader" eb:version="1.0" soap-env:mustUnderstand="1"><eb:From><eb:PartyId eb:type="urn:x12.org.IO5:01">webservices.sabre.com</eb:PartyId></eb:From><eb:To><eb:PartyId eb:type="urn:x12.org.IO5:01">com.abacus.SWSSession</eb:PartyId></eb:To><eb:ConversationId>8dad8dff-8694-4589-95df-f8edec61d48c@com.abacus.SWSSession</eb:ConversationId><eb:Service eb:type="Sabre Trip Management">SabreCommandLLSRQ</eb:Service><eb:Action>SabreCommandLLSRS</eb:Action><eb:MessageData><eb:MessageId>3201001327864661450</eb:MessageId><eb:Timestamp>2026-08-03T09:06:26</eb:Timestamp><eb:RefToMessageId>fa5d5621-7b14-4373-bd29-f326d1ac584e@com.abacus.SWSSession</eb:RefToMessageId></eb:MessageData></eb:MessageHeader><wsse:Security xmlns:wsse="http://schemas.xmlsoap.org/ws/2002/12/secext"><wsse:BinarySecurityToken valueType="String" EncodingType="wsse:Base64Binary">Shared/IDL:IceSess\/SessMgr:1\.0.IDL/Common/!ICESMS\/RESF!ICESMSLB\/RES.LB!1785747927971!6359!517</wsse:BinarySecurityToken></wsse:Security></soap-env:Header><soap-env:Body><SabreCommandLLSRS xmlns="http://webservices.sabre.com/sabreXML/2011/10" xmlns:xs="http://www.w3.org/2001/XMLSchema" xmlns:xsi="http://www.w3.org/2001/XMLSchema-instance" xmlns:stl="http://services.sabre.com/STL/v01" Version="2.0.0">
 <stl:ApplicationResults status="Complete">
  <stl:Success timeStamp="2026-08-03T09:06:26Z">
   <stl:SystemSpecificResults>
    <stl:HostCommand LNIATA="641EEE">EWR</stl:HostCommand>
   </stl:SystemSpecificResults>
  </stl:Success>
 </stl:ApplicationResults>
 <Response>ITINERARY REQUIRED TO COMPLETE TRANSACTION</Response>
</SabreCommandLLSRS></soap-env:Body></soap-env:Envelope>]]></Response></ApiLog>","PCC:HO PCC|Command:EWR|HTTP:200|Status:SUCCESS","2026-08-03 14:36:26",,,0,"2026-08-03 14:36:26",0
4836,052e59d184944592b672,QueuePolling,0,,0,,SabreQueueMCP,QUEUE,QueueTextSource,EWR,SUCCESS,"<ApiLog><Request><![CDATA[<?xml version="1.0" encoding="utf-8"?>
<soap:Envelope xmlns:soap="http://schemas.xmlsoap.org/soap/envelope/" xmlns:xsi="http://www.w3.org/2001/XMLSchema-instance" xmlns:xsd="http://www.w3.org/2001/XMLSchema">
  <soap:Header>
    <MessageHeader xmlns="http://www.ebxml.org/namespaces/messageHeader">
      <From>
        <PartyId d5p1:type="urn:x12.org.IO5:01" xmlns:d5p1="http://www.ebxml.org/namespaces/messageHeader">com.abacus.SWSSession</PartyId>
      </From>
      <To>
        <PartyId d5p1:type="urn:x12.org.IO5:01" xmlns:d5p1="http://www.ebxml.org/namespaces/messageHeader">webservices.sabre.com</PartyId>
      </To>
      <ConversationId>8dad8dff-8694-4589-95df-f8edec61d48c@com.abacus.SWSSession</ConversationId>
      <Service d4p1:type="Sabre Trip Management" xmlns:d4p1="http://www.ebxml.org/namespaces/messageHeader">SabreCommandLLSRQ</Service>
      <Action>SabreCommandLLSRQ</Action>
      <MessageData>
        <MessageId>a84fb426-cdf9-47a6-b4c6-7ac7434f98bc@com.abacus.SWSSession</MessageId>
        <Timestamp>2026-08-03T09:06:26</Timestamp>
      </MessageData>
    </MessageHeader>
    <Security xmlns="http://schemas.xmlsoap.org/ws/2002/12/secext">
      <BinarySecurityToken>Shared/IDL:IceSess\/SessMgr:1\.0.IDL/Common/!ICESMS\/RESF!ICESMSLB\/RES.LB!1785747927971!6359!517</BinarySecurityToken>
    </Security>
  </soap:Header>
  <soap:Body>
    <SabreCommandLLSRQ Version="2.0.0" ReturnHostCommand="true" xmlns="http://webservices.sabre.com/sabreXML/2011/10">
      <Request Output="SCREEN">
        <HostCommand>EWR</HostCommand>
      </Request>
    </SabreCommandLLSRQ>
  </soap:Body>
</soap:Envelope>]]></Request><Response><![CDATA[<?xml version="1.0" encoding="UTF-8"?>
<soap-env:Envelope xmlns:soap-env="http://schemas.xmlsoap.org/soap/envelope/"><soap-env:Header><eb:MessageHeader xmlns:eb="http://www.ebxml.org/namespaces/messageHeader" eb:version="1.0" soap-env:mustUnderstand="1"><eb:From><eb:PartyId eb:type="urn:x12.org.IO5:01">webservices.sabre.com</eb:PartyId></eb:From><eb:To><eb:PartyId eb:type="urn:x12.org.IO5:01">com.abacus.SWSSession</eb:PartyId></eb:To><eb:ConversationId>8dad8dff-8694-4589-95df-f8edec61d48c@com.abacus.SWSSession</eb:ConversationId><eb:Service eb:type="Sabre Trip Management">SabreCommandLLSRQ</eb:Service><eb:Action>SabreCommandLLSRS</eb:Action><eb:MessageData><eb:MessageId>3200859327850532260</eb:MessageId><eb:Timestamp>2026-08-03T09:06:25</eb:Timestamp><eb:RefToMessageId>a84fb426-cdf9-47a6-b4c6-7ac7434f98bc@com.abacus.SWSSession</eb:RefToMessageId></eb:MessageData></eb:MessageHeader><wsse:Security xmlns:wsse="http://schemas.xmlsoap.org/ws/2002/12/secext"><wsse:BinarySecurityToken valueType="String" EncodingType="wsse:Base64Binary">Shared/IDL:IceSess\/SessMgr:1\.0.IDL/Common/!ICESMS\/RESF!ICESMSLB\/RES.LB!1785747927971!6359!517</wsse:BinarySecurityToken></wsse:Security></soap-env:Header><soap-env:Body><SabreCommandLLSRS xmlns="http://webservices.sabre.com/sabreXML/2011/10" xmlns:xs="http://www.w3.org/2001/XMLSchema" xmlns:xsi="http://www.w3.org/2001/XMLSchema-instance" xmlns:stl="http://services.sabre.com/STL/v01" Version="2.0.0">
 <stl:ApplicationResults status="Complete">
  <stl:Success timeStamp="2026-08-03T09:06:25Z">
   <stl:SystemSpecificResults>
    <stl:HostCommand LNIATA="641EEE">EWR</stl:HostCommand>
   </stl:SystemSpecificResults>
  </stl:Success>
 </stl:ApplicationResults>
 <Response>ITINERARY REQUIRED TO COMPLETE TRANSACTION</Response>
</SabreCommandLLSRS></soap-env:Body></soap-env:Envelope>]]></Response></ApiLog>","PCC:HO PCC|Command:EWR|HTTP:200|Status:SUCCESS","2026-08-03 14:36:25",,,0,"2026-08-03 14:36:25",0
4837,052e59d184944592b672,QueuePolling,0,,0,,SabreQueueMCP,QUEUE,QueueTextSource,QR,SUCCESS,"<ApiLog><Request><![CDATA[<?xml version="1.0" encoding="utf-8"?>
<soap:Envelope xmlns:soap="http://schemas.xmlsoap.org/soap/envelope/" xmlns:xsi="http://www.w3.org/2001/XMLSchema-instance" xmlns:xsd="http://www.w3.org/2001/XMLSchema">
  <soap:Header>
    <MessageHeader xmlns="http://www.ebxml.org/namespaces/messageHeader">
      <From>
        <PartyId d5p1:type="urn:x12.org.IO5:01" xmlns:d5p1="http://www.ebxml.org/namespaces/messageHeader">com.abacus.SWSSession</PartyId>
      </From>
      <To>
        <PartyId d5p1:type="urn:x12.org.IO5:01" xmlns:d5p1="http://www.ebxml.org/namespaces/messageHeader">webservices.sabre.com</PartyId>
      </To>
      <ConversationId>8dad8dff-8694-4589-95df-f8edec61d48c@com.abacus.SWSSession</ConversationId>
      <Service d4p1:type="Sabre Trip Management" xmlns:d4p1="http://www.ebxml.org/namespaces/messageHeader">SabreCommandLLSRQ</Service>
      <Action>SabreCommandLLSRQ</Action>
      <MessageData>
        <MessageId>62a3cd7c-6c53-4f45-ba9b-f48e18d706a0@com.abacus.SWSSession</MessageId>
        <Timestamp>2026-08-03T09:06:27</Timestamp>
      </MessageData>
    </MessageHeader>
    <Security xmlns="http://schemas.xmlsoap.org/ws/2002/12/secext">
      <BinarySecurityToken>Shared/IDL:IceSess\/SessMgr:1\.0.IDL/Common/!ICESMS\/RESF!ICESMSLB\/RES.LB!1785747927971!6359!517</BinarySecurityToken>
    </Security>
  </soap:Header>
  <soap:Body>
    <SabreCommandLLSRQ Version="2.0.0" ReturnHostCommand="true" xmlns="http://webservices.sabre.com/sabreXML/2011/10">
      <Request Output="SCREEN">
        <HostCommand>QR</HostCommand>
      </Request>
    </SabreCommandLLSRQ>
  </soap:Body>
</soap:Envelope>]]></Request><Response><![CDATA[<?xml version="1.0" encoding="UTF-8"?>
<soap-env:Envelope xmlns:soap-env="http://schemas.xmlsoap.org/soap/envelope/"><soap-env:Header><eb:MessageHeader xmlns:eb="http://www.ebxml.org/namespaces/messageHeader" eb:version="1.0" soap-env:mustUnderstand="1"><eb:From><eb:PartyId eb:type="urn:x12.org.IO5:01">webservices.sabre.com</eb:PartyId></eb:From><eb:To><eb:PartyId eb:type="urn:x12.org.IO5:01">com.abacus.SWSSession</eb:PartyId></eb:To><eb:ConversationId>8dad8dff-8694-4589-95df-f8edec61d48c@com.abacus.SWSSession</eb:ConversationId><eb:Service eb:type="Sabre Trip Management">SabreCommandLLSRQ</eb:Service><eb:Action>SabreCommandLLSRS</eb:Action><eb:MessageData><eb:MessageId>3200917327855501070</eb:MessageId><eb:Timestamp>2026-08-03T09:06:25</eb:Timestamp><eb:RefToMessageId>62a3cd7c-6c53-4f45-ba9b-f48e18d706a0@com.abacus.SWSSession</eb:RefToMessageId></eb:MessageData></eb:MessageHeader><wsse:Security xmlns:wsse="http://schemas.xmlsoap.org/ws/2002/12/secext"><wsse:BinarySecurityToken valueType="String" EncodingType="wsse:Base64Binary">Shared/IDL:IceSess\/SessMgr:1\.0.IDL/Common/!ICESMS\/RESF!ICESMSLB\/RES.LB!1785747927971!6359!517</wsse:BinarySecurityToken></wsse:Security></soap-env:Header><soap-env:Body><SabreCommandLLSRS xmlns="http://webservices.sabre.com/sabreXML/2011/10" xmlns:xs="http://www.w3.org/2001/XMLSchema" xmlns:xsi="http://www.w3.org/2001/XMLSchema-instance" xmlns:stl="http://services.sabre.com/STL/v01" Version="2.0.0">
 <stl:ApplicationResults status="Complete">
  <stl:Success timeStamp="2026-08-03T09:06:25Z">
   <stl:SystemSpecificResults>
    <stl:HostCommand LNIATA="641EEE">QR</stl:HostCommand>
   </stl:SystemSpecificResults>
  </stl:Success>
 </stl:ApplicationResults>
 <Response>CANNOT DO THIS IF OFF QUEUE
</Response>
</SabreCommandLLSRS></soap-env:Body></soap-env:Envelope>]]></Response></ApiLog>","PCC:HO PCC|Command:QR|HTTP:200|Status:SUCCESS","2026-08-03 14:36:25",,,0,"2026-08-03 14:36:25",0
4833,052e59d184944592b672,QueuePolling,0,,0,,SabreQueueMCP,QUEUE,QueueTextSource,EWR,SUCCESS,"<ApiLog><Request><![CDATA[<?xml version="1.0" encoding="utf-8"?>
<soap:Envelope xmlns:soap="http://schemas.xmlsoap.org/soap/envelope/" xmlns:xsi="http://www.w3.org/2001/XMLSchema-instance" xmlns:xsd="http://www.w3.org/2001/XMLSchema">
  <soap:Header>
    <MessageHeader xmlns="http://www.ebxml.org/namespaces/messageHeader">
      <From>
        <PartyId d5p1:type="urn:x12.org.IO5:01" xmlns:d5p1="http://www.ebxml.org/namespaces/messageHeader">com.abacus.SWSSession</PartyId>
      </From>
      <To>
        <PartyId d5p1:type="urn:x12.org.IO5:01" xmlns:d5p1="http://www.ebxml.org/namespaces/messageHeader">webservices.sabre.com</PartyId>
      </To>
      <ConversationId>8dad8dff-8694-4589-95df-f8edec61d48c@com.abacus.SWSSession</ConversationId>
      <Service d4p1:type="Sabre Trip Management" xmlns:d4p1="http://www.ebxml.org/namespaces/messageHeader">SabreCommandLLSRQ</Service>
      <Action>SabreCommandLLSRQ</Action>
      <MessageData>
        <MessageId>050aaa43-e31d-47e0-b039-716cc24593a5@com.abacus.SWSSession</MessageId>
        <Timestamp>2026-08-03T09:06:25</Timestamp>
      </MessageData>
    </MessageHeader>
    <Security xmlns="http://schemas.xmlsoap.org/ws/2002/12/secext">
      <BinarySecurityToken>Shared/IDL:IceSess\/SessMgr:1\.0.IDL/Common/!ICESMS\/RESF!ICESMSLB\/RES.LB!1785747927971!6359!517</BinarySecurityToken>
    </Security>
  </soap:Header>
  <soap:Body>
    <SabreCommandLLSRQ Version="2.0.0" ReturnHostCommand="true" xmlns="http://webservices.sabre.com/sabreXML/2011/10">
      <Request Output="SCREEN">
        <HostCommand>EWR</HostCommand>
      </Request>
    </SabreCommandLLSRQ>
  </soap:Body>
</soap:Envelope>]]></Request><Response><![CDATA[<?xml version="1.0" encoding="UTF-8"?>
<soap-env:Envelope xmlns:soap-env="http://schemas.xmlsoap.org/soap/envelope/"><soap-env:Header><eb:MessageHeader xmlns:eb="http://www.ebxml.org/namespaces/messageHeader" eb:version="1.0" soap-env:mustUnderstand="1"><eb:From><eb:PartyId eb:type="urn:x12.org.IO5:01">webservices.sabre.com</eb:PartyId></eb:From><eb:To><eb:PartyId eb:type="urn:x12.org.IO5:01">com.abacus.SWSSession</eb:PartyId></eb:To><eb:ConversationId>8dad8dff-8694-4589-95df-f8edec61d48c@com.abacus.SWSSession</eb:ConversationId><eb:Service eb:type="Sabre Trip Management">SabreCommandLLSRQ</eb:Service><eb:Action>SabreCommandLLSRS</eb:Action><eb:MessageData><eb:MessageId>3200728327838010780</eb:MessageId><eb:Timestamp>2026-08-03T09:06:23</eb:Timestamp><eb:RefToMessageId>050aaa43-e31d-47e0-b039-716cc24593a5@com.abacus.SWSSession</eb:RefToMessageId></eb:MessageData></eb:MessageHeader><wsse:Security xmlns:wsse="http://schemas.xmlsoap.org/ws/2002/12/secext"><wsse:BinarySecurityToken valueType="String" EncodingType="wsse:Base64Binary">Shared/IDL:IceSess\/SessMgr:1\.0.IDL/Common/!ICESMS\/RESF!ICESMSLB\/RES.LB!1785747927971!6359!517</wsse:BinarySecurityToken></wsse:Security></soap-env:Header><soap-env:Body><SabreCommandLLSRS xmlns="http://webservices.sabre.com/sabreXML/2011/10" xmlns:xs="http://www.w3.org/2001/XMLSchema" xmlns:xsi="http://www.w3.org/2001/XMLSchema-instance" xmlns:stl="http://services.sabre.com/STL/v01" Version="2.0.0">
 <stl:ApplicationResults status="Complete">
  <stl:Success timeStamp="2026-08-03T09:06:23Z">
   <stl:SystemSpecificResults>
    <stl:HostCommand LNIATA="641EEE">EWR</stl:HostCommand>
   </stl:SystemSpecificResults>
  </stl:Success>
 </stl:ApplicationResults>
 <Response>ITINERARY REQUIRED TO COMPLETE TRANSACTION</Response>
</SabreCommandLLSRS></soap-env:Body></soap-env:Envelope>]]></Response></ApiLog>","PCC:HO PCC|Command:EWR|HTTP:200|Status:SUCCESS","2026-08-03 14:36:24",,,0,"2026-08-03 14:36:24",0
4834,052e59d184944592b672,QueuePolling,0,,0,,SabreQueueMCP,QUEUE,QueueTextSource,QR,SUCCESS,"<ApiLog><Request><![CDATA[<?xml version="1.0" encoding="utf-8"?>
<soap:Envelope xmlns:soap="http://schemas.xmlsoap.org/soap/envelope/" xmlns:xsi="http://www.w3.org/2001/XMLSchema-instance" xmlns:xsd="http://www.w3.org/2001/XMLSchema">
  <soap:Header>
    <MessageHeader xmlns="http://www.ebxml.org/namespaces/messageHeader">
      <From>
        <PartyId d5p1:type="urn:x12.org.IO5:01" xmlns:d5p1="http://www.ebxml.org/namespaces/messageHeader">com.abacus.SWSSession</PartyId>
      </From>
      <To>
        <PartyId d5p1:type="urn:x12.org.IO5:01" xmlns:d5p1="http://www.ebxml.org/namespaces/messageHeader">webservices.sabre.com</PartyId>
      </To>
      <ConversationId>8dad8dff-8694-4589-95df-f8edec61d48c@com.abacus.SWSSession</ConversationId>
      <Service d4p1:type="Sabre Trip Management" xmlns:d4p1="http://www.ebxml.org/namespaces/messageHeader">SabreCommandLLSRQ</Service>
      <Action>SabreCommandLLSRQ</Action>
      <MessageData>
        <MessageId>c2c16e55-b36e-4c4f-ba61-3342b4537529@com.abacus.SWSSession</MessageId>
        <Timestamp>2026-08-03T09:06:25</Timestamp>
      </MessageData>
    </MessageHeader>
    <Security xmlns="http://schemas.xmlsoap.org/ws/2002/12/secext">
      <BinarySecurityToken>Shared/IDL:IceSess\/SessMgr:1\.0.IDL/Common/!ICESMS\/RESF!ICESMSLB\/RES.LB!1785747927971!6359!517</BinarySecurityToken>
    </Security>
  </soap:Header>
  <soap:Body>
    <SabreCommandLLSRQ Version="2.0.0" ReturnHostCommand="true" xmlns="http://webservices.sabre.com/sabreXML/2011/10">
      <Request Output="SCREEN">
        <HostCommand>QR</HostCommand>
      </Request>
    </SabreCommandLLSRQ>
  </soap:Body>
</soap:Envelope>]]></Request><Response><![CDATA[<?xml version="1.0" encoding="UTF-8"?>
<soap-env:Envelope xmlns:soap-env="http://schemas.xmlsoap.org/soap/envelope/"><soap-env:Header><eb:MessageHeader xmlns:eb="http://www.ebxml.org/namespaces/messageHeader" eb:version="1.0" soap-env:mustUnderstand="1"><eb:From><eb:PartyId eb:type="urn:x12.org.IO5:01">webservices.sabre.com</eb:PartyId></eb:From><eb:To><eb:PartyId eb:type="urn:x12.org.IO5:01">com.abacus.SWSSession</eb:PartyId></eb:To><eb:ConversationId>8dad8dff-8694-4589-95df-f8edec61d48c@com.abacus.SWSSession</eb:ConversationId><eb:Service eb:type="Sabre Trip Management">SabreCommandLLSRQ</eb:Service><eb:Action>SabreCommandLLSRS</eb:Action><eb:MessageData><eb:MessageId>3200771327842102170</eb:MessageId><eb:Timestamp>2026-08-03T09:06:24</eb:Timestamp><eb:RefToMessageId>c2c16e55-b36e-4c4f-ba61-3342b4537529@com.abacus.SWSSession</eb:RefToMessageId></eb:MessageData></eb:MessageHeader><wsse:Security xmlns:wsse="http://schemas.xmlsoap.org/ws/2002/12/secext"><wsse:BinarySecurityToken valueType="String" EncodingType="wsse:Base64Binary">Shared/IDL:IceSess\/SessMgr:1\.0.IDL/Common/!ICESMS\/RESF!ICESMSLB\/RES.LB!1785747927971!6359!517</wsse:BinarySecurityToken></wsse:Security></soap-env:Header><soap-env:Body><SabreCommandLLSRS xmlns="http://webservices.sabre.com/sabreXML/2011/10" xmlns:xs="http://www.w3.org/2001/XMLSchema" xmlns:xsi="http://www.w3.org/2001/XMLSchema-instance" xmlns:stl="http://services.sabre.com/STL/v01" Version="2.0.0">
 <stl:ApplicationResults status="Complete">
  <stl:Success timeStamp="2026-08-03T09:06:24Z">
   <stl:SystemSpecificResults>
    <stl:HostCommand LNIATA="641EEE">QR</stl:HostCommand>
   </stl:SystemSpecificResults>
  </stl:Success>
 </stl:ApplicationResults>
 <Response>CANNOT DO THIS IF OFF QUEUE
</Response>
</SabreCommandLLSRS></soap-env:Body></soap-env:Envelope>]]></Response></ApiLog>","PCC:HO PCC|Command:QR|HTTP:200|Status:SUCCESS","2026-08-03 14:36:24",,,0,"2026-08-03 14:36:24",0
4835,052e59d184944592b672,QueuePolling,0,,0,,SabreQueueMCP,QUEUE,QueueTextSource,I,SUCCESS,"<ApiLog><Request><![CDATA[<?xml version="1.0" encoding="utf-8"?>
<soap:Envelope xmlns:soap="http://schemas.xmlsoap.org/soap/envelope/" xmlns:xsi="http://www.w3.org/2001/XMLSchema-instance" xmlns:xsd="http://www.w3.org/2001/XMLSchema">
  <soap:Header>
    <MessageHeader xmlns="http://www.ebxml.org/namespaces/messageHeader">
      <From>
        <PartyId d5p1:type="urn:x12.org.IO5:01" xmlns:d5p1="http://www.ebxml.org/namespaces/messageHeader">com.abacus.SWSSession</PartyId>
      </From>
      <To>
        <PartyId d5p1:type="urn:x12.org.IO5:01" xmlns:d5p1="http://www.ebxml.org/namespaces/messageHeader">webservices.sabre.com</PartyId>
      </To>
      <ConversationId>8dad8dff-8694-4589-95df-f8edec61d48c@com.abacus.SWSSession</ConversationId>
      <Service d4p1:type="Sabre Trip Management" xmlns:d4p1="http://www.ebxml.org/namespaces/messageHeader">SabreCommandLLSRQ</Service>
      <Action>SabreCommandLLSRQ</Action>
      <MessageData>
        <MessageId>66736ba7-c42e-4ee4-abad-32b511432b45@com.abacus.SWSSession</MessageId>
        <Timestamp>2026-08-03T09:06:26</Timestamp>
      </MessageData>
    </MessageHeader>
    <Security xmlns="http://schemas.xmlsoap.org/ws/2002/12/secext">
      <BinarySecurityToken>Shared/IDL:IceSess\/SessMgr:1\.0.IDL/Common/!ICESMS\/RESF!ICESMSLB\/RES.LB!1785747927971!6359!517</BinarySecurityToken>
    </Security>
  </soap:Header>
  <soap:Body>
    <SabreCommandLLSRQ Version="2.0.0" ReturnHostCommand="true" xmlns="http://webservices.sabre.com/sabreXML/2011/10">
      <Request Output="SCREEN">
        <HostCommand>I</HostCommand>
      </Request>
    </SabreCommandLLSRQ>
  </soap:Body>
</soap:Envelope>]]></Request><Response><![CDATA[<?xml version="1.0" encoding="UTF-8"?>
<soap-env:Envelope xmlns:soap-env="http://schemas.xmlsoap.org/soap/envelope/"><soap-env:Header><eb:MessageHeader xmlns:eb="http://www.ebxml.org/namespaces/messageHeader" eb:version="1.0" soap-env:mustUnderstand="1"><eb:From><eb:PartyId eb:type="urn:x12.org.IO5:01">webservices.sabre.com</eb:PartyId></eb:From><eb:To><eb:PartyId eb:type="urn:x12.org.IO5:01">com.abacus.SWSSession</eb:PartyId></eb:To><eb:ConversationId>8dad8dff-8694-4589-95df-f8edec61d48c@com.abacus.SWSSession</eb:ConversationId><eb:Service eb:type="Sabre Trip Management">SabreCommandLLSRQ</eb:Service><eb:Action>SabreCommandLLSRS</eb:Action><eb:MessageData><eb:MessageId>3200813327846200140</eb:MessageId><eb:Timestamp>2026-08-03T09:06:24</eb:Timestamp><eb:RefToMessageId>66736ba7-c42e-4ee4-abad-32b511432b45@com.abacus.SWSSession</eb:RefToMessageId></eb:MessageData></eb:MessageHeader><wsse:Security xmlns:wsse="http://schemas.xmlsoap.org/ws/2002/12/secext"><wsse:BinarySecurityToken valueType="String" EncodingType="wsse:Base64Binary">Shared/IDL:IceSess\/SessMgr:1\.0.IDL/Common/!ICESMS\/RESF!ICESMSLB\/RES.LB!1785747927971!6359!517</wsse:BinarySecurityToken></wsse:Security></soap-env:Header><soap-env:Body><SabreCommandLLSRS xmlns="http://webservices.sabre.com/sabreXML/2011/10" xmlns:xs="http://www.w3.org/2001/XMLSchema" xmlns:xsi="http://www.w3.org/2001/XMLSchema-instance" xmlns:stl="http://services.sabre.com/STL/v01" Version="2.0.0">
 <stl:ApplicationResults status="Complete">
  <stl:Success timeStamp="2026-08-03T09:06:24Z">
   <stl:SystemSpecificResults>
    <stl:HostCommand LNIATA="641EEE">I</stl:HostCommand>
   </stl:SystemSpecificResults>
  </stl:Success>
 </stl:ApplicationResults>
 <Response>IGD </Response>
</SabreCommandLLSRS></soap-env:Body></soap-env:Envelope>]]></Response></ApiLog>","PCC:HO PCC|Command:I|HTTP:200|Status:SUCCESS","2026-08-03 14:36:24",,,0,"2026-08-03 14:36:24",0
4831,052e59d184944592b672,QueuePolling,0,,0,,SabreQueueMCP,QUEUE,QueueTextSource,QR,SUCCESS,"<ApiLog><Request><![CDATA[<?xml version="1.0" encoding="utf-8"?>
<soap:Envelope xmlns:soap="http://schemas.xmlsoap.org/soap/envelope/" xmlns:xsi="http://www.w3.org/2001/XMLSchema-instance" xmlns:xsd="http://www.w3.org/2001/XMLSchema">
  <soap:Header>
    <MessageHeader xmlns="http://www.ebxml.org/namespaces/messageHeader">
      <From>
        <PartyId d5p1:type="urn:x12.org.IO5:01" xmlns:d5p1="http://www.ebxml.org/namespaces/messageHeader">com.abacus.SWSSession</PartyId>
      </From>
      <To>
        <PartyId d5p1:type="urn:x12.org.IO5:01" xmlns:d5p1="http://www.ebxml.org/namespaces/messageHeader">webservices.sabre.com</PartyId>
      </To>
      <ConversationId>8dad8dff-8694-4589-95df-f8edec61d48c@com.abacus.SWSSession</ConversationId>
      <Service d4p1:type="Sabre Trip Management" xmlns:d4p1="http://www.ebxml.org/namespaces/messageHeader">SabreCommandLLSRQ</Service>
      <Action>SabreCommandLLSRQ</Action>
      <MessageData>
        <MessageId>0b7d9521-2d52-4215-bf46-a9cb249011c9@com.abacus.SWSSession</MessageId>
        <Timestamp>2026-08-03T09:06:24</Timestamp>
      </MessageData>
    </MessageHeader>
    <Security xmlns="http://schemas.xmlsoap.org/ws/2002/12/secext">
      <BinarySecurityToken>Shared/IDL:IceSess\/SessMgr:1\.0.IDL/Common/!ICESMS\/RESF!ICESMSLB\/RES.LB!1785747927971!6359!517</BinarySecurityToken>
    </Security>
  </soap:Header>
  <soap:Body>
    <SabreCommandLLSRQ Version="2.0.0" ReturnHostCommand="true" xmlns="http://webservices.sabre.com/sabreXML/2011/10">
      <Request Output="SCREEN">
        <HostCommand>QR</HostCommand>
      </Request>
    </SabreCommandLLSRQ>
  </soap:Body>
</soap:Envelope>]]></Request><Response><![CDATA[<?xml version="1.0" encoding="UTF-8"?>
<soap-env:Envelope xmlns:soap-env="http://schemas.xmlsoap.org/soap/envelope/"><soap-env:Header><eb:MessageHeader xmlns:eb="http://www.ebxml.org/namespaces/messageHeader" eb:version="1.0" soap-env:mustUnderstand="1"><eb:From><eb:PartyId eb:type="urn:x12.org.IO5:01">webservices.sabre.com</eb:PartyId></eb:From><eb:To><eb:PartyId eb:type="urn:x12.org.IO5:01">com.abacus.SWSSession</eb:PartyId></eb:To><eb:ConversationId>8dad8dff-8694-4589-95df-f8edec61d48c@com.abacus.SWSSession</eb:ConversationId><eb:Service eb:type="Sabre Trip Management">SabreCommandLLSRQ</eb:Service><eb:Action>SabreCommandLLSRS</eb:Action><eb:MessageData><eb:MessageId>3200647327829961700</eb:MessageId><eb:Timestamp>2026-08-03T09:06:23</eb:Timestamp><eb:RefToMessageId>0b7d9521-2d52-4215-bf46-a9cb249011c9@com.abacus.SWSSession</eb:RefToMessageId></eb:MessageData></eb:MessageHeader><wsse:Security xmlns:wsse="http://schemas.xmlsoap.org/ws/2002/12/secext"><wsse:BinarySecurityToken valueType="String" EncodingType="wsse:Base64Binary">Shared/IDL:IceSess\/SessMgr:1\.0.IDL/Common/!ICESMS\/RESF!ICESMSLB\/RES.LB!1785747927971!6359!517</wsse:BinarySecurityToken></wsse:Security></soap-env:Header><soap-env:Body><SabreCommandLLSRS xmlns="http://webservices.sabre.com/sabreXML/2011/10" xmlns:xs="http://www.w3.org/2001/XMLSchema" xmlns:xsi="http://www.w3.org/2001/XMLSchema-instance" xmlns:stl="http://services.sabre.com/STL/v01" Version="2.0.0">
 <stl:ApplicationResults status="Complete">
  <stl:Success timeStamp="2026-08-03T09:06:23Z">
   <stl:SystemSpecificResults>
    <stl:HostCommand LNIATA="641EEE">QR</stl:HostCommand>
   </stl:SystemSpecificResults>
  </stl:Success>
 </stl:ApplicationResults>
 <Response>CANNOT DO THIS IF OFF QUEUE
</Response>
</SabreCommandLLSRS></soap-env:Body></soap-env:Envelope>]]></Response></ApiLog>","PCC:HO PCC|Command:QR|HTTP:200|Status:SUCCESS","2026-08-03 14:36:23",,,0,"2026-08-03 14:36:23",0
4832,052e59d184944592b672,QueuePolling,0,,0,,SabreQueueMCP,QUEUE,QueueTextSource,I,SUCCESS,"<ApiLog><Request><![CDATA[<?xml version="1.0" encoding="utf-8"?>
<soap:Envelope xmlns:soap="http://schemas.xmlsoap.org/soap/envelope/" xmlns:xsi="http://www.w3.org/2001/XMLSchema-instance" xmlns:xsd="http://www.w3.org/2001/XMLSchema">
  <soap:Header>
    <MessageHeader xmlns="http://www.ebxml.org/namespaces/messageHeader">
      <From>
        <PartyId d5p1:type="urn:x12.org.IO5:01" xmlns:d5p1="http://www.ebxml.org/namespaces/messageHeader">com.abacus.SWSSession</PartyId>
      </From>
      <To>
        <PartyId d5p1:type="urn:x12.org.IO5:01" xmlns:d5p1="http://www.ebxml.org/namespaces/messageHeader">webservices.sabre.com</PartyId>
      </To>
      <ConversationId>8dad8dff-8694-4589-95df-f8edec61d48c@com.abacus.SWSSession</ConversationId>
      <Service d4p1:type="Sabre Trip Management" xmlns:d4p1="http://www.ebxml.org/namespaces/messageHeader">SabreCommandLLSRQ</Service>
      <Action>SabreCommandLLSRQ</Action>
      <MessageData>
        <MessageId>11b68e0d-77a6-4e79-aa9c-ecde7ed47bfa@com.abacus.SWSSession</MessageId>
        <Timestamp>2026-08-03T09:06:24</Timestamp>
      </MessageData>
    </MessageHeader>
    <Security xmlns="http://schemas.xmlsoap.org/ws/2002/12/secext">
      <BinarySecurityToken>Shared/IDL:IceSess\/SessMgr:1\.0.IDL/Common/!ICESMS\/RESF!ICESMSLB\/RES.LB!1785747927971!6359!517</BinarySecurityToken>
    </Security>
  </soap:Header>
  <soap:Body>
    <SabreCommandLLSRQ Version="2.0.0" ReturnHostCommand="true" xmlns="http://webservices.sabre.com/sabreXML/2011/10">
      <Request Output="SCREEN">
        <HostCommand>I</HostCommand>
      </Request>
    </SabreCommandLLSRQ>
  </soap:Body>
</soap:Envelope>]]></Request><Response><![CDATA[<?xml version="1.0" encoding="UTF-8"?>
<soap-env:Envelope xmlns:soap-env="http://schemas.xmlsoap.org/soap/envelope/"><soap-env:Header><eb:MessageHeader xmlns:eb="http://www.ebxml.org/namespaces/messageHeader" eb:version="1.0" soap-env:mustUnderstand="1"><eb:From><eb:PartyId eb:type="urn:x12.org.IO5:01">webservices.sabre.com</eb:PartyId></eb:From><eb:To><eb:PartyId eb:type="urn:x12.org.IO5:01">com.abacus.SWSSession</eb:PartyId></eb:To><eb:ConversationId>8dad8dff-8694-4589-95df-f8edec61d48c@com.abacus.SWSSession</eb:ConversationId><eb:Service eb:type="Sabre Trip Management">SabreCommandLLSRQ</eb:Service><eb:Action>SabreCommandLLSRS</eb:Action><eb:MessageData><eb:MessageId>3200678327833920480</eb:MessageId><eb:Timestamp>2026-08-03T09:06:23</eb:Timestamp><eb:RefToMessageId>11b68e0d-77a6-4e79-aa9c-ecde7ed47bfa@com.abacus.SWSSession</eb:RefToMessageId></eb:MessageData></eb:MessageHeader><wsse:Security xmlns:wsse="http://schemas.xmlsoap.org/ws/2002/12/secext"><wsse:BinarySecurityToken valueType="String" EncodingType="wsse:Base64Binary">Shared/IDL:IceSess\/SessMgr:1\.0.IDL/Common/!ICESMS\/RESF!ICESMSLB\/RES.LB!1785747927971!6359!517</wsse:BinarySecurityToken></wsse:Security></soap-env:Header><soap-env:Body><SabreCommandLLSRS xmlns="http://webservices.sabre.com/sabreXML/2011/10" xmlns:xs="http://www.w3.org/2001/XMLSchema" xmlns:xsi="http://www.w3.org/2001/XMLSchema-instance" xmlns:stl="http://services.sabre.com/STL/v01" Version="2.0.0">
 <stl:ApplicationResults status="Complete">
  <stl:Success timeStamp="2026-08-03T09:06:23Z">
   <stl:SystemSpecificResults>
    <stl:HostCommand LNIATA="641EEE">I</stl:HostCommand>
   </stl:SystemSpecificResults>
  </stl:Success>
 </stl:ApplicationResults>
 <Response>IGD </Response>
</SabreCommandLLSRS></soap-env:Body></soap-env:Envelope>]]></Response></ApiLog>","PCC:HO PCC|Command:I|HTTP:200|Status:SUCCESS","2026-08-03 14:36:23",,,0,"2026-08-03 14:36:23",0
4828,052e59d184944592b672,QueuePolling,0,,0,,SabreQueueMCP,QUEUE,QueueTextSource,QR,SUCCESS,"<ApiLog><Request><![CDATA[<?xml version="1.0" encoding="utf-8"?>
<soap:Envelope xmlns:soap="http://schemas.xmlsoap.org/soap/envelope/" xmlns:xsi="http://www.w3.org/2001/XMLSchema-instance" xmlns:xsd="http://www.w3.org/2001/XMLSchema">
  <soap:Header>
    <MessageHeader xmlns="http://www.ebxml.org/namespaces/messageHeader">
      <From>
        <PartyId d5p1:type="urn:x12.org.IO5:01" xmlns:d5p1="http://www.ebxml.org/namespaces/messageHeader">com.abacus.SWSSession</PartyId>
      </From>
      <To>
        <PartyId d5p1:type="urn:x12.org.IO5:01" xmlns:d5p1="http://www.ebxml.org/namespaces/messageHeader">webservices.sabre.com</PartyId>
      </To>
      <ConversationId>8dad8dff-8694-4589-95df-f8edec61d48c@com.abacus.SWSSession</ConversationId>
      <Service d4p1:type="Sabre Trip Management" xmlns:d4p1="http://www.ebxml.org/namespaces/messageHeader">SabreCommandLLSRQ</Service>
      <Action>SabreCommandLLSRQ</Action>
      <MessageData>
        <MessageId>ed7a38a7-d268-4ddd-af03-3bd02105b644@com.abacus.SWSSession</MessageId>
        <Timestamp>2026-08-03T09:06:23</Timestamp>
      </MessageData>
    </MessageHeader>
    <Security xmlns="http://schemas.xmlsoap.org/ws/2002/12/secext">
      <BinarySecurityToken>Shared/IDL:IceSess\/SessMgr:1\.0.IDL/Common/!ICESMS\/RESF!ICESMSLB\/RES.LB!1785747927971!6359!517</BinarySecurityToken>
    </Security>
  </soap:Header>
  <soap:Body>
    <SabreCommandLLSRQ Version="2.0.0" ReturnHostCommand="true" xmlns="http://webservices.sabre.com/sabreXML/2011/10">
      <Request Output="SCREEN">
        <HostCommand>QR</HostCommand>
      </Request>
    </SabreCommandLLSRQ>
  </soap:Body>
</soap:Envelope>]]></Request><Response><![CDATA[<?xml version="1.0" encoding="UTF-8"?>
<soap-env:Envelope xmlns:soap-env="http://schemas.xmlsoap.org/soap/envelope/"><soap-env:Header><eb:MessageHeader xmlns:eb="http://www.ebxml.org/namespaces/messageHeader" eb:version="1.0" soap-env:mustUnderstand="1"><eb:From><eb:PartyId eb:type="urn:x12.org.IO5:01">webservices.sabre.com</eb:PartyId></eb:From><eb:To><eb:PartyId eb:type="urn:x12.org.IO5:01">com.abacus.SWSSession</eb:PartyId></eb:To><eb:ConversationId>8dad8dff-8694-4589-95df-f8edec61d48c@com.abacus.SWSSession</eb:ConversationId><eb:Service eb:type="Sabre Trip Management">SabreCommandLLSRQ</eb:Service><eb:Action>SabreCommandLLSRS</eb:Action><eb:MessageData><eb:MessageId>3200500327816711030</eb:MessageId><eb:Timestamp>2026-08-03T09:06:21</eb:Timestamp><eb:RefToMessageId>ed7a38a7-d268-4ddd-af03-3bd02105b644@com.abacus.SWSSession</eb:RefToMessageId></eb:MessageData></eb:MessageHeader><wsse:Security xmlns:wsse="http://schemas.xmlsoap.org/ws/2002/12/secext"><wsse:BinarySecurityToken valueType="String" EncodingType="wsse:Base64Binary">Shared/IDL:IceSess\/SessMgr:1\.0.IDL/Common/!ICESMS\/RESF!ICESMSLB\/RES.LB!1785747927971!6359!517</wsse:BinarySecurityToken></wsse:Security></soap-env:Header><soap-env:Body><SabreCommandLLSRS xmlns="http://webservices.sabre.com/sabreXML/2011/10" xmlns:xs="http://www.w3.org/2001/XMLSchema" xmlns:xsi="http://www.w3.org/2001/XMLSchema-instance" xmlns:stl="http://services.sabre.com/STL/v01" Version="2.0.0">
 <stl:ApplicationResults status="Complete">
  <stl:Success timeStamp="2026-08-03T09:06:21Z">
   <stl:SystemSpecificResults>
    <stl:HostCommand LNIATA="641EEE">QR</stl:HostCommand>
   </stl:SystemSpecificResults>
  </stl:Success>
 </stl:ApplicationResults>
 <Response>CANNOT DO THIS IF OFF QUEUE
</Response>
</SabreCommandLLSRS></soap-env:Body></soap-env:Envelope>]]></Response></ApiLog>","PCC:HO PCC|Command:QR|HTTP:200|Status:SUCCESS","2026-08-03 14:36:22",,,0,"2026-08-03 14:36:22",0
4829,052e59d184944592b672,QueuePolling,0,,0,,SabreQueueMCP,QUEUE,QueueTextSource,I,SUCCESS,"<ApiLog><Request><![CDATA[<?xml version="1.0" encoding="utf-8"?>
<soap:Envelope xmlns:soap="http://schemas.xmlsoap.org/soap/envelope/" xmlns:xsi="http://www.w3.org/2001/XMLSchema-instance" xmlns:xsd="http://www.w3.org/2001/XMLSchema">
  <soap:Header>
    <MessageHeader xmlns="http://www.ebxml.org/namespaces/messageHeader">
      <From>
        <PartyId d5p1:type="urn:x12.org.IO5:01" xmlns:d5p1="http://www.ebxml.org/namespaces/messageHeader">com.abacus.SWSSession</PartyId>
      </From>
      <To>
        <PartyId d5p1:type="urn:x12.org.IO5:01" xmlns:d5p1="http://www.ebxml.org/namespaces/messageHeader">webservices.sabre.com</PartyId>
      </To>
      <ConversationId>8dad8dff-8694-4589-95df-f8edec61d48c@com.abacus.SWSSession</ConversationId>
      <Service d4p1:type="Sabre Trip Management" xmlns:d4p1="http://www.ebxml.org/namespaces/messageHeader">SabreCommandLLSRQ</Service>
      <Action>SabreCommandLLSRQ</Action>
      <MessageData>
        <MessageId>91fc9255-273a-433a-b6a4-716c16d260ad@com.abacus.SWSSession</MessageId>
        <Timestamp>2026-08-03T09:06:23</Timestamp>
      </MessageData>
    </MessageHeader>
    <Security xmlns="http://schemas.xmlsoap.org/ws/2002/12/secext">
      <BinarySecurityToken>Shared/IDL:IceSess\/SessMgr:1\.0.IDL/Common/!ICESMS\/RESF!ICESMSLB\/RES.LB!1785747927971!6359!517</BinarySecurityToken>
    </Security>
  </soap:Header>
  <soap:Body>
    <SabreCommandLLSRQ Version="2.0.0" ReturnHostCommand="true" xmlns="http://webservices.sabre.com/sabreXML/2011/10">
      <Request Output="SCREEN">
        <HostCommand>I</HostCommand>
      </Request>
    </SabreCommandLLSRQ>
  </soap:Body>
</soap:Envelope>]]></Request><Response><![CDATA[<?xml version="1.0" encoding="UTF-8"?>
<soap-env:Envelope xmlns:soap-env="http://schemas.xmlsoap.org/soap/envelope/"><soap-env:Header><eb:MessageHeader xmlns:eb="http://www.ebxml.org/namespaces/messageHeader" eb:version="1.0" soap-env:mustUnderstand="1"><eb:From><eb:PartyId eb:type="urn:x12.org.IO5:01">webservices.sabre.com</eb:PartyId></eb:From><eb:To><eb:PartyId eb:type="urn:x12.org.IO5:01">com.abacus.SWSSession</eb:PartyId></eb:To><eb:ConversationId>8dad8dff-8694-4589-95df-f8edec61d48c@com.abacus.SWSSession</eb:ConversationId><eb:Service eb:type="Sabre Trip Management">SabreCommandLLSRQ</eb:Service><eb:Action>SabreCommandLLSRS</eb:Action><eb:MessageData><eb:MessageId>3200558327822002170</eb:MessageId><eb:Timestamp>2026-08-03T09:06:22</eb:Timestamp><eb:RefToMessageId>91fc9255-273a-433a-b6a4-716c16d260ad@com.abacus.SWSSession</eb:RefToMessageId></eb:MessageData></eb:MessageHeader><wsse:Security xmlns:wsse="http://schemas.xmlsoap.org/ws/2002/12/secext"><wsse:BinarySecurityToken valueType="String" EncodingType="wsse:Base64Binary">Shared/IDL:IceSess\/SessMgr:1\.0.IDL/Common/!ICESMS\/RESF!ICESMSLB\/RES.LB!1785747927971!6359!517</wsse:BinarySecurityToken></wsse:Security></soap-env:Header><soap-env:Body><SabreCommandLLSRS xmlns="http://webservices.sabre.com/sabreXML/2011/10" xmlns:xs="http://www.w3.org/2001/XMLSchema" xmlns:xsi="http://www.w3.org/2001/XMLSchema-instance" xmlns:stl="http://services.sabre.com/STL/v01" Version="2.0.0">
 <stl:ApplicationResults status="Complete">
  <stl:Success timeStamp="2026-08-03T09:06:22Z">
   <stl:SystemSpecificResults>
    <stl:HostCommand LNIATA="641EEE">I</stl:HostCommand>
   </stl:SystemSpecificResults>
  </stl:Success>
 </stl:ApplicationResults>
 <Response>IGD </Response>
</SabreCommandLLSRS></soap-env:Body></soap-env:Envelope>]]></Response></ApiLog>","PCC:HO PCC|Command:I|HTTP:200|Status:SUCCESS","2026-08-03 14:36:22",,,0,"2026-08-03 14:36:22",0
4830,052e59d184944592b672,QueuePolling,0,,0,,SabreQueueMCP,QUEUE,QueueTextSource,EWR,SUCCESS,"<ApiLog><Request><![CDATA[<?xml version="1.0" encoding="utf-8"?>
<soap:Envelope xmlns:soap="http://schemas.xmlsoap.org/soap/envelope/" xmlns:xsi="http://www.w3.org/2001/XMLSchema-instance" xmlns:xsd="http://www.w3.org/2001/XMLSchema">
  <soap:Header>
    <MessageHeader xmlns="http://www.ebxml.org/namespaces/messageHeader">
      <From>
        <PartyId d5p1:type="urn:x12.org.IO5:01" xmlns:d5p1="http://www.ebxml.org/namespaces/messageHeader">com.abacus.SWSSession</PartyId>
      </From>
      <To>
        <PartyId d5p1:type="urn:x12.org.IO5:01" xmlns:d5p1="http://www.ebxml.org/namespaces/messageHeader">webservices.sabre.com</PartyId>
      </To>
      <ConversationId>8dad8dff-8694-4589-95df-f8edec61d48c@com.abacus.SWSSession</ConversationId>
      <Service d4p1:type="Sabre Trip Management" xmlns:d4p1="http://www.ebxml.org/namespaces/messageHeader">SabreCommandLLSRQ</Service>
      <Action>SabreCommandLLSRQ</Action>
      <MessageData>
        <MessageId>9a7b0e07-5e78-4a71-a37c-a12443cc7972@com.abacus.SWSSession</MessageId>
        <Timestamp>2026-08-03T09:06:24</Timestamp>
      </MessageData>
    </MessageHeader>
    <Security xmlns="http://schemas.xmlsoap.org/ws/2002/12/secext">
      <BinarySecurityToken>Shared/IDL:IceSess\/SessMgr:1\.0.IDL/Common/!ICESMS\/RESF!ICESMSLB\/RES.LB!1785747927971!6359!517</BinarySecurityToken>
    </Security>
  </soap:Header>
  <soap:Body>
    <SabreCommandLLSRQ Version="2.0.0" ReturnHostCommand="true" xmlns="http://webservices.sabre.com/sabreXML/2011/10">
      <Request Output="SCREEN">
        <HostCommand>EWR</HostCommand>
      </Request>
    </SabreCommandLLSRQ>
  </soap:Body>
</soap:Envelope>]]></Request><Response><![CDATA[<?xml version="1.0" encoding="UTF-8"?>
<soap-env:Envelope xmlns:soap-env="http://schemas.xmlsoap.org/soap/envelope/"><soap-env:Header><eb:MessageHeader xmlns:eb="http://www.ebxml.org/namespaces/messageHeader" eb:version="1.0" soap-env:mustUnderstand="1"><eb:From><eb:PartyId eb:type="urn:x12.org.IO5:01">webservices.sabre.com</eb:PartyId></eb:From><eb:To><eb:PartyId eb:type="urn:x12.org.IO5:01">com.abacus.SWSSession</eb:PartyId></eb:To><eb:ConversationId>8dad8dff-8694-4589-95df-f8edec61d48c@com.abacus.SWSSession</eb:ConversationId><eb:Service eb:type="Sabre Trip Management">SabreCommandLLSRQ</eb:Service><eb:Action>SabreCommandLLSRS</eb:Action><eb:MessageData><eb:MessageId>3200602327825780320</eb:MessageId><eb:Timestamp>2026-08-03T09:06:22</eb:Timestamp><eb:RefToMessageId>9a7b0e07-5e78-4a71-a37c-a12443cc7972@com.abacus.SWSSession</eb:RefToMessageId></eb:MessageData></eb:MessageHeader><wsse:Security xmlns:wsse="http://schemas.xmlsoap.org/ws/2002/12/secext"><wsse:BinarySecurityToken valueType="String" EncodingType="wsse:Base64Binary">Shared/IDL:IceSess\/SessMgr:1\.0.IDL/Common/!ICESMS\/RESF!ICESMSLB\/RES.LB!1785747927971!6359!517</wsse:BinarySecurityToken></wsse:Security></soap-env:Header><soap-env:Body><SabreCommandLLSRS xmlns="http://webservices.sabre.com/sabreXML/2011/10" xmlns:xs="http://www.w3.org/2001/XMLSchema" xmlns:xsi="http://www.w3.org/2001/XMLSchema-instance" xmlns:stl="http://services.sabre.com/STL/v01" Version="2.0.0">
 <stl:ApplicationResults status="Complete">
  <stl:Success timeStamp="2026-08-03T09:06:22Z">
   <stl:SystemSpecificResults>
    <stl:HostCommand LNIATA="641EEE">EWR</stl:HostCommand>
   </stl:SystemSpecificResults>
  </stl:Success>
 </stl:ApplicationResults>
 <Response>ITINERARY REQUIRED TO COMPLETE TRANSACTION</Response>
</SabreCommandLLSRS></soap-env:Body></soap-env:Envelope>]]></Response></ApiLog>","PCC:HO PCC|Command:EWR|HTTP:200|Status:SUCCESS","2026-08-03 14:36:22",,,0,"2026-08-03 14:36:22",0
4826,052e59d184944592b672,QueuePolling,0,,0,,SabreQueueMCP,QUEUE,QueueTextSource,I,SUCCESS,"<ApiLog><Request><![CDATA[<?xml version="1.0" encoding="utf-8"?>
<soap:Envelope xmlns:soap="http://schemas.xmlsoap.org/soap/envelope/" xmlns:xsi="http://www.w3.org/2001/XMLSchema-instance" xmlns:xsd="http://www.w3.org/2001/XMLSchema">
  <soap:Header>
    <MessageHeader xmlns="http://www.ebxml.org/namespaces/messageHeader">
      <From>
        <PartyId d5p1:type="urn:x12.org.IO5:01" xmlns:d5p1="http://www.ebxml.org/namespaces/messageHeader">com.abacus.SWSSession</PartyId>
      </From>
      <To>
        <PartyId d5p1:type="urn:x12.org.IO5:01" xmlns:d5p1="http://www.ebxml.org/namespaces/messageHeader">webservices.sabre.com</PartyId>
      </To>
      <ConversationId>8dad8dff-8694-4589-95df-f8edec61d48c@com.abacus.SWSSession</ConversationId>
      <Service d4p1:type="Sabre Trip Management" xmlns:d4p1="http://www.ebxml.org/namespaces/messageHeader">SabreCommandLLSRQ</Service>
      <Action>SabreCommandLLSRQ</Action>
      <MessageData>
        <MessageId>ca053f46-72b7-479b-98b9-a022608ad4c1@com.abacus.SWSSession</MessageId>
        <Timestamp>2026-08-03T09:06:22</Timestamp>
      </MessageData>
    </MessageHeader>
    <Security xmlns="http://schemas.xmlsoap.org/ws/2002/12/secext">
      <BinarySecurityToken>Shared/IDL:IceSess\/SessMgr:1\.0.IDL/Common/!ICESMS\/RESF!ICESMSLB\/RES.LB!1785747927971!6359!517</BinarySecurityToken>
    </Security>
  </soap:Header>
  <soap:Body>
    <SabreCommandLLSRQ Version="2.0.0" ReturnHostCommand="true" xmlns="http://webservices.sabre.com/sabreXML/2011/10">
      <Request Output="SCREEN">
        <HostCommand>I</HostCommand>
      </Request>
    </SabreCommandLLSRQ>
  </soap:Body>
</soap:Envelope>]]></Request><Response><![CDATA[<?xml version="1.0" encoding="UTF-8"?>
<soap-env:Envelope xmlns:soap-env="http://schemas.xmlsoap.org/soap/envelope/"><soap-env:Header><eb:MessageHeader xmlns:eb="http://www.ebxml.org/namespaces/messageHeader" eb:version="1.0" soap-env:mustUnderstand="1"><eb:From><eb:PartyId eb:type="urn:x12.org.IO5:01">webservices.sabre.com</eb:PartyId></eb:From><eb:To><eb:PartyId eb:type="urn:x12.org.IO5:01">com.abacus.SWSSession</eb:PartyId></eb:To><eb:ConversationId>8dad8dff-8694-4589-95df-f8edec61d48c@com.abacus.SWSSession</eb:ConversationId><eb:Service eb:type="Sabre Trip Management">SabreCommandLLSRQ</eb:Service><eb:Action>SabreCommandLLSRS</eb:Action><eb:MessageData><eb:MessageId>3200411327807912200</eb:MessageId><eb:Timestamp>2026-08-03T09:06:20</eb:Timestamp><eb:RefToMessageId>ca053f46-72b7-479b-98b9-a022608ad4c1@com.abacus.SWSSession</eb:RefToMessageId></eb:MessageData></eb:MessageHeader><wsse:Security xmlns:wsse="http://schemas.xmlsoap.org/ws/2002/12/secext"><wsse:BinarySecurityToken valueType="String" EncodingType="wsse:Base64Binary">Shared/IDL:IceSess\/SessMgr:1\.0.IDL/Common/!ICESMS\/RESF!ICESMSLB\/RES.LB!1785747927971!6359!517</wsse:BinarySecurityToken></wsse:Security></soap-env:Header><soap-env:Body><SabreCommandLLSRS xmlns="http://webservices.sabre.com/sabreXML/2011/10" xmlns:xs="http://www.w3.org/2001/XMLSchema" xmlns:xsi="http://www.w3.org/2001/XMLSchema-instance" xmlns:stl="http://services.sabre.com/STL/v01" Version="2.0.0">
 <stl:ApplicationResults status="Complete">
  <stl:Success timeStamp="2026-08-03T09:06:20Z">
   <stl:SystemSpecificResults>
    <stl:HostCommand LNIATA="641EEE">I</stl:HostCommand>
   </stl:SystemSpecificResults>
  </stl:Success>
 </stl:ApplicationResults>
 <Response>IGD </Response>
</SabreCommandLLSRS></soap-env:Body></soap-env:Envelope>]]></Response></ApiLog>","PCC:HO PCC|Command:I|HTTP:200|Status:SUCCESS","2026-08-03 14:36:21",,,0,"2026-08-03 14:36:21",0
4827,052e59d184944592b672,QueuePolling,0,,0,,SabreQueueMCP,QUEUE,QueueTextSource,EWR,SUCCESS,"<ApiLog><Request><![CDATA[<?xml version="1.0" encoding="utf-8"?>
<soap:Envelope xmlns:soap="http://schemas.xmlsoap.org/soap/envelope/" xmlns:xsi="http://www.w3.org/2001/XMLSchema-instance" xmlns:xsd="http://www.w3.org/2001/XMLSchema">
  <soap:Header>
    <MessageHeader xmlns="http://www.ebxml.org/namespaces/messageHeader">
      <From>
        <PartyId d5p1:type="urn:x12.org.IO5:01" xmlns:d5p1="http://www.ebxml.org/namespaces/messageHeader">com.abacus.SWSSession</PartyId>
      </From>
      <To>
        <PartyId d5p1:type="urn:x12.org.IO5:01" xmlns:d5p1="http://www.ebxml.org/namespaces/messageHeader">webservices.sabre.com</PartyId>
      </To>
      <ConversationId>8dad8dff-8694-4589-95df-f8edec61d48c@com.abacus.SWSSession</ConversationId>
      <Service d4p1:type="Sabre Trip Management" xmlns:d4p1="http://www.ebxml.org/namespaces/messageHeader">SabreCommandLLSRQ</Service>
      <Action>SabreCommandLLSRQ</Action>
      <MessageData>
        <MessageId>f7340b14-fd95-4e04-baf3-122e783f1607@com.abacus.SWSSession</MessageId>
        <Timestamp>2026-08-03T09:06:22</Timestamp>
      </MessageData>
    </MessageHeader>
    <Security xmlns="http://schemas.xmlsoap.org/ws/2002/12/secext">
      <BinarySecurityToken>Shared/IDL:IceSess\/SessMgr:1\.0.IDL/Common/!ICESMS\/RESF!ICESMSLB\/RES.LB!1785747927971!6359!517</BinarySecurityToken>
    </Security>
  </soap:Header>
  <soap:Body>
    <SabreCommandLLSRQ Version="2.0.0" ReturnHostCommand="true" xmlns="http://webservices.sabre.com/sabreXML/2011/10">
      <Request Output="SCREEN">
        <HostCommand>EWR</HostCommand>
      </Request>
    </SabreCommandLLSRQ>
  </soap:Body>
</soap:Envelope>]]></Request><Response><![CDATA[<?xml version="1.0" encoding="UTF-8"?>
<soap-env:Envelope xmlns:soap-env="http://schemas.xmlsoap.org/soap/envelope/"><soap-env:Header><eb:MessageHeader xmlns:eb="http://www.ebxml.org/namespaces/messageHeader" eb:version="1.0" soap-env:mustUnderstand="1"><eb:From><eb:PartyId eb:type="urn:x12.org.IO5:01">webservices.sabre.com</eb:PartyId></eb:From><eb:To><eb:PartyId eb:type="urn:x12.org.IO5:01">com.abacus.SWSSession</eb:PartyId></eb:To><eb:ConversationId>8dad8dff-8694-4589-95df-f8edec61d48c@com.abacus.SWSSession</eb:ConversationId><eb:Service eb:type="Sabre Trip Management">SabreCommandLLSRQ</eb:Service><eb:Action>SabreCommandLLSRS</eb:Action><eb:MessageData><eb:MessageId>3200450327812481590</eb:MessageId><eb:Timestamp>2026-08-03T09:06:21</eb:Timestamp><eb:RefToMessageId>f7340b14-fd95-4e04-baf3-122e783f1607@com.abacus.SWSSession</eb:RefToMessageId></eb:MessageData></eb:MessageHeader><wsse:Security xmlns:wsse="http://schemas.xmlsoap.org/ws/2002/12/secext"><wsse:BinarySecurityToken valueType="String" EncodingType="wsse:Base64Binary">Shared/IDL:IceSess\/SessMgr:1\.0.IDL/Common/!ICESMS\/RESF!ICESMSLB\/RES.LB!1785747927971!6359!517</wsse:BinarySecurityToken></wsse:Security></soap-env:Header><soap-env:Body><SabreCommandLLSRS xmlns="http://webservices.sabre.com/sabreXML/2011/10" xmlns:xs="http://www.w3.org/2001/XMLSchema" xmlns:xsi="http://www.w3.org/2001/XMLSchema-instance" xmlns:stl="http://services.sabre.com/STL/v01" Version="2.0.0">
 <stl:ApplicationResults status="Complete">
  <stl:Success timeStamp="2026-08-03T09:06:21Z">
   <stl:SystemSpecificResults>
    <stl:HostCommand LNIATA="641EEE">EWR</stl:HostCommand>
   </stl:SystemSpecificResults>
  </stl:Success>
 </stl:ApplicationResults>
 <Response>ITINERARY REQUIRED TO COMPLETE TRANSACTION</Response>
</SabreCommandLLSRS></soap-env:Body></soap-env:Envelope>]]></Response></ApiLog>","PCC:HO PCC|Command:EWR|HTTP:200|Status:SUCCESS","2026-08-03 14:36:21",,,0,"2026-08-03 14:36:21",0
4824,052e59d184944592b672,QueuePolling,0,,0,,SabreQueueMCP,QUEUE,QueueTextSource,EWR,SUCCESS,"<ApiLog><Request><![CDATA[<?xml version="1.0" encoding="utf-8"?>
<soap:Envelope xmlns:soap="http://schemas.xmlsoap.org/soap/envelope/" xmlns:xsi="http://www.w3.org/2001/XMLSchema-instance" xmlns:xsd="http://www.w3.org/2001/XMLSchema">
  <soap:Header>
    <MessageHeader xmlns="http://www.ebxml.org/namespaces/messageHeader">
      <From>
        <PartyId d5p1:type="urn:x12.org.IO5:01" xmlns:d5p1="http://www.ebxml.org/namespaces/messageHeader">com.abacus.SWSSession</PartyId>
      </From>
      <To>
        <PartyId d5p1:type="urn:x12.org.IO5:01" xmlns:d5p1="http://www.ebxml.org/namespaces/messageHeader">webservices.sabre.com</PartyId>
      </To>
      <ConversationId>8dad8dff-8694-4589-95df-f8edec61d48c@com.abacus.SWSSession</ConversationId>
      <Service d4p1:type="Sabre Trip Management" xmlns:d4p1="http://www.ebxml.org/namespaces/messageHeader">SabreCommandLLSRQ</Service>
      <Action>SabreCommandLLSRQ</Action>
      <MessageData>
        <MessageId>449c43bc-1a5b-47f5-b759-062fb8bc7ac0@com.abacus.SWSSession</MessageId>
        <Timestamp>2026-08-03T09:06:21</Timestamp>
      </MessageData>
    </MessageHeader>
    <Security xmlns="http://schemas.xmlsoap.org/ws/2002/12/secext">
      <BinarySecurityToken>Shared/IDL:IceSess\/SessMgr:1\.0.IDL/Common/!ICESMS\/RESF!ICESMSLB\/RES.LB!1785747927971!6359!517</BinarySecurityToken>
    </Security>
  </soap:Header>
  <soap:Body>
    <SabreCommandLLSRQ Version="2.0.0" ReturnHostCommand="true" xmlns="http://webservices.sabre.com/sabreXML/2011/10">
      <Request Output="SCREEN">
        <HostCommand>EWR</HostCommand>
      </Request>
    </SabreCommandLLSRQ>
  </soap:Body>
</soap:Envelope>]]></Request><Response><![CDATA[<?xml version="1.0" encoding="UTF-8"?>
<soap-env:Envelope xmlns:soap-env="http://schemas.xmlsoap.org/soap/envelope/"><soap-env:Header><eb:MessageHeader xmlns:eb="http://www.ebxml.org/namespaces/messageHeader" eb:version="1.0" soap-env:mustUnderstand="1"><eb:From><eb:PartyId eb:type="urn:x12.org.IO5:01">webservices.sabre.com</eb:PartyId></eb:From><eb:To><eb:PartyId eb:type="urn:x12.org.IO5:01">com.abacus.SWSSession</eb:PartyId></eb:To><eb:ConversationId>8dad8dff-8694-4589-95df-f8edec61d48c@com.abacus.SWSSession</eb:ConversationId><eb:Service eb:type="Sabre Trip Management">SabreCommandLLSRQ</eb:Service><eb:Action>SabreCommandLLSRS</eb:Action><eb:MessageData><eb:MessageId>3200316327800291450</eb:MessageId><eb:Timestamp>2026-08-03T09:06:20</eb:Timestamp><eb:RefToMessageId>449c43bc-1a5b-47f5-b759-062fb8bc7ac0@com.abacus.SWSSession</eb:RefToMessageId></eb:MessageData></eb:MessageHeader><wsse:Security xmlns:wsse="http://schemas.xmlsoap.org/ws/2002/12/secext"><wsse:BinarySecurityToken valueType="String" EncodingType="wsse:Base64Binary">Shared/IDL:IceSess\/SessMgr:1\.0.IDL/Common/!ICESMS\/RESF!ICESMSLB\/RES.LB!1785747927971!6359!517</wsse:BinarySecurityToken></wsse:Security></soap-env:Header><soap-env:Body><SabreCommandLLSRS xmlns="http://webservices.sabre.com/sabreXML/2011/10" xmlns:xs="http://www.w3.org/2001/XMLSchema" xmlns:xsi="http://www.w3.org/2001/XMLSchema-instance" xmlns:stl="http://services.sabre.com/STL/v01" Version="2.0.0">
 <stl:ApplicationResults status="Complete">
  <stl:Success timeStamp="2026-08-03T09:06:20Z">
   <stl:SystemSpecificResults>
    <stl:HostCommand LNIATA="641EEE">EWR</stl:HostCommand>
   </stl:SystemSpecificResults>
  </stl:Success>
 </stl:ApplicationResults>
 <Response>ITINERARY REQUIRED TO COMPLETE TRANSACTION</Response>
</SabreCommandLLSRS></soap-env:Body></soap-env:Envelope>]]></Response></ApiLog>","PCC:HO PCC|Command:EWR|HTTP:200|Status:SUCCESS","2026-08-03 14:36:20",,,0,"2026-08-03 14:36:20",0
4825,052e59d184944592b672,QueuePolling,0,,0,,SabreQueueMCP,QUEUE,QueueTextSource,QR,SUCCESS,"<ApiLog><Request><![CDATA[<?xml version="1.0" encoding="utf-8"?>
<soap:Envelope xmlns:soap="http://schemas.xmlsoap.org/soap/envelope/" xmlns:xsi="http://www.w3.org/2001/XMLSchema-instance" xmlns:xsd="http://www.w3.org/2001/XMLSchema">
  <soap:Header>
    <MessageHeader xmlns="http://www.ebxml.org/namespaces/messageHeader">
      <From>
        <PartyId d5p1:type="urn:x12.org.IO5:01" xmlns:d5p1="http://www.ebxml.org/namespaces/messageHeader">com.abacus.SWSSession</PartyId>
      </From>
      <To>
        <PartyId d5p1:type="urn:x12.org.IO5:01" xmlns:d5p1="http://www.ebxml.org/namespaces/messageHeader">webservices.sabre.com</PartyId>
      </To>
      <ConversationId>8dad8dff-8694-4589-95df-f8edec61d48c@com.abacus.SWSSession</ConversationId>
      <Service d4p1:type="Sabre Trip Management" xmlns:d4p1="http://www.ebxml.org/namespaces/messageHeader">SabreCommandLLSRQ</Service>
      <Action>SabreCommandLLSRQ</Action>
      <MessageData>
        <MessageId>e9b10316-63b9-4fff-96e3-f2f263a2e35a@com.abacus.SWSSession</MessageId>
        <Timestamp>2026-08-03T09:06:21</Timestamp>
      </MessageData>
    </MessageHeader>
    <Security xmlns="http://schemas.xmlsoap.org/ws/2002/12/secext">
      <BinarySecurityToken>Shared/IDL:IceSess\/SessMgr:1\.0.IDL/Common/!ICESMS\/RESF!ICESMSLB\/RES.LB!1785747927971!6359!517</BinarySecurityToken>
    </Security>
  </soap:Header>
  <soap:Body>
    <SabreCommandLLSRQ Version="2.0.0" ReturnHostCommand="true" xmlns="http://webservices.sabre.com/sabreXML/2011/10">
      <Request Output="SCREEN">
        <HostCommand>QR</HostCommand>
      </Request>
    </SabreCommandLLSRQ>
  </soap:Body>
</soap:Envelope>]]></Request><Response><![CDATA[<?xml version="1.0" encoding="UTF-8"?>
<soap-env:Envelope xmlns:soap-env="http://schemas.xmlsoap.org/soap/envelope/"><soap-env:Header><eb:MessageHeader xmlns:eb="http://www.ebxml.org/namespaces/messageHeader" eb:version="1.0" soap-env:mustUnderstand="1"><eb:From><eb:PartyId eb:type="urn:x12.org.IO5:01">webservices.sabre.com</eb:PartyId></eb:From><eb:To><eb:PartyId eb:type="urn:x12.org.IO5:01">com.abacus.SWSSession</eb:PartyId></eb:To><eb:ConversationId>8dad8dff-8694-4589-95df-f8edec61d48c@com.abacus.SWSSession</eb:ConversationId><eb:Service eb:type="Sabre Trip Management">SabreCommandLLSRQ</eb:Service><eb:Action>SabreCommandLLSRS</eb:Action><eb:MessageData><eb:MessageId>3200356327804240370</eb:MessageId><eb:Timestamp>2026-08-03T09:06:20</eb:Timestamp><eb:RefToMessageId>e9b10316-63b9-4fff-96e3-f2f263a2e35a@com.abacus.SWSSession</eb:RefToMessageId></eb:MessageData></eb:MessageHeader><wsse:Security xmlns:wsse="http://schemas.xmlsoap.org/ws/2002/12/secext"><wsse:BinarySecurityToken valueType="String" EncodingType="wsse:Base64Binary">Shared/IDL:IceSess\/SessMgr:1\.0.IDL/Common/!ICESMS\/RESF!ICESMSLB\/RES.LB!1785747927971!6359!517</wsse:BinarySecurityToken></wsse:Security></soap-env:Header><soap-env:Body><SabreCommandLLSRS xmlns="http://webservices.sabre.com/sabreXML/2011/10" xmlns:xs="http://www.w3.org/2001/XMLSchema" xmlns:xsi="http://www.w3.org/2001/XMLSchema-instance" xmlns:stl="http://services.sabre.com/STL/v01" Version="2.0.0">
 <stl:ApplicationResults status="Complete">
  <stl:Success timeStamp="2026-08-03T09:06:20Z">
   <stl:SystemSpecificResults>
    <stl:HostCommand LNIATA="641EEE">QR</stl:HostCommand>
   </stl:SystemSpecificResults>
  </stl:Success>
 </stl:ApplicationResults>
 <Response>CANNOT DO THIS IF OFF QUEUE
</Response>
</SabreCommandLLSRS></soap-env:Body></soap-env:Envelope>]]></Response></ApiLog>","PCC:HO PCC|Command:QR|HTTP:200|Status:SUCCESS","2026-08-03 14:36:20",,,0,"2026-08-03 14:36:20",0
4822,052e59d184944592b672,QueuePolling,0,,0,,SabreQueueMCP,QUEUE,QueueTextSource,QR,SUCCESS,"<ApiLog><Request><![CDATA[<?xml version="1.0" encoding="utf-8"?>
<soap:Envelope xmlns:soap="http://schemas.xmlsoap.org/soap/envelope/" xmlns:xsi="http://www.w3.org/2001/XMLSchema-instance" xmlns:xsd="http://www.w3.org/2001/XMLSchema">
  <soap:Header>
    <MessageHeader xmlns="http://www.ebxml.org/namespaces/messageHeader">
      <From>
        <PartyId d5p1:type="urn:x12.org.IO5:01" xmlns:d5p1="http://www.ebxml.org/namespaces/messageHeader">com.abacus.SWSSession</PartyId>
      </From>
      <To>
        <PartyId d5p1:type="urn:x12.org.IO5:01" xmlns:d5p1="http://www.ebxml.org/namespaces/messageHeader">webservices.sabre.com</PartyId>
      </To>
      <ConversationId>8dad8dff-8694-4589-95df-f8edec61d48c@com.abacus.SWSSession</ConversationId>
      <Service d4p1:type="Sabre Trip Management" xmlns:d4p1="http://www.ebxml.org/namespaces/messageHeader">SabreCommandLLSRQ</Service>
      <Action>SabreCommandLLSRQ</Action>
      <MessageData>
        <MessageId>5d3253dc-dc8c-4036-9d52-0b44033c1b69@com.abacus.SWSSession</MessageId>
        <Timestamp>2026-08-03T09:06:20</Timestamp>
      </MessageData>
    </MessageHeader>
    <Security xmlns="http://schemas.xmlsoap.org/ws/2002/12/secext">
      <BinarySecurityToken>Shared/IDL:IceSess\/SessMgr:1\.0.IDL/Common/!ICESMS\/RESF!ICESMSLB\/RES.LB!1785747927971!6359!517</BinarySecurityToken>
    </Security>
  </soap:Header>
  <soap:Body>
    <SabreCommandLLSRQ Version="2.0.0" ReturnHostCommand="true" xmlns="http://webservices.sabre.com/sabreXML/2011/10">
      <Request Output="SCREEN">
        <HostCommand>QR</HostCommand>
      </Request>
    </SabreCommandLLSRQ>
  </soap:Body>
</soap:Envelope>]]></Request><Response><![CDATA[<?xml version="1.0" encoding="UTF-8"?>
<soap-env:Envelope xmlns:soap-env="http://schemas.xmlsoap.org/soap/envelope/"><soap-env:Header><eb:MessageHeader xmlns:eb="http://www.ebxml.org/namespaces/messageHeader" eb:version="1.0" soap-env:mustUnderstand="1"><eb:From><eb:PartyId eb:type="urn:x12.org.IO5:01">webservices.sabre.com</eb:PartyId></eb:From><eb:To><eb:PartyId eb:type="urn:x12.org.IO5:01">com.abacus.SWSSession</eb:PartyId></eb:To><eb:ConversationId>8dad8dff-8694-4589-95df-f8edec61d48c@com.abacus.SWSSession</eb:ConversationId><eb:Service eb:type="Sabre Trip Management">SabreCommandLLSRQ</eb:Service><eb:Action>SabreCommandLLSRS</eb:Action><eb:MessageData><eb:MessageId>3200218327790951010</eb:MessageId><eb:Timestamp>2026-08-03T09:06:19</eb:Timestamp><eb:RefToMessageId>5d3253dc-dc8c-4036-9d52-0b44033c1b69@com.abacus.SWSSession</eb:RefToMessageId></eb:MessageData></eb:MessageHeader><wsse:Security xmlns:wsse="http://schemas.xmlsoap.org/ws/2002/12/secext"><wsse:BinarySecurityToken valueType="String" EncodingType="wsse:Base64Binary">Shared/IDL:IceSess\/SessMgr:1\.0.IDL/Common/!ICESMS\/RESF!ICESMSLB\/RES.LB!1785747927971!6359!517</wsse:BinarySecurityToken></wsse:Security></soap-env:Header><soap-env:Body><SabreCommandLLSRS xmlns="http://webservices.sabre.com/sabreXML/2011/10" xmlns:xs="http://www.w3.org/2001/XMLSchema" xmlns:xsi="http://www.w3.org/2001/XMLSchema-instance" xmlns:stl="http://services.sabre.com/STL/v01" Version="2.0.0">
 <stl:ApplicationResults status="Complete">
  <stl:Success timeStamp="2026-08-03T09:06:19Z">
   <stl:SystemSpecificResults>
    <stl:HostCommand LNIATA="641EEE">QR</stl:HostCommand>
   </stl:SystemSpecificResults>
  </stl:Success>
 </stl:ApplicationResults>
 <Response>CANNOT DO THIS IF OFF QUEUE
</Response>
</SabreCommandLLSRS></soap-env:Body></soap-env:Envelope>]]></Response></ApiLog>","PCC:HO PCC|Command:QR|HTTP:200|Status:SUCCESS","2026-08-03 14:36:19",,,0,"2026-08-03 14:36:19",0
4823,052e59d184944592b672,QueuePolling,0,,0,,SabreQueueMCP,QUEUE,QueueTextSource,I,SUCCESS,"<ApiLog><Request><![CDATA[<?xml version="1.0" encoding="utf-8"?>
<soap:Envelope xmlns:soap="http://schemas.xmlsoap.org/soap/envelope/" xmlns:xsi="http://www.w3.org/2001/XMLSchema-instance" xmlns:xsd="http://www.w3.org/2001/XMLSchema">
  <soap:Header>
    <MessageHeader xmlns="http://www.ebxml.org/namespaces/messageHeader">
      <From>
        <PartyId d5p1:type="urn:x12.org.IO5:01" xmlns:d5p1="http://www.ebxml.org/namespaces/messageHeader">com.abacus.SWSSession</PartyId>
      </From>
      <To>
        <PartyId d5p1:type="urn:x12.org.IO5:01" xmlns:d5p1="http://www.ebxml.org/namespaces/messageHeader">webservices.sabre.com</PartyId>
      </To>
      <ConversationId>8dad8dff-8694-4589-95df-f8edec61d48c@com.abacus.SWSSession</ConversationId>
      <Service d4p1:type="Sabre Trip Management" xmlns:d4p1="http://www.ebxml.org/namespaces/messageHeader">SabreCommandLLSRQ</Service>
      <Action>SabreCommandLLSRQ</Action>
      <MessageData>
        <MessageId>86f9eaca-db27-41e2-9c57-3ca88c363380@com.abacus.SWSSession</MessageId>
        <Timestamp>2026-08-03T09:06:21</Timestamp>
      </MessageData>
    </MessageHeader>
    <Security xmlns="http://schemas.xmlsoap.org/ws/2002/12/secext">
      <BinarySecurityToken>Shared/IDL:IceSess\/SessMgr:1\.0.IDL/Common/!ICESMS\/RESF!ICESMSLB\/RES.LB!1785747927971!6359!517</BinarySecurityToken>
    </Security>
  </soap:Header>
  <soap:Body>
    <SabreCommandLLSRQ Version="2.0.0" ReturnHostCommand="true" xmlns="http://webservices.sabre.com/sabreXML/2011/10">
      <Request Output="SCREEN">
        <HostCommand>I</HostCommand>
      </Request>
    </SabreCommandLLSRQ>
  </soap:Body>
</soap:Envelope>]]></Request><Response><![CDATA[<?xml version="1.0" encoding="UTF-8"?>
<soap-env:Envelope xmlns:soap-env="http://schemas.xmlsoap.org/soap/envelope/"><soap-env:Header><eb:MessageHeader xmlns:eb="http://www.ebxml.org/namespaces/messageHeader" eb:version="1.0" soap-env:mustUnderstand="1"><eb:From><eb:PartyId eb:type="urn:x12.org.IO5:01">webservices.sabre.com</eb:PartyId></eb:From><eb:To><eb:PartyId eb:type="urn:x12.org.IO5:01">com.abacus.SWSSession</eb:PartyId></eb:To><eb:ConversationId>8dad8dff-8694-4589-95df-f8edec61d48c@com.abacus.SWSSession</eb:ConversationId><eb:Service eb:type="Sabre Trip Management">SabreCommandLLSRQ</eb:Service><eb:Action>SabreCommandLLSRS</eb:Action><eb:MessageData><eb:MessageId>3200279327795201810</eb:MessageId><eb:Timestamp>2026-08-03T09:06:19</eb:Timestamp><eb:RefToMessageId>86f9eaca-db27-41e2-9c57-3ca88c363380@com.abacus.SWSSession</eb:RefToMessageId></eb:MessageData></eb:MessageHeader><wsse:Security xmlns:wsse="http://schemas.xmlsoap.org/ws/2002/12/secext"><wsse:BinarySecurityToken valueType="String" EncodingType="wsse:Base64Binary">Shared/IDL:IceSess\/SessMgr:1\.0.IDL/Common/!ICESMS\/RESF!ICESMSLB\/RES.LB!1785747927971!6359!517</wsse:BinarySecurityToken></wsse:Security></soap-env:Header><soap-env:Body><SabreCommandLLSRS xmlns="http://webservices.sabre.com/sabreXML/2011/10" xmlns:xs="http://www.w3.org/2001/XMLSchema" xmlns:xsi="http://www.w3.org/2001/XMLSchema-instance" xmlns:stl="http://services.sabre.com/STL/v01" Version="2.0.0">
 <stl:ApplicationResults status="Complete">
  <stl:Success timeStamp="2026-08-03T09:06:19Z">
   <stl:SystemSpecificResults>
    <stl:HostCommand LNIATA="641EEE">I</stl:HostCommand>
   </stl:SystemSpecificResults>
  </stl:Success>
 </stl:ApplicationResults>
 <Response>IGD </Response>
</SabreCommandLLSRS></soap-env:Body></soap-env:Envelope>]]></Response></ApiLog>","PCC:HO PCC|Command:I|HTTP:200|Status:SUCCESS","2026-08-03 14:36:19",,,0,"2026-08-03 14:36:19",0
4819,052e59d184944592b672,QueuePolling,0,,0,,SabreQueueMCP,QUEUE,QueueTextSource,QR,SUCCESS,"<ApiLog><Request><![CDATA[<?xml version="1.0" encoding="utf-8"?>
<soap:Envelope xmlns:soap="http://schemas.xmlsoap.org/soap/envelope/" xmlns:xsi="http://www.w3.org/2001/XMLSchema-instance" xmlns:xsd="http://www.w3.org/2001/XMLSchema">
  <soap:Header>
    <MessageHeader xmlns="http://www.ebxml.org/namespaces/messageHeader">
      <From>
        <PartyId d5p1:type="urn:x12.org.IO5:01" xmlns:d5p1="http://www.ebxml.org/namespaces/messageHeader">com.abacus.SWSSession</PartyId>
      </From>
      <To>
        <PartyId d5p1:type="urn:x12.org.IO5:01" xmlns:d5p1="http://www.ebxml.org/namespaces/messageHeader">webservices.sabre.com</PartyId>
      </To>
      <ConversationId>8dad8dff-8694-4589-95df-f8edec61d48c@com.abacus.SWSSession</ConversationId>
      <Service d4p1:type="Sabre Trip Management" xmlns:d4p1="http://www.ebxml.org/namespaces/messageHeader">SabreCommandLLSRQ</Service>
      <Action>SabreCommandLLSRQ</Action>
      <MessageData>
        <MessageId>2c780786-28a3-41e2-95de-b0e2857eb858@com.abacus.SWSSession</MessageId>
        <Timestamp>2026-08-03T09:06:19</Timestamp>
      </MessageData>
    </MessageHeader>
    <Security xmlns="http://schemas.xmlsoap.org/ws/2002/12/secext">
      <BinarySecurityToken>Shared/IDL:IceSess\/SessMgr:1\.0.IDL/Common/!ICESMS\/RESF!ICESMSLB\/RES.LB!1785747927971!6359!517</BinarySecurityToken>
    </Security>
  </soap:Header>
  <soap:Body>
    <SabreCommandLLSRQ Version="2.0.0" ReturnHostCommand="true" xmlns="http://webservices.sabre.com/sabreXML/2011/10">
      <Request Output="SCREEN">
        <HostCommand>QR</HostCommand>
      </Request>
    </SabreCommandLLSRQ>
  </soap:Body>
</soap:Envelope>]]></Request><Response><![CDATA[<?xml version="1.0" encoding="UTF-8"?>
<soap-env:Envelope xmlns:soap-env="http://schemas.xmlsoap.org/soap/envelope/"><soap-env:Header><eb:MessageHeader xmlns:eb="http://www.ebxml.org/namespaces/messageHeader" eb:version="1.0" soap-env:mustUnderstand="1"><eb:From><eb:PartyId eb:type="urn:x12.org.IO5:01">webservices.sabre.com</eb:PartyId></eb:From><eb:To><eb:PartyId eb:type="urn:x12.org.IO5:01">com.abacus.SWSSession</eb:PartyId></eb:To><eb:ConversationId>8dad8dff-8694-4589-95df-f8edec61d48c@com.abacus.SWSSession</eb:ConversationId><eb:Service eb:type="Sabre Trip Management">SabreCommandLLSRQ</eb:Service><eb:Action>SabreCommandLLSRS</eb:Action><eb:MessageData><eb:MessageId>3200068327777611560</eb:MessageId><eb:Timestamp>2026-08-03T09:06:17</eb:Timestamp><eb:RefToMessageId>2c780786-28a3-41e2-95de-b0e2857eb858@com.abacus.SWSSession</eb:RefToMessageId></eb:MessageData></eb:MessageHeader><wsse:Security xmlns:wsse="http://schemas.xmlsoap.org/ws/2002/12/secext"><wsse:BinarySecurityToken valueType="String" EncodingType="wsse:Base64Binary">Shared/IDL:IceSess\/SessMgr:1\.0.IDL/Common/!ICESMS\/RESF!ICESMSLB\/RES.LB!1785747927971!6359!517</wsse:BinarySecurityToken></wsse:Security></soap-env:Header><soap-env:Body><SabreCommandLLSRS xmlns="http://webservices.sabre.com/sabreXML/2011/10" xmlns:xs="http://www.w3.org/2001/XMLSchema" xmlns:xsi="http://www.w3.org/2001/XMLSchema-instance" xmlns:stl="http://services.sabre.com/STL/v01" Version="2.0.0">
 <stl:ApplicationResults status="Complete">
  <stl:Success timeStamp="2026-08-03T09:06:17Z">
   <stl:SystemSpecificResults>
    <stl:HostCommand LNIATA="641EEE">QR</stl:HostCommand>
   </stl:SystemSpecificResults>
  </stl:Success>
 </stl:ApplicationResults>
 <Response>CANNOT DO THIS IF OFF QUEUE
</Response>
</SabreCommandLLSRS></soap-env:Body></soap-env:Envelope>]]></Response></ApiLog>","PCC:HO PCC|Command:QR|HTTP:200|Status:SUCCESS","2026-08-03 14:36:18",,,0,"2026-08-03 14:36:18",0
4820,052e59d184944592b672,QueuePolling,0,,0,,SabreQueueMCP,QUEUE,QueueTextSource,I,SUCCESS,"<ApiLog><Request><![CDATA[<?xml version="1.0" encoding="utf-8"?>
<soap:Envelope xmlns:soap="http://schemas.xmlsoap.org/soap/envelope/" xmlns:xsi="http://www.w3.org/2001/XMLSchema-instance" xmlns:xsd="http://www.w3.org/2001/XMLSchema">
  <soap:Header>
    <MessageHeader xmlns="http://www.ebxml.org/namespaces/messageHeader">
      <From>
        <PartyId d5p1:type="urn:x12.org.IO5:01" xmlns:d5p1="http://www.ebxml.org/namespaces/messageHeader">com.abacus.SWSSession</PartyId>
      </From>
      <To>
        <PartyId d5p1:type="urn:x12.org.IO5:01" xmlns:d5p1="http://www.ebxml.org/namespaces/messageHeader">webservices.sabre.com</PartyId>
      </To>
      <ConversationId>8dad8dff-8694-4589-95df-f8edec61d48c@com.abacus.SWSSession</ConversationId>
      <Service d4p1:type="Sabre Trip Management" xmlns:d4p1="http://www.ebxml.org/namespaces/messageHeader">SabreCommandLLSRQ</Service>
      <Action>SabreCommandLLSRQ</Action>
      <MessageData>
        <MessageId>7d1a3e56-71c7-4a92-b326-858d4b634f16@com.abacus.SWSSession</MessageId>
        <Timestamp>2026-08-03T09:06:19</Timestamp>
      </MessageData>
    </MessageHeader>
    <Security xmlns="http://schemas.xmlsoap.org/ws/2002/12/secext">
      <BinarySecurityToken>Shared/IDL:IceSess\/SessMgr:1\.0.IDL/Common/!ICESMS\/RESF!ICESMSLB\/RES.LB!1785747927971!6359!517</BinarySecurityToken>
    </Security>
  </soap:Header>
  <soap:Body>
    <SabreCommandLLSRQ Version="2.0.0" ReturnHostCommand="true" xmlns="http://webservices.sabre.com/sabreXML/2011/10">
      <Request Output="SCREEN">
        <HostCommand>I</HostCommand>
      </Request>
    </SabreCommandLLSRQ>
  </soap:Body>
</soap:Envelope>]]></Request><Response><![CDATA[<?xml version="1.0" encoding="UTF-8"?>
<soap-env:Envelope xmlns:soap-env="http://schemas.xmlsoap.org/soap/envelope/"><soap-env:Header><eb:MessageHeader xmlns:eb="http://www.ebxml.org/namespaces/messageHeader" eb:version="1.0" soap-env:mustUnderstand="1"><eb:From><eb:PartyId eb:type="urn:x12.org.IO5:01">webservices.sabre.com</eb:PartyId></eb:From><eb:To><eb:PartyId eb:type="urn:x12.org.IO5:01">com.abacus.SWSSession</eb:PartyId></eb:To><eb:ConversationId>8dad8dff-8694-4589-95df-f8edec61d48c@com.abacus.SWSSession</eb:ConversationId><eb:Service eb:type="Sabre Trip Management">SabreCommandLLSRQ</eb:Service><eb:Action>SabreCommandLLSRS</eb:Action><eb:MessageData><eb:MessageId>3200122327781691860</eb:MessageId><eb:Timestamp>2026-08-03T09:06:18</eb:Timestamp><eb:RefToMessageId>7d1a3e56-71c7-4a92-b326-858d4b634f16@com.abacus.SWSSession</eb:RefToMessageId></eb:MessageData></eb:MessageHeader><wsse:Security xmlns:wsse="http://schemas.xmlsoap.org/ws/2002/12/secext"><wsse:BinarySecurityToken valueType="String" EncodingType="wsse:Base64Binary">Shared/IDL:IceSess\/SessMgr:1\.0.IDL/Common/!ICESMS\/RESF!ICESMSLB\/RES.LB!1785747927971!6359!517</wsse:BinarySecurityToken></wsse:Security></soap-env:Header><soap-env:Body><SabreCommandLLSRS xmlns="http://webservices.sabre.com/sabreXML/2011/10" xmlns:xs="http://www.w3.org/2001/XMLSchema" xmlns:xsi="http://www.w3.org/2001/XMLSchema-instance" xmlns:stl="http://services.sabre.com/STL/v01" Version="2.0.0">
 <stl:ApplicationResults status="Complete">
  <stl:Success timeStamp="2026-08-03T09:06:18Z">
   <stl:SystemSpecificResults>
    <stl:HostCommand LNIATA="641EEE">I</stl:HostCommand>
   </stl:SystemSpecificResults>
  </stl:Success>
 </stl:ApplicationResults>
 <Response>IGD </Response>
</SabreCommandLLSRS></soap-env:Body></soap-env:Envelope>]]></Response></ApiLog>","PCC:HO PCC|Command:I|HTTP:200|Status:SUCCESS","2026-08-03 14:36:18",,,0,"2026-08-03 14:36:18",0
4821,052e59d184944592b672,QueuePolling,0,,0,,SabreQueueMCP,QUEUE,QueueTextSource,EWR,SUCCESS,"<ApiLog><Request><![CDATA[<?xml version="1.0" encoding="utf-8"?>
<soap:Envelope xmlns:soap="http://schemas.xmlsoap.org/soap/envelope/" xmlns:xsi="http://www.w3.org/2001/XMLSchema-instance" xmlns:xsd="http://www.w3.org/2001/XMLSchema">
  <soap:Header>
    <MessageHeader xmlns="http://www.ebxml.org/namespaces/messageHeader">
      <From>
        <PartyId d5p1:type="urn:x12.org.IO5:01" xmlns:d5p1="http://www.ebxml.org/namespaces/messageHeader">com.abacus.SWSSession</PartyId>
      </From>
      <To>
        <PartyId d5p1:type="urn:x12.org.IO5:01" xmlns:d5p1="http://www.ebxml.org/namespaces/messageHeader">webservices.sabre.com</PartyId>
      </To>
      <ConversationId>8dad8dff-8694-4589-95df-f8edec61d48c@com.abacus.SWSSession</ConversationId>
      <Service d4p1:type="Sabre Trip Management" xmlns:d4p1="http://www.ebxml.org/namespaces/messageHeader">SabreCommandLLSRQ</Service>
      <Action>SabreCommandLLSRQ</Action>
      <MessageData>
        <MessageId>ee5aedef-f517-4d2b-9e67-85bfa0c18b12@com.abacus.SWSSession</MessageId>
        <Timestamp>2026-08-03T09:06:20</Timestamp>
      </MessageData>
    </MessageHeader>
    <Security xmlns="http://schemas.xmlsoap.org/ws/2002/12/secext">
      <BinarySecurityToken>Shared/IDL:IceSess\/SessMgr:1\.0.IDL/Common/!ICESMS\/RESF!ICESMSLB\/RES.LB!1785747927971!6359!517</BinarySecurityToken>
    </Security>
  </soap:Header>
  <soap:Body>
    <SabreCommandLLSRQ Version="2.0.0" ReturnHostCommand="true" xmlns="http://webservices.sabre.com/sabreXML/2011/10">
      <Request Output="SCREEN">
        <HostCommand>EWR</HostCommand>
      </Request>
    </SabreCommandLLSRQ>
  </soap:Body>
</soap:Envelope>]]></Request><Response><![CDATA[<?xml version="1.0" encoding="UTF-8"?>
<soap-env:Envelope xmlns:soap-env="http://schemas.xmlsoap.org/soap/envelope/"><soap-env:Header><eb:MessageHeader xmlns:eb="http://www.ebxml.org/namespaces/messageHeader" eb:version="1.0" soap-env:mustUnderstand="1"><eb:From><eb:PartyId eb:type="urn:x12.org.IO5:01">webservices.sabre.com</eb:PartyId></eb:From><eb:To><eb:PartyId eb:type="urn:x12.org.IO5:01">com.abacus.SWSSession</eb:PartyId></eb:To><eb:ConversationId>8dad8dff-8694-4589-95df-f8edec61d48c@com.abacus.SWSSession</eb:ConversationId><eb:Service eb:type="Sabre Trip Management">SabreCommandLLSRQ</eb:Service><eb:Action>SabreCommandLLSRS</eb:Action><eb:MessageData><eb:MessageId>3200157327785930140</eb:MessageId><eb:Timestamp>2026-08-03T09:06:18</eb:Timestamp><eb:RefToMessageId>ee5aedef-f517-4d2b-9e67-85bfa0c18b12@com.abacus.SWSSession</eb:RefToMessageId></eb:MessageData></eb:MessageHeader><wsse:Security xmlns:wsse="http://schemas.xmlsoap.org/ws/2002/12/secext"><wsse:BinarySecurityToken valueType="String" EncodingType="wsse:Base64Binary">Shared/IDL:IceSess\/SessMgr:1\.0.IDL/Common/!ICESMS\/RESF!ICESMSLB\/RES.LB!1785747927971!6359!517</wsse:BinarySecurityToken></wsse:Security></soap-env:Header><soap-env:Body><SabreCommandLLSRS xmlns="http://webservices.sabre.com/sabreXML/2011/10" xmlns:xs="http://www.w3.org/2001/XMLSchema" xmlns:xsi="http://www.w3.org/2001/XMLSchema-instance" xmlns:stl="http://services.sabre.com/STL/v01" Version="2.0.0">
 <stl:ApplicationResults status="Complete">
  <stl:Success timeStamp="2026-08-03T09:06:18Z">
   <stl:SystemSpecificResults>
    <stl:HostCommand LNIATA="641EEE">EWR</stl:HostCommand>
   </stl:SystemSpecificResults>
  </stl:Success>
 </stl:ApplicationResults>
 <Response>ITINERARY REQUIRED TO COMPLETE TRANSACTION</Response>
</SabreCommandLLSRS></soap-env:Body></soap-env:Envelope>]]></Response></ApiLog>","PCC:HO PCC|Command:EWR|HTTP:200|Status:SUCCESS","2026-08-03 14:36:18",,,0,"2026-08-03 14:36:18",0
4817,052e59d184944592b672,QueuePolling,0,,0,,SabreQueueMCP,QUEUE,QueueTextSource,I,SUCCESS,"<ApiLog><Request><![CDATA[<?xml version="1.0" encoding="utf-8"?>
<soap:Envelope xmlns:soap="http://schemas.xmlsoap.org/soap/envelope/" xmlns:xsi="http://www.w3.org/2001/XMLSchema-instance" xmlns:xsd="http://www.w3.org/2001/XMLSchema">
  <soap:Header>
    <MessageHeader xmlns="http://www.ebxml.org/namespaces/messageHeader">
      <From>
        <PartyId d5p1:type="urn:x12.org.IO5:01" xmlns:d5p1="http://www.ebxml.org/namespaces/messageHeader">com.abacus.SWSSession</PartyId>
      </From>
      <To>
        <PartyId d5p1:type="urn:x12.org.IO5:01" xmlns:d5p1="http://www.ebxml.org/namespaces/messageHeader">webservices.sabre.com</PartyId>
      </To>
      <ConversationId>8dad8dff-8694-4589-95df-f8edec61d48c@com.abacus.SWSSession</ConversationId>
      <Service d4p1:type="Sabre Trip Management" xmlns:d4p1="http://www.ebxml.org/namespaces/messageHeader">SabreCommandLLSRQ</Service>
      <Action>SabreCommandLLSRQ</Action>
      <MessageData>
        <MessageId>d482b4ec-8c83-4901-a749-bb4af39a545b@com.abacus.SWSSession</MessageId>
        <Timestamp>2026-08-03T09:06:18</Timestamp>
      </MessageData>
    </MessageHeader>
    <Security xmlns="http://schemas.xmlsoap.org/ws/2002/12/secext">
      <BinarySecurityToken>Shared/IDL:IceSess\/SessMgr:1\.0.IDL/Common/!ICESMS\/RESF!ICESMSLB\/RES.LB!1785747927971!6359!517</BinarySecurityToken>
    </Security>
  </soap:Header>
  <soap:Body>
    <SabreCommandLLSRQ Version="2.0.0" ReturnHostCommand="true" xmlns="http://webservices.sabre.com/sabreXML/2011/10">
      <Request Output="SCREEN">
        <HostCommand>I</HostCommand>
      </Request>
    </SabreCommandLLSRQ>
  </soap:Body>
</soap:Envelope>]]></Request><Response><![CDATA[<?xml version="1.0" encoding="UTF-8"?>
<soap-env:Envelope xmlns:soap-env="http://schemas.xmlsoap.org/soap/envelope/"><soap-env:Header><eb:MessageHeader xmlns:eb="http://www.ebxml.org/namespaces/messageHeader" eb:version="1.0" soap-env:mustUnderstand="1"><eb:From><eb:PartyId eb:type="urn:x12.org.IO5:01">webservices.sabre.com</eb:PartyId></eb:From><eb:To><eb:PartyId eb:type="urn:x12.org.IO5:01">com.abacus.SWSSession</eb:PartyId></eb:To><eb:ConversationId>8dad8dff-8694-4589-95df-f8edec61d48c@com.abacus.SWSSession</eb:ConversationId><eb:Service eb:type="Sabre Trip Management">SabreCommandLLSRQ</eb:Service><eb:Action>SabreCommandLLSRS</eb:Action><eb:MessageData><eb:MessageId>3199981327769820140</eb:MessageId><eb:Timestamp>2026-08-03T09:06:17</eb:Timestamp><eb:RefToMessageId>d482b4ec-8c83-4901-a749-bb4af39a545b@com.abacus.SWSSession</eb:RefToMessageId></eb:MessageData></eb:MessageHeader><wsse:Security xmlns:wsse="http://schemas.xmlsoap.org/ws/2002/12/secext"><wsse:BinarySecurityToken valueType="String" EncodingType="wsse:Base64Binary">Shared/IDL:IceSess\/SessMgr:1\.0.IDL/Common/!ICESMS\/RESF!ICESMSLB\/RES.LB!1785747927971!6359!517</wsse:BinarySecurityToken></wsse:Security></soap-env:Header><soap-env:Body><SabreCommandLLSRS xmlns="http://webservices.sabre.com/sabreXML/2011/10" xmlns:xs="http://www.w3.org/2001/XMLSchema" xmlns:xsi="http://www.w3.org/2001/XMLSchema-instance" xmlns:stl="http://services.sabre.com/STL/v01" Version="2.0.0">
 <stl:ApplicationResults status="Complete">
  <stl:Success timeStamp="2026-08-03T09:06:17Z">
   <stl:SystemSpecificResults>
    <stl:HostCommand LNIATA="641EEE">I</stl:HostCommand>
   </stl:SystemSpecificResults>
  </stl:Success>
 </stl:ApplicationResults>
 <Response>IGD </Response>
</SabreCommandLLSRS></soap-env:Body></soap-env:Envelope>]]></Response></ApiLog>","PCC:HO PCC|Command:I|HTTP:200|Status:SUCCESS","2026-08-03 14:36:17",,,0,"2026-08-03 14:36:17",0
4818,052e59d184944592b672,QueuePolling,0,,0,,SabreQueueMCP,QUEUE,QueueTextSource,EWR,SUCCESS,"<ApiLog><Request><![CDATA[<?xml version="1.0" encoding="utf-8"?>
<soap:Envelope xmlns:soap="http://schemas.xmlsoap.org/soap/envelope/" xmlns:xsi="http://www.w3.org/2001/XMLSchema-instance" xmlns:xsd="http://www.w3.org/2001/XMLSchema">
  <soap:Header>
    <MessageHeader xmlns="http://www.ebxml.org/namespaces/messageHeader">
      <From>
        <PartyId d5p1:type="urn:x12.org.IO5:01" xmlns:d5p1="http://www.ebxml.org/namespaces/messageHeader">com.abacus.SWSSession</PartyId>
      </From>
      <To>
        <PartyId d5p1:type="urn:x12.org.IO5:01" xmlns:d5p1="http://www.ebxml.org/namespaces/messageHeader">webservices.sabre.com</PartyId>
      </To>
      <ConversationId>8dad8dff-8694-4589-95df-f8edec61d48c@com.abacus.SWSSession</ConversationId>
      <Service d4p1:type="Sabre Trip Management" xmlns:d4p1="http://www.ebxml.org/namespaces/messageHeader">SabreCommandLLSRQ</Service>
      <Action>SabreCommandLLSRQ</Action>
      <MessageData>
        <MessageId>38475dda-f405-4aa9-b077-b72bee4d3f28@com.abacus.SWSSession</MessageId>
        <Timestamp>2026-08-03T09:06:18</Timestamp>
      </MessageData>
    </MessageHeader>
    <Security xmlns="http://schemas.xmlsoap.org/ws/2002/12/secext">
      <BinarySecurityToken>Shared/IDL:IceSess\/SessMgr:1\.0.IDL/Common/!ICESMS\/RESF!ICESMSLB\/RES.LB!1785747927971!6359!517</BinarySecurityToken>
    </Security>
  </soap:Header>
  <soap:Body>
    <SabreCommandLLSRQ Version="2.0.0" ReturnHostCommand="true" xmlns="http://webservices.sabre.com/sabreXML/2011/10">
      <Request Output="SCREEN">
        <HostCommand>EWR</HostCommand>
      </Request>
    </SabreCommandLLSRQ>
  </soap:Body>
</soap:Envelope>]]></Request><Response><![CDATA[<?xml version="1.0" encoding="UTF-8"?>
<soap-env:Envelope xmlns:soap-env="http://schemas.xmlsoap.org/soap/envelope/"><soap-env:Header><eb:MessageHeader xmlns:eb="http://www.ebxml.org/namespaces/messageHeader" eb:version="1.0" soap-env:mustUnderstand="1"><eb:From><eb:PartyId eb:type="urn:x12.org.IO5:01">webservices.sabre.com</eb:PartyId></eb:From><eb:To><eb:PartyId eb:type="urn:x12.org.IO5:01">com.abacus.SWSSession</eb:PartyId></eb:To><eb:ConversationId>8dad8dff-8694-4589-95df-f8edec61d48c@com.abacus.SWSSession</eb:ConversationId><eb:Service eb:type="Sabre Trip Management">SabreCommandLLSRQ</eb:Service><eb:Action>SabreCommandLLSRS</eb:Action><eb:MessageData><eb:MessageId>3200034327773642030</eb:MessageId><eb:Timestamp>2026-08-03T09:06:17</eb:Timestamp><eb:RefToMessageId>38475dda-f405-4aa9-b077-b72bee4d3f28@com.abacus.SWSSession</eb:RefToMessageId></eb:MessageData></eb:MessageHeader><wsse:Security xmlns:wsse="http://schemas.xmlsoap.org/ws/2002/12/secext"><wsse:BinarySecurityToken valueType="String" EncodingType="wsse:Base64Binary">Shared/IDL:IceSess\/SessMgr:1\.0.IDL/Common/!ICESMS\/RESF!ICESMSLB\/RES.LB!1785747927971!6359!517</wsse:BinarySecurityToken></wsse:Security></soap-env:Header><soap-env:Body><SabreCommandLLSRS xmlns="http://webservices.sabre.com/sabreXML/2011/10" xmlns:xs="http://www.w3.org/2001/XMLSchema" xmlns:xsi="http://www.w3.org/2001/XMLSchema-instance" xmlns:stl="http://services.sabre.com/STL/v01" Version="2.0.0">
 <stl:ApplicationResults status="Complete">
  <stl:Success timeStamp="2026-08-03T09:06:17Z">
   <stl:SystemSpecificResults>
    <stl:HostCommand LNIATA="641EEE">EWR</stl:HostCommand>
   </stl:SystemSpecificResults>
  </stl:Success>
 </stl:ApplicationResults>
 <Response>ITINERARY REQUIRED TO COMPLETE TRANSACTION</Response>
</SabreCommandLLSRS></soap-env:Body></soap-env:Envelope>]]></Response></ApiLog>","PCC:HO PCC|Command:EWR|HTTP:200|Status:SUCCESS","2026-08-03 14:36:17",,,0,"2026-08-03 14:36:17",0
4815,052e59d184944592b672,QueuePolling,0,,0,,SabreQueueMCP,QUEUE,QueueTextSource,EWR,SUCCESS,"<ApiLog><Request><![CDATA[<?xml version="1.0" encoding="utf-8"?>
<soap:Envelope xmlns:soap="http://schemas.xmlsoap.org/soap/envelope/" xmlns:xsi="http://www.w3.org/2001/XMLSchema-instance" xmlns:xsd="http://www.w3.org/2001/XMLSchema">
  <soap:Header>
    <MessageHeader xmlns="http://www.ebxml.org/namespaces/messageHeader">
      <From>
        <PartyId d5p1:type="urn:x12.org.IO5:01" xmlns:d5p1="http://www.ebxml.org/namespaces/messageHeader">com.abacus.SWSSession</PartyId>
      </From>
      <To>
        <PartyId d5p1:type="urn:x12.org.IO5:01" xmlns:d5p1="http://www.ebxml.org/namespaces/messageHeader">webservices.sabre.com</PartyId>
      </To>
      <ConversationId>8dad8dff-8694-4589-95df-f8edec61d48c@com.abacus.SWSSession</ConversationId>
      <Service d4p1:type="Sabre Trip Management" xmlns:d4p1="http://www.ebxml.org/namespaces/messageHeader">SabreCommandLLSRQ</Service>
      <Action>SabreCommandLLSRQ</Action>
      <MessageData>
        <MessageId>3dfbe69a-e8a4-40c9-b142-e58d9a596850@com.abacus.SWSSession</MessageId>
        <Timestamp>2026-08-03T09:06:17</Timestamp>
      </MessageData>
    </MessageHeader>
    <Security xmlns="http://schemas.xmlsoap.org/ws/2002/12/secext">
      <BinarySecurityToken>Shared/IDL:IceSess\/SessMgr:1\.0.IDL/Common/!ICESMS\/RESF!ICESMSLB\/RES.LB!1785747927971!6359!517</BinarySecurityToken>
    </Security>
  </soap:Header>
  <soap:Body>
    <SabreCommandLLSRQ Version="2.0.0" ReturnHostCommand="true" xmlns="http://webservices.sabre.com/sabreXML/2011/10">
      <Request Output="SCREEN">
        <HostCommand>EWR</HostCommand>
      </Request>
    </SabreCommandLLSRQ>
  </soap:Body>
</soap:Envelope>]]></Request><Response><![CDATA[<?xml version="1.0" encoding="UTF-8"?>
<soap-env:Envelope xmlns:soap-env="http://schemas.xmlsoap.org/soap/envelope/"><soap-env:Header><eb:MessageHeader xmlns:eb="http://www.ebxml.org/namespaces/messageHeader" eb:version="1.0" soap-env:mustUnderstand="1"><eb:From><eb:PartyId eb:type="urn:x12.org.IO5:01">webservices.sabre.com</eb:PartyId></eb:From><eb:To><eb:PartyId eb:type="urn:x12.org.IO5:01">com.abacus.SWSSession</eb:PartyId></eb:To><eb:ConversationId>8dad8dff-8694-4589-95df-f8edec61d48c@com.abacus.SWSSession</eb:ConversationId><eb:Service eb:type="Sabre Trip Management">SabreCommandLLSRQ</eb:Service><eb:Action>SabreCommandLLSRS</eb:Action><eb:MessageData><eb:MessageId>3199891327760852300</eb:MessageId><eb:Timestamp>2026-08-03T09:06:16</eb:Timestamp><eb:RefToMessageId>3dfbe69a-e8a4-40c9-b142-e58d9a596850@com.abacus.SWSSession</eb:RefToMessageId></eb:MessageData></eb:MessageHeader><wsse:Security xmlns:wsse="http://schemas.xmlsoap.org/ws/2002/12/secext"><wsse:BinarySecurityToken valueType="String" EncodingType="wsse:Base64Binary">Shared/IDL:IceSess\/SessMgr:1\.0.IDL/Common/!ICESMS\/RESF!ICESMSLB\/RES.LB!1785747927971!6359!517</wsse:BinarySecurityToken></wsse:Security></soap-env:Header><soap-env:Body><SabreCommandLLSRS xmlns="http://webservices.sabre.com/sabreXML/2011/10" xmlns:xs="http://www.w3.org/2001/XMLSchema" xmlns:xsi="http://www.w3.org/2001/XMLSchema-instance" xmlns:stl="http://services.sabre.com/STL/v01" Version="2.0.0">
 <stl:ApplicationResults status="Complete">
  <stl:Success timeStamp="2026-08-03T09:06:16Z">
   <stl:SystemSpecificResults>
    <stl:HostCommand LNIATA="641EEE">EWR</stl:HostCommand>
   </stl:SystemSpecificResults>
  </stl:Success>
 </stl:ApplicationResults>
 <Response>ITINERARY REQUIRED TO COMPLETE TRANSACTION</Response>
</SabreCommandLLSRS></soap-env:Body></soap-env:Envelope>]]></Response></ApiLog>","PCC:HO PCC|Command:EWR|HTTP:200|Status:SUCCESS","2026-08-03 14:36:16",,,0,"2026-08-03 14:36:16",0
4816,052e59d184944592b672,QueuePolling,0,,0,,SabreQueueMCP,QUEUE,QueueTextSource,QR,SUCCESS,"<ApiLog><Request><![CDATA[<?xml version="1.0" encoding="utf-8"?>
<soap:Envelope xmlns:soap="http://schemas.xmlsoap.org/soap/envelope/" xmlns:xsi="http://www.w3.org/2001/XMLSchema-instance" xmlns:xsd="http://www.w3.org/2001/XMLSchema">
  <soap:Header>
    <MessageHeader xmlns="http://www.ebxml.org/namespaces/messageHeader">
      <From>
        <PartyId d5p1:type="urn:x12.org.IO5:01" xmlns:d5p1="http://www.ebxml.org/namespaces/messageHeader">com.abacus.SWSSession</PartyId>
      </From>
      <To>
        <PartyId d5p1:type="urn:x12.org.IO5:01" xmlns:d5p1="http://www.ebxml.org/namespaces/messageHeader">webservices.sabre.com</PartyId>
      </To>
      <ConversationId>8dad8dff-8694-4589-95df-f8edec61d48c@com.abacus.SWSSession</ConversationId>
      <Service d4p1:type="Sabre Trip Management" xmlns:d4p1="http://www.ebxml.org/namespaces/messageHeader">SabreCommandLLSRQ</Service>
      <Action>SabreCommandLLSRQ</Action>
      <MessageData>
        <MessageId>8619a70a-e8a7-4404-8330-52995e54c8c2@com.abacus.SWSSession</MessageId>
        <Timestamp>2026-08-03T09:06:18</Timestamp>
      </MessageData>
    </MessageHeader>
    <Security xmlns="http://schemas.xmlsoap.org/ws/2002/12/secext">
      <BinarySecurityToken>Shared/IDL:IceSess\/SessMgr:1\.0.IDL/Common/!ICESMS\/RESF!ICESMSLB\/RES.LB!1785747927971!6359!517</BinarySecurityToken>
    </Security>
  </soap:Header>
  <soap:Body>
    <SabreCommandLLSRQ Version="2.0.0" ReturnHostCommand="true" xmlns="http://webservices.sabre.com/sabreXML/2011/10">
      <Request Output="SCREEN">
        <HostCommand>QR</HostCommand>
      </Request>
    </SabreCommandLLSRQ>
  </soap:Body>
</soap:Envelope>]]></Request><Response><![CDATA[<?xml version="1.0" encoding="UTF-8"?>
<soap-env:Envelope xmlns:soap-env="http://schemas.xmlsoap.org/soap/envelope/"><soap-env:Header><eb:MessageHeader xmlns:eb="http://www.ebxml.org/namespaces/messageHeader" eb:version="1.0" soap-env:mustUnderstand="1"><eb:From><eb:PartyId eb:type="urn:x12.org.IO5:01">webservices.sabre.com</eb:PartyId></eb:From><eb:To><eb:PartyId eb:type="urn:x12.org.IO5:01">com.abacus.SWSSession</eb:PartyId></eb:To><eb:ConversationId>8dad8dff-8694-4589-95df-f8edec61d48c@com.abacus.SWSSession</eb:ConversationId><eb:Service eb:type="Sabre Trip Management">SabreCommandLLSRQ</eb:Service><eb:Action>SabreCommandLLSRS</eb:Action><eb:MessageData><eb:MessageId>3199938327765291980</eb:MessageId><eb:Timestamp>2026-08-03T09:06:16</eb:Timestamp><eb:RefToMessageId>8619a70a-e8a7-4404-8330-52995e54c8c2@com.abacus.SWSSession</eb:RefToMessageId></eb:MessageData></eb:MessageHeader><wsse:Security xmlns:wsse="http://schemas.xmlsoap.org/ws/2002/12/secext"><wsse:BinarySecurityToken valueType="String" EncodingType="wsse:Base64Binary">Shared/IDL:IceSess\/SessMgr:1\.0.IDL/Common/!ICESMS\/RESF!ICESMSLB\/RES.LB!1785747927971!6359!517</wsse:BinarySecurityToken></wsse:Security></soap-env:Header><soap-env:Body><SabreCommandLLSRS xmlns="http://webservices.sabre.com/sabreXML/2011/10" xmlns:xs="http://www.w3.org/2001/XMLSchema" xmlns:xsi="http://www.w3.org/2001/XMLSchema-instance" xmlns:stl="http://services.sabre.com/STL/v01" Version="2.0.0">
 <stl:ApplicationResults status="Complete">
  <stl:Success timeStamp="2026-08-03T09:06:16Z">
   <stl:SystemSpecificResults>
    <stl:HostCommand LNIATA="641EEE">QR</stl:HostCommand>
   </stl:SystemSpecificResults>
  </stl:Success>
 </stl:ApplicationResults>
 <Response>CANNOT DO THIS IF OFF QUEUE
</Response>
</SabreCommandLLSRS></soap-env:Body></soap-env:Envelope>]]></Response></ApiLog>","PCC:HO PCC|Command:QR|HTTP:200|Status:SUCCESS","2026-08-03 14:36:16",,,0,"2026-08-03 14:36:16",0
4812,052e59d184944592b672,QueuePolling,0,,0,,SabreQueueMCP,QUEUE,QueueTextSource,EWR,SUCCESS,"<ApiLog><Request><![CDATA[<?xml version="1.0" encoding="utf-8"?>
<soap:Envelope xmlns:soap="http://schemas.xmlsoap.org/soap/envelope/" xmlns:xsi="http://www.w3.org/2001/XMLSchema-instance" xmlns:xsd="http://www.w3.org/2001/XMLSchema">
  <soap:Header>
    <MessageHeader xmlns="http://www.ebxml.org/namespaces/messageHeader">
      <From>
        <PartyId d5p1:type="urn:x12.org.IO5:01" xmlns:d5p1="http://www.ebxml.org/namespaces/messageHeader">com.abacus.SWSSession</PartyId>
      </From>
      <To>
        <PartyId d5p1:type="urn:x12.org.IO5:01" xmlns:d5p1="http://www.ebxml.org/namespaces/messageHeader">webservices.sabre.com</PartyId>
      </To>
      <ConversationId>8dad8dff-8694-4589-95df-f8edec61d48c@com.abacus.SWSSession</ConversationId>
      <Service d4p1:type="Sabre Trip Management" xmlns:d4p1="http://www.ebxml.org/namespaces/messageHeader">SabreCommandLLSRQ</Service>
      <Action>SabreCommandLLSRQ</Action>
      <MessageData>
        <MessageId>034cbd19-e183-4484-8695-59a53dece7ca@com.abacus.SWSSession</MessageId>
        <Timestamp>2026-08-03T09:06:16</Timestamp>
      </MessageData>
    </MessageHeader>
    <Security xmlns="http://schemas.xmlsoap.org/ws/2002/12/secext">
      <BinarySecurityToken>Shared/IDL:IceSess\/SessMgr:1\.0.IDL/Common/!ICESMS\/RESF!ICESMSLB\/RES.LB!1785747927971!6359!517</BinarySecurityToken>
    </Security>
  </soap:Header>
  <soap:Body>
    <SabreCommandLLSRQ Version="2.0.0" ReturnHostCommand="true" xmlns="http://webservices.sabre.com/sabreXML/2011/10">
      <Request Output="SCREEN">
        <HostCommand>EWR</HostCommand>
      </Request>
    </SabreCommandLLSRQ>
  </soap:Body>
</soap:Envelope>]]></Request><Response><![CDATA[<?xml version="1.0" encoding="UTF-8"?>
<soap-env:Envelope xmlns:soap-env="http://schemas.xmlsoap.org/soap/envelope/"><soap-env:Header><eb:MessageHeader xmlns:eb="http://www.ebxml.org/namespaces/messageHeader" eb:version="1.0" soap-env:mustUnderstand="1"><eb:From><eb:PartyId eb:type="urn:x12.org.IO5:01">webservices.sabre.com</eb:PartyId></eb:From><eb:To><eb:PartyId eb:type="urn:x12.org.IO5:01">com.abacus.SWSSession</eb:PartyId></eb:To><eb:ConversationId>8dad8dff-8694-4589-95df-f8edec61d48c@com.abacus.SWSSession</eb:ConversationId><eb:Service eb:type="Sabre Trip Management">SabreCommandLLSRQ</eb:Service><eb:Action>SabreCommandLLSRS</eb:Action><eb:MessageData><eb:MessageId>3199769327749020210</eb:MessageId><eb:Timestamp>2026-08-03T09:06:14</eb:Timestamp><eb:RefToMessageId>034cbd19-e183-4484-8695-59a53dece7ca@com.abacus.SWSSession</eb:RefToMessageId></eb:MessageData></eb:MessageHeader><wsse:Security xmlns:wsse="http://schemas.xmlsoap.org/ws/2002/12/secext"><wsse:BinarySecurityToken valueType="String" EncodingType="wsse:Base64Binary">Shared/IDL:IceSess\/SessMgr:1\.0.IDL/Common/!ICESMS\/RESF!ICESMSLB\/RES.LB!1785747927971!6359!517</wsse:BinarySecurityToken></wsse:Security></soap-env:Header><soap-env:Body><SabreCommandLLSRS xmlns="http://webservices.sabre.com/sabreXML/2011/10" xmlns:xs="http://www.w3.org/2001/XMLSchema" xmlns:xsi="http://www.w3.org/2001/XMLSchema-instance" xmlns:stl="http://services.sabre.com/STL/v01" Version="2.0.0">
 <stl:ApplicationResults status="Complete">
  <stl:Success timeStamp="2026-08-03T09:06:14Z">
   <stl:SystemSpecificResults>
    <stl:HostCommand LNIATA="641EEE">EWR</stl:HostCommand>
   </stl:SystemSpecificResults>
  </stl:Success>
 </stl:ApplicationResults>
 <Response>ITINERARY REQUIRED TO COMPLETE TRANSACTION</Response>
</SabreCommandLLSRS></soap-env:Body></soap-env:Envelope>]]></Response></ApiLog>","PCC:HO PCC|Command:EWR|HTTP:200|Status:SUCCESS","2026-08-03 14:36:15",,,0,"2026-08-03 14:36:15",0
4813,052e59d184944592b672,QueuePolling,0,,0,,SabreQueueMCP,QUEUE,QueueTextSource,QR,SUCCESS,"<ApiLog><Request><![CDATA[<?xml version="1.0" encoding="utf-8"?>
<soap:Envelope xmlns:soap="http://schemas.xmlsoap.org/soap/envelope/" xmlns:xsi="http://www.w3.org/2001/XMLSchema-instance" xmlns:xsd="http://www.w3.org/2001/XMLSchema">
  <soap:Header>
    <MessageHeader xmlns="http://www.ebxml.org/namespaces/messageHeader">
      <From>
        <PartyId d5p1:type="urn:x12.org.IO5:01" xmlns:d5p1="http://www.ebxml.org/namespaces/messageHeader">com.abacus.SWSSession</PartyId>
      </From>
      <To>
        <PartyId d5p1:type="urn:x12.org.IO5:01" xmlns:d5p1="http://www.ebxml.org/namespaces/messageHeader">webservices.sabre.com</PartyId>
      </To>
      <ConversationId>8dad8dff-8694-4589-95df-f8edec61d48c@com.abacus.SWSSession</ConversationId>
      <Service d4p1:type="Sabre Trip Management" xmlns:d4p1="http://www.ebxml.org/namespaces/messageHeader">SabreCommandLLSRQ</Service>
      <Action>SabreCommandLLSRQ</Action>
      <MessageData>
        <MessageId>43abddcd-e364-4820-958c-3dc84b9fc424@com.abacus.SWSSession</MessageId>
        <Timestamp>2026-08-03T09:06:16</Timestamp>
      </MessageData>
    </MessageHeader>
    <Security xmlns="http://schemas.xmlsoap.org/ws/2002/12/secext">
      <BinarySecurityToken>Shared/IDL:IceSess\/SessMgr:1\.0.IDL/Common/!ICESMS\/RESF!ICESMSLB\/RES.LB!1785747927971!6359!517</BinarySecurityToken>
    </Security>
  </soap:Header>
  <soap:Body>
    <SabreCommandLLSRQ Version="2.0.0" ReturnHostCommand="true" xmlns="http://webservices.sabre.com/sabreXML/2011/10">
      <Request Output="SCREEN">
        <HostCommand>QR</HostCommand>
      </Request>
    </SabreCommandLLSRQ>
  </soap:Body>
</soap:Envelope>]]></Request><Response><![CDATA[<?xml version="1.0" encoding="UTF-8"?>
<soap-env:Envelope xmlns:soap-env="http://schemas.xmlsoap.org/soap/envelope/"><soap-env:Header><eb:MessageHeader xmlns:eb="http://www.ebxml.org/namespaces/messageHeader" eb:version="1.0" soap-env:mustUnderstand="1"><eb:From><eb:PartyId eb:type="urn:x12.org.IO5:01">webservices.sabre.com</eb:PartyId></eb:From><eb:To><eb:PartyId eb:type="urn:x12.org.IO5:01">com.abacus.SWSSession</eb:PartyId></eb:To><eb:ConversationId>8dad8dff-8694-4589-95df-f8edec61d48c@com.abacus.SWSSession</eb:ConversationId><eb:Service eb:type="Sabre Trip Management">SabreCommandLLSRQ</eb:Service><eb:Action>SabreCommandLLSRS</eb:Action><eb:MessageData><eb:MessageId>3199816327753240190</eb:MessageId><eb:Timestamp>2026-08-03T09:06:15</eb:Timestamp><eb:RefToMessageId>43abddcd-e364-4820-958c-3dc84b9fc424@com.abacus.SWSSession</eb:RefToMessageId></eb:MessageData></eb:MessageHeader><wsse:Security xmlns:wsse="http://schemas.xmlsoap.org/ws/2002/12/secext"><wsse:BinarySecurityToken valueType="String" EncodingType="wsse:Base64Binary">Shared/IDL:IceSess\/SessMgr:1\.0.IDL/Common/!ICESMS\/RESF!ICESMSLB\/RES.LB!1785747927971!6359!517</wsse:BinarySecurityToken></wsse:Security></soap-env:Header><soap-env:Body><SabreCommandLLSRS xmlns="http://webservices.sabre.com/sabreXML/2011/10" xmlns:xs="http://www.w3.org/2001/XMLSchema" xmlns:xsi="http://www.w3.org/2001/XMLSchema-instance" xmlns:stl="http://services.sabre.com/STL/v01" Version="2.0.0">
 <stl:ApplicationResults status="Complete">
  <stl:Success timeStamp="2026-08-03T09:06:15Z">
   <stl:SystemSpecificResults>
    <stl:HostCommand LNIATA="641EEE">QR</stl:HostCommand>
   </stl:SystemSpecificResults>
  </stl:Success>
 </stl:ApplicationResults>
 <Response>CANNOT DO THIS IF OFF QUEUE
</Response>
</SabreCommandLLSRS></soap-env:Body></soap-env:Envelope>]]></Response></ApiLog>","PCC:HO PCC|Command:QR|HTTP:200|Status:SUCCESS","2026-08-03 14:36:15",,,0,"2026-08-03 14:36:15",0
4814,052e59d184944592b672,QueuePolling,0,,0,,SabreQueueMCP,QUEUE,QueueTextSource,I,SUCCESS,"<ApiLog><Request><![CDATA[<?xml version="1.0" encoding="utf-8"?>
<soap:Envelope xmlns:soap="http://schemas.xmlsoap.org/soap/envelope/" xmlns:xsi="http://www.w3.org/2001/XMLSchema-instance" xmlns:xsd="http://www.w3.org/2001/XMLSchema">
  <soap:Header>
    <MessageHeader xmlns="http://www.ebxml.org/namespaces/messageHeader">
      <From>
        <PartyId d5p1:type="urn:x12.org.IO5:01" xmlns:d5p1="http://www.ebxml.org/namespaces/messageHeader">com.abacus.SWSSession</PartyId>
      </From>
      <To>
        <PartyId d5p1:type="urn:x12.org.IO5:01" xmlns:d5p1="http://www.ebxml.org/namespaces/messageHeader">webservices.sabre.com</PartyId>
      </To>
      <ConversationId>8dad8dff-8694-4589-95df-f8edec61d48c@com.abacus.SWSSession</ConversationId>
      <Service d4p1:type="Sabre Trip Management" xmlns:d4p1="http://www.ebxml.org/namespaces/messageHeader">SabreCommandLLSRQ</Service>
      <Action>SabreCommandLLSRQ</Action>
      <MessageData>
        <MessageId>2bf5bfd5-0603-4286-a571-19f5e6f85680@com.abacus.SWSSession</MessageId>
        <Timestamp>2026-08-03T09:06:17</Timestamp>
      </MessageData>
    </MessageHeader>
    <Security xmlns="http://schemas.xmlsoap.org/ws/2002/12/secext">
      <BinarySecurityToken>Shared/IDL:IceSess\/SessMgr:1\.0.IDL/Common/!ICESMS\/RESF!ICESMSLB\/RES.LB!1785747927971!6359!517</BinarySecurityToken>
    </Security>
  </soap:Header>
  <soap:Body>
    <SabreCommandLLSRQ Version="2.0.0" ReturnHostCommand="true" xmlns="http://webservices.sabre.com/sabreXML/2011/10">
      <Request Output="SCREEN">
        <HostCommand>I</HostCommand>
      </Request>
    </SabreCommandLLSRQ>
  </soap:Body>
</soap:Envelope>]]></Request><Response><![CDATA[<?xml version="1.0" encoding="UTF-8"?>
<soap-env:Envelope xmlns:soap-env="http://schemas.xmlsoap.org/soap/envelope/"><soap-env:Header><eb:MessageHeader xmlns:eb="http://www.ebxml.org/namespaces/messageHeader" eb:version="1.0" soap-env:mustUnderstand="1"><eb:From><eb:PartyId eb:type="urn:x12.org.IO5:01">webservices.sabre.com</eb:PartyId></eb:From><eb:To><eb:PartyId eb:type="urn:x12.org.IO5:01">com.abacus.SWSSession</eb:PartyId></eb:To><eb:ConversationId>8dad8dff-8694-4589-95df-f8edec61d48c@com.abacus.SWSSession</eb:ConversationId><eb:Service eb:type="Sabre Trip Management">SabreCommandLLSRQ</eb:Service><eb:Action>SabreCommandLLSRS</eb:Action><eb:MessageData><eb:MessageId>3199845327757210320</eb:MessageId><eb:Timestamp>2026-08-03T09:06:15</eb:Timestamp><eb:RefToMessageId>2bf5bfd5-0603-4286-a571-19f5e6f85680@com.abacus.SWSSession</eb:RefToMessageId></eb:MessageData></eb:MessageHeader><wsse:Security xmlns:wsse="http://schemas.xmlsoap.org/ws/2002/12/secext"><wsse:BinarySecurityToken valueType="String" EncodingType="wsse:Base64Binary">Shared/IDL:IceSess\/SessMgr:1\.0.IDL/Common/!ICESMS\/RESF!ICESMSLB\/RES.LB!1785747927971!6359!517</wsse:BinarySecurityToken></wsse:Security></soap-env:Header><soap-env:Body><SabreCommandLLSRS xmlns="http://webservices.sabre.com/sabreXML/2011/10" xmlns:xs="http://www.w3.org/2001/XMLSchema" xmlns:xsi="http://www.w3.org/2001/XMLSchema-instance" xmlns:stl="http://services.sabre.com/STL/v01" Version="2.0.0">
 <stl:ApplicationResults status="Complete">
  <stl:Success timeStamp="2026-08-03T09:06:15Z">
   <stl:SystemSpecificResults>
    <stl:HostCommand LNIATA="641EEE">I</stl:HostCommand>
   </stl:SystemSpecificResults>
  </stl:Success>
 </stl:ApplicationResults>
 <Response>IGD </Response>
</SabreCommandLLSRS></soap-env:Body></soap-env:Envelope>]]></Response></ApiLog>","PCC:HO PCC|Command:I|HTTP:200|Status:SUCCESS","2026-08-03 14:36:15",,,0,"2026-08-03 14:36:15",0
4810,052e59d184944592b672,QueuePolling,0,,0,,SabreQueueMCP,QUEUE,QueueTextSource,QR,SUCCESS,"<ApiLog><Request><![CDATA[<?xml version="1.0" encoding="utf-8"?>
<soap:Envelope xmlns:soap="http://schemas.xmlsoap.org/soap/envelope/" xmlns:xsi="http://www.w3.org/2001/XMLSchema-instance" xmlns:xsd="http://www.w3.org/2001/XMLSchema">
  <soap:Header>
    <MessageHeader xmlns="http://www.ebxml.org/namespaces/messageHeader">
      <From>
        <PartyId d5p1:type="urn:x12.org.IO5:01" xmlns:d5p1="http://www.ebxml.org/namespaces/messageHeader">com.abacus.SWSSession</PartyId>
      </From>
      <To>
        <PartyId d5p1:type="urn:x12.org.IO5:01" xmlns:d5p1="http://www.ebxml.org/namespaces/messageHeader">webservices.sabre.com</PartyId>
      </To>
      <ConversationId>8dad8dff-8694-4589-95df-f8edec61d48c@com.abacus.SWSSession</ConversationId>
      <Service d4p1:type="Sabre Trip Management" xmlns:d4p1="http://www.ebxml.org/namespaces/messageHeader">SabreCommandLLSRQ</Service>
      <Action>SabreCommandLLSRQ</Action>
      <MessageData>
        <MessageId>39b8839a-1fb3-425d-a6eb-d62eb2df54d4@com.abacus.SWSSession</MessageId>
        <Timestamp>2026-08-03T09:06:15</Timestamp>
      </MessageData>
    </MessageHeader>
    <Security xmlns="http://schemas.xmlsoap.org/ws/2002/12/secext">
      <BinarySecurityToken>Shared/IDL:IceSess\/SessMgr:1\.0.IDL/Common/!ICESMS\/RESF!ICESMSLB\/RES.LB!1785747927971!6359!517</BinarySecurityToken>
    </Security>
  </soap:Header>
  <soap:Body>
    <SabreCommandLLSRQ Version="2.0.0" ReturnHostCommand="true" xmlns="http://webservices.sabre.com/sabreXML/2011/10">
      <Request Output="SCREEN">
        <HostCommand>QR</HostCommand>
      </Request>
    </SabreCommandLLSRQ>
  </soap:Body>
</soap:Envelope>]]></Request><Response><![CDATA[<?xml version="1.0" encoding="UTF-8"?>
<soap-env:Envelope xmlns:soap-env="http://schemas.xmlsoap.org/soap/envelope/"><soap-env:Header><eb:MessageHeader xmlns:eb="http://www.ebxml.org/namespaces/messageHeader" eb:version="1.0" soap-env:mustUnderstand="1"><eb:From><eb:PartyId eb:type="urn:x12.org.IO5:01">webservices.sabre.com</eb:PartyId></eb:From><eb:To><eb:PartyId eb:type="urn:x12.org.IO5:01">com.abacus.SWSSession</eb:PartyId></eb:To><eb:ConversationId>8dad8dff-8694-4589-95df-f8edec61d48c@com.abacus.SWSSession</eb:ConversationId><eb:Service eb:type="Sabre Trip Management">SabreCommandLLSRQ</eb:Service><eb:Action>SabreCommandLLSRS</eb:Action><eb:MessageData><eb:MessageId>3199675327740772140</eb:MessageId><eb:Timestamp>2026-08-03T09:06:14</eb:Timestamp><eb:RefToMessageId>39b8839a-1fb3-425d-a6eb-d62eb2df54d4@com.abacus.SWSSession</eb:RefToMessageId></eb:MessageData></eb:MessageHeader><wsse:Security xmlns:wsse="http://schemas.xmlsoap.org/ws/2002/12/secext"><wsse:BinarySecurityToken valueType="String" EncodingType="wsse:Base64Binary">Shared/IDL:IceSess\/SessMgr:1\.0.IDL/Common/!ICESMS\/RESF!ICESMSLB\/RES.LB!1785747927971!6359!517</wsse:BinarySecurityToken></wsse:Security></soap-env:Header><soap-env:Body><SabreCommandLLSRS xmlns="http://webservices.sabre.com/sabreXML/2011/10" xmlns:xs="http://www.w3.org/2001/XMLSchema" xmlns:xsi="http://www.w3.org/2001/XMLSchema-instance" xmlns:stl="http://services.sabre.com/STL/v01" Version="2.0.0">
 <stl:ApplicationResults status="Complete">
  <stl:Success timeStamp="2026-08-03T09:06:14Z">
   <stl:SystemSpecificResults>
    <stl:HostCommand LNIATA="641EEE">QR</stl:HostCommand>
   </stl:SystemSpecificResults>
  </stl:Success>
 </stl:ApplicationResults>
 <Response>CANNOT DO THIS IF OFF QUEUE
</Response>
</SabreCommandLLSRS></soap-env:Body></soap-env:Envelope>]]></Response></ApiLog>","PCC:HO PCC|Command:QR|HTTP:200|Status:SUCCESS","2026-08-03 14:36:14",,,0,"2026-08-03 14:36:14",0
4811,052e59d184944592b672,QueuePolling,0,,0,,SabreQueueMCP,QUEUE,QueueTextSource,I,SUCCESS,"<ApiLog><Request><![CDATA[<?xml version="1.0" encoding="utf-8"?>
<soap:Envelope xmlns:soap="http://schemas.xmlsoap.org/soap/envelope/" xmlns:xsi="http://www.w3.org/2001/XMLSchema-instance" xmlns:xsd="http://www.w3.org/2001/XMLSchema">
  <soap:Header>
    <MessageHeader xmlns="http://www.ebxml.org/namespaces/messageHeader">
      <From>
        <PartyId d5p1:type="urn:x12.org.IO5:01" xmlns:d5p1="http://www.ebxml.org/namespaces/messageHeader">com.abacus.SWSSession</PartyId>
      </From>
      <To>
        <PartyId d5p1:type="urn:x12.org.IO5:01" xmlns:d5p1="http://www.ebxml.org/namespaces/messageHeader">webservices.sabre.com</PartyId>
      </To>
      <ConversationId>8dad8dff-8694-4589-95df-f8edec61d48c@com.abacus.SWSSession</ConversationId>
      <Service d4p1:type="Sabre Trip Management" xmlns:d4p1="http://www.ebxml.org/namespaces/messageHeader">SabreCommandLLSRQ</Service>
      <Action>SabreCommandLLSRQ</Action>
      <MessageData>
        <MessageId>9d24e6ae-d456-4c7e-a5af-90cf02dcb71e@com.abacus.SWSSession</MessageId>
        <Timestamp>2026-08-03T09:06:15</Timestamp>
      </MessageData>
    </MessageHeader>
    <Security xmlns="http://schemas.xmlsoap.org/ws/2002/12/secext">
      <BinarySecurityToken>Shared/IDL:IceSess\/SessMgr:1\.0.IDL/Common/!ICESMS\/RESF!ICESMSLB\/RES.LB!1785747927971!6359!517</BinarySecurityToken>
    </Security>
  </soap:Header>
  <soap:Body>
    <SabreCommandLLSRQ Version="2.0.0" ReturnHostCommand="true" xmlns="http://webservices.sabre.com/sabreXML/2011/10">
      <Request Output="SCREEN">
        <HostCommand>I</HostCommand>
      </Request>
    </SabreCommandLLSRQ>
  </soap:Body>
</soap:Envelope>]]></Request><Response><![CDATA[<?xml version="1.0" encoding="UTF-8"?>
<soap-env:Envelope xmlns:soap-env="http://schemas.xmlsoap.org/soap/envelope/"><soap-env:Header><eb:MessageHeader xmlns:eb="http://www.ebxml.org/namespaces/messageHeader" eb:version="1.0" soap-env:mustUnderstand="1"><eb:From><eb:PartyId eb:type="urn:x12.org.IO5:01">webservices.sabre.com</eb:PartyId></eb:From><eb:To><eb:PartyId eb:type="urn:x12.org.IO5:01">com.abacus.SWSSession</eb:PartyId></eb:To><eb:ConversationId>8dad8dff-8694-4589-95df-f8edec61d48c@com.abacus.SWSSession</eb:ConversationId><eb:Service eb:type="Sabre Trip Management">SabreCommandLLSRQ</eb:Service><eb:Action>SabreCommandLLSRS</eb:Action><eb:MessageData><eb:MessageId>3199724327744830880</eb:MessageId><eb:Timestamp>2026-08-03T09:06:14</eb:Timestamp><eb:RefToMessageId>9d24e6ae-d456-4c7e-a5af-90cf02dcb71e@com.abacus.SWSSession</eb:RefToMessageId></eb:MessageData></eb:MessageHeader><wsse:Security xmlns:wsse="http://schemas.xmlsoap.org/ws/2002/12/secext"><wsse:BinarySecurityToken valueType="String" EncodingType="wsse:Base64Binary">Shared/IDL:IceSess\/SessMgr:1\.0.IDL/Common/!ICESMS\/RESF!ICESMSLB\/RES.LB!1785747927971!6359!517</wsse:BinarySecurityToken></wsse:Security></soap-env:Header><soap-env:Body><SabreCommandLLSRS xmlns="http://webservices.sabre.com/sabreXML/2011/10" xmlns:xs="http://www.w3.org/2001/XMLSchema" xmlns:xsi="http://www.w3.org/2001/XMLSchema-instance" xmlns:stl="http://services.sabre.com/STL/v01" Version="2.0.0">
 <stl:ApplicationResults status="Complete">
  <stl:Success timeStamp="2026-08-03T09:06:14Z">
   <stl:SystemSpecificResults>
    <stl:HostCommand LNIATA="641EEE">I</stl:HostCommand>
   </stl:SystemSpecificResults>
  </stl:Success>
 </stl:ApplicationResults>
 <Response>IGD </Response>
</SabreCommandLLSRS></soap-env:Body></soap-env:Envelope>]]></Response></ApiLog>","PCC:HO PCC|Command:I|HTTP:200|Status:SUCCESS","2026-08-03 14:36:14",,,0,"2026-08-03 14:36:14",0
4807,052e59d184944592b672,QueuePolling,0,,0,,SabreQueueMCP,QUEUE,QueueTextSource,QR,SUCCESS,"<ApiLog><Request><![CDATA[<?xml version="1.0" encoding="utf-8"?>
<soap:Envelope xmlns:soap="http://schemas.xmlsoap.org/soap/envelope/" xmlns:xsi="http://www.w3.org/2001/XMLSchema-instance" xmlns:xsd="http://www.w3.org/2001/XMLSchema">
  <soap:Header>
    <MessageHeader xmlns="http://www.ebxml.org/namespaces/messageHeader">
      <From>
        <PartyId d5p1:type="urn:x12.org.IO5:01" xmlns:d5p1="http://www.ebxml.org/namespaces/messageHeader">com.abacus.SWSSession</PartyId>
      </From>
      <To>
        <PartyId d5p1:type="urn:x12.org.IO5:01" xmlns:d5p1="http://www.ebxml.org/namespaces/messageHeader">webservices.sabre.com</PartyId>
      </To>
      <ConversationId>8dad8dff-8694-4589-95df-f8edec61d48c@com.abacus.SWSSession</ConversationId>
      <Service d4p1:type="Sabre Trip Management" xmlns:d4p1="http://www.ebxml.org/namespaces/messageHeader">SabreCommandLLSRQ</Service>
      <Action>SabreCommandLLSRQ</Action>
      <MessageData>
        <MessageId>acfaf350-76e7-4197-96a4-036e57aa2336@com.abacus.SWSSession</MessageId>
        <Timestamp>2026-08-03T09:06:14</Timestamp>
      </MessageData>
    </MessageHeader>
    <Security xmlns="http://schemas.xmlsoap.org/ws/2002/12/secext">
      <BinarySecurityToken>Shared/IDL:IceSess\/SessMgr:1\.0.IDL/Common/!ICESMS\/RESF!ICESMSLB\/RES.LB!1785747927971!6359!517</BinarySecurityToken>
    </Security>
  </soap:Header>
  <soap:Body>
    <SabreCommandLLSRQ Version="2.0.0" ReturnHostCommand="true" xmlns="http://webservices.sabre.com/sabreXML/2011/10">
      <Request Output="SCREEN">
        <HostCommand>QR</HostCommand>
      </Request>
    </SabreCommandLLSRQ>
  </soap:Body>
</soap:Envelope>]]></Request><Response><![CDATA[<?xml version="1.0" encoding="UTF-8"?>
<soap-env:Envelope xmlns:soap-env="http://schemas.xmlsoap.org/soap/envelope/"><soap-env:Header><eb:MessageHeader xmlns:eb="http://www.ebxml.org/namespaces/messageHeader" eb:version="1.0" soap-env:mustUnderstand="1"><eb:From><eb:PartyId eb:type="urn:x12.org.IO5:01">webservices.sabre.com</eb:PartyId></eb:From><eb:To><eb:PartyId eb:type="urn:x12.org.IO5:01">com.abacus.SWSSession</eb:PartyId></eb:To><eb:ConversationId>8dad8dff-8694-4589-95df-f8edec61d48c@com.abacus.SWSSession</eb:ConversationId><eb:Service eb:type="Sabre Trip Management">SabreCommandLLSRQ</eb:Service><eb:Action>SabreCommandLLSRS</eb:Action><eb:MessageData><eb:MessageId>3199554327728721860</eb:MessageId><eb:Timestamp>2026-08-03T09:06:12</eb:Timestamp><eb:RefToMessageId>acfaf350-76e7-4197-96a4-036e57aa2336@com.abacus.SWSSession</eb:RefToMessageId></eb:MessageData></eb:MessageHeader><wsse:Security xmlns:wsse="http://schemas.xmlsoap.org/ws/2002/12/secext"><wsse:BinarySecurityToken valueType="String" EncodingType="wsse:Base64Binary">Shared/IDL:IceSess\/SessMgr:1\.0.IDL/Common/!ICESMS\/RESF!ICESMSLB\/RES.LB!1785747927971!6359!517</wsse:BinarySecurityToken></wsse:Security></soap-env:Header><soap-env:Body><SabreCommandLLSRS xmlns="http://webservices.sabre.com/sabreXML/2011/10" xmlns:xs="http://www.w3.org/2001/XMLSchema" xmlns:xsi="http://www.w3.org/2001/XMLSchema-instance" xmlns:stl="http://services.sabre.com/STL/v01" Version="2.0.0">
 <stl:ApplicationResults status="Complete">
  <stl:Success timeStamp="2026-08-03T09:06:12Z">
   <stl:SystemSpecificResults>
    <stl:HostCommand LNIATA="641EEE">QR</stl:HostCommand>
   </stl:SystemSpecificResults>
  </stl:Success>
 </stl:ApplicationResults>
 <Response>CANNOT DO THIS IF OFF QUEUE
</Response>
</SabreCommandLLSRS></soap-env:Body></soap-env:Envelope>]]></Response></ApiLog>","PCC:HO PCC|Command:QR|HTTP:200|Status:SUCCESS","2026-08-03 14:36:13",,,0,"2026-08-03 14:36:13",0
4808,052e59d184944592b672,QueuePolling,0,,0,,SabreQueueMCP,QUEUE,QueueTextSource,I,SUCCESS,"<ApiLog><Request><![CDATA[<?xml version="1.0" encoding="utf-8"?>
<soap:Envelope xmlns:soap="http://schemas.xmlsoap.org/soap/envelope/" xmlns:xsi="http://www.w3.org/2001/XMLSchema-instance" xmlns:xsd="http://www.w3.org/2001/XMLSchema">
  <soap:Header>
    <MessageHeader xmlns="http://www.ebxml.org/namespaces/messageHeader">
      <From>
        <PartyId d5p1:type="urn:x12.org.IO5:01" xmlns:d5p1="http://www.ebxml.org/namespaces/messageHeader">com.abacus.SWSSession</PartyId>
      </From>
      <To>
        <PartyId d5p1:type="urn:x12.org.IO5:01" xmlns:d5p1="http://www.ebxml.org/namespaces/messageHeader">webservices.sabre.com</PartyId>
      </To>
      <ConversationId>8dad8dff-8694-4589-95df-f8edec61d48c@com.abacus.SWSSession</ConversationId>
      <Service d4p1:type="Sabre Trip Management" xmlns:d4p1="http://www.ebxml.org/namespaces/messageHeader">SabreCommandLLSRQ</Service>
      <Action>SabreCommandLLSRQ</Action>
      <MessageData>
        <MessageId>41e3e1af-cc9d-48cf-bb11-5ad2f825f712@com.abacus.SWSSession</MessageId>
        <Timestamp>2026-08-03T09:06:14</Timestamp>
      </MessageData>
    </MessageHeader>
    <Security xmlns="http://schemas.xmlsoap.org/ws/2002/12/secext">
      <BinarySecurityToken>Shared/IDL:IceSess\/SessMgr:1\.0.IDL/Common/!ICESMS\/RESF!ICESMSLB\/RES.LB!1785747927971!6359!517</BinarySecurityToken>
    </Security>
  </soap:Header>
  <soap:Body>
    <SabreCommandLLSRQ Version="2.0.0" ReturnHostCommand="true" xmlns="http://webservices.sabre.com/sabreXML/2011/10">
      <Request Output="SCREEN">
        <HostCommand>I</HostCommand>
      </Request>
    </SabreCommandLLSRQ>
  </soap:Body>
</soap:Envelope>]]></Request><Response><![CDATA[<?xml version="1.0" encoding="UTF-8"?>
<soap-env:Envelope xmlns:soap-env="http://schemas.xmlsoap.org/soap/envelope/"><soap-env:Header><eb:MessageHeader xmlns:eb="http://www.ebxml.org/namespaces/messageHeader" eb:version="1.0" soap-env:mustUnderstand="1"><eb:From><eb:PartyId eb:type="urn:x12.org.IO5:01">webservices.sabre.com</eb:PartyId></eb:From><eb:To><eb:PartyId eb:type="urn:x12.org.IO5:01">com.abacus.SWSSession</eb:PartyId></eb:To><eb:ConversationId>8dad8dff-8694-4589-95df-f8edec61d48c@com.abacus.SWSSession</eb:ConversationId><eb:Service eb:type="Sabre Trip Management">SabreCommandLLSRQ</eb:Service><eb:Action>SabreCommandLLSRS</eb:Action><eb:MessageData><eb:MessageId>3199597327732501980</eb:MessageId><eb:Timestamp>2026-08-03T09:06:13</eb:Timestamp><eb:RefToMessageId>41e3e1af-cc9d-48cf-bb11-5ad2f825f712@com.abacus.SWSSession</eb:RefToMessageId></eb:MessageData></eb:MessageHeader><wsse:Security xmlns:wsse="http://schemas.xmlsoap.org/ws/2002/12/secext"><wsse:BinarySecurityToken valueType="String" EncodingType="wsse:Base64Binary">Shared/IDL:IceSess\/SessMgr:1\.0.IDL/Common/!ICESMS\/RESF!ICESMSLB\/RES.LB!1785747927971!6359!517</wsse:BinarySecurityToken></wsse:Security></soap-env:Header><soap-env:Body><SabreCommandLLSRS xmlns="http://webservices.sabre.com/sabreXML/2011/10" xmlns:xs="http://www.w3.org/2001/XMLSchema" xmlns:xsi="http://www.w3.org/2001/XMLSchema-instance" xmlns:stl="http://services.sabre.com/STL/v01" Version="2.0.0">
 <stl:ApplicationResults status="Complete">
  <stl:Success timeStamp="2026-08-03T09:06:13Z">
   <stl:SystemSpecificResults>
    <stl:HostCommand LNIATA="641EEE">I</stl:HostCommand>
   </stl:SystemSpecificResults>
  </stl:Success>
 </stl:ApplicationResults>
 <Response>IGD </Response>
</SabreCommandLLSRS></soap-env:Body></soap-env:Envelope>]]></Response></ApiLog>","PCC:HO PCC|Command:I|HTTP:200|Status:SUCCESS","2026-08-03 14:36:13",,,0,"2026-08-03 14:36:13",0
4809,052e59d184944592b672,QueuePolling,0,,0,,SabreQueueMCP,QUEUE,QueueTextSource,EWR,SUCCESS,"<ApiLog><Request><![CDATA[<?xml version="1.0" encoding="utf-8"?>
<soap:Envelope xmlns:soap="http://schemas.xmlsoap.org/soap/envelope/" xmlns:xsi="http://www.w3.org/2001/XMLSchema-instance" xmlns:xsd="http://www.w3.org/2001/XMLSchema">
  <soap:Header>
    <MessageHeader xmlns="http://www.ebxml.org/namespaces/messageHeader">
      <From>
        <PartyId d5p1:type="urn:x12.org.IO5:01" xmlns:d5p1="http://www.ebxml.org/namespaces/messageHeader">com.abacus.SWSSession</PartyId>
      </From>
      <To>
        <PartyId d5p1:type="urn:x12.org.IO5:01" xmlns:d5p1="http://www.ebxml.org/namespaces/messageHeader">webservices.sabre.com</PartyId>
      </To>
      <ConversationId>8dad8dff-8694-4589-95df-f8edec61d48c@com.abacus.SWSSession</ConversationId>
      <Service d4p1:type="Sabre Trip Management" xmlns:d4p1="http://www.ebxml.org/namespaces/messageHeader">SabreCommandLLSRQ</Service>
      <Action>SabreCommandLLSRQ</Action>
      <MessageData>
        <MessageId>02a10cff-882a-4704-ba91-b551b5d4973d@com.abacus.SWSSession</MessageId>
        <Timestamp>2026-08-03T09:06:15</Timestamp>
      </MessageData>
    </MessageHeader>
    <Security xmlns="http://schemas.xmlsoap.org/ws/2002/12/secext">
      <BinarySecurityToken>Shared/IDL:IceSess\/SessMgr:1\.0.IDL/Common/!ICESMS\/RESF!ICESMSLB\/RES.LB!1785747927971!6359!517</BinarySecurityToken>
    </Security>
  </soap:Header>
  <soap:Body>
    <SabreCommandLLSRQ Version="2.0.0" ReturnHostCommand="true" xmlns="http://webservices.sabre.com/sabreXML/2011/10">
      <Request Output="SCREEN">
        <HostCommand>EWR</HostCommand>
      </Request>
    </SabreCommandLLSRQ>
  </soap:Body>
</soap:Envelope>]]></Request><Response><![CDATA[<?xml version="1.0" encoding="UTF-8"?>
<soap-env:Envelope xmlns:soap-env="http://schemas.xmlsoap.org/soap/envelope/"><soap-env:Header><eb:MessageHeader xmlns:eb="http://www.ebxml.org/namespaces/messageHeader" eb:version="1.0" soap-env:mustUnderstand="1"><eb:From><eb:PartyId eb:type="urn:x12.org.IO5:01">webservices.sabre.com</eb:PartyId></eb:From><eb:To><eb:PartyId eb:type="urn:x12.org.IO5:01">com.abacus.SWSSession</eb:PartyId></eb:To><eb:ConversationId>8dad8dff-8694-4589-95df-f8edec61d48c@com.abacus.SWSSession</eb:ConversationId><eb:Service eb:type="Sabre Trip Management">SabreCommandLLSRQ</eb:Service><eb:Action>SabreCommandLLSRS</eb:Action><eb:MessageData><eb:MessageId>3199639327736742080</eb:MessageId><eb:Timestamp>2026-08-03T09:06:13</eb:Timestamp><eb:RefToMessageId>02a10cff-882a-4704-ba91-b551b5d4973d@com.abacus.SWSSession</eb:RefToMessageId></eb:MessageData></eb:MessageHeader><wsse:Security xmlns:wsse="http://schemas.xmlsoap.org/ws/2002/12/secext"><wsse:BinarySecurityToken valueType="String" EncodingType="wsse:Base64Binary">Shared/IDL:IceSess\/SessMgr:1\.0.IDL/Common/!ICESMS\/RESF!ICESMSLB\/RES.LB!1785747927971!6359!517</wsse:BinarySecurityToken></wsse:Security></soap-env:Header><soap-env:Body><SabreCommandLLSRS xmlns="http://webservices.sabre.com/sabreXML/2011/10" xmlns:xs="http://www.w3.org/2001/XMLSchema" xmlns:xsi="http://www.w3.org/2001/XMLSchema-instance" xmlns:stl="http://services.sabre.com/STL/v01" Version="2.0.0">
 <stl:ApplicationResults status="Complete">
  <stl:Success timeStamp="2026-08-03T09:06:13Z">
   <stl:SystemSpecificResults>
    <stl:HostCommand LNIATA="641EEE">EWR</stl:HostCommand>
   </stl:SystemSpecificResults>
  </stl:Success>
 </stl:ApplicationResults>
 <Response>ITINERARY REQUIRED TO COMPLETE TRANSACTION</Response>
</SabreCommandLLSRS></soap-env:Body></soap-env:Envelope>]]></Response></ApiLog>","PCC:HO PCC|Command:EWR|HTTP:200|Status:SUCCESS","2026-08-03 14:36:13",,,0,"2026-08-03 14:36:13",0
4805,052e59d184944592b672,QueuePolling,0,,0,,SabreQueueMCP,QUEUE,QueueTextSource,I,SUCCESS,"<ApiLog><Request><![CDATA[<?xml version="1.0" encoding="utf-8"?>
<soap:Envelope xmlns:soap="http://schemas.xmlsoap.org/soap/envelope/" xmlns:xsi="http://www.w3.org/2001/XMLSchema-instance" xmlns:xsd="http://www.w3.org/2001/XMLSchema">
  <soap:Header>
    <MessageHeader xmlns="http://www.ebxml.org/namespaces/messageHeader">
      <From>
        <PartyId d5p1:type="urn:x12.org.IO5:01" xmlns:d5p1="http://www.ebxml.org/namespaces/messageHeader">com.abacus.SWSSession</PartyId>
      </From>
      <To>
        <PartyId d5p1:type="urn:x12.org.IO5:01" xmlns:d5p1="http://www.ebxml.org/namespaces/messageHeader">webservices.sabre.com</PartyId>
      </To>
      <ConversationId>8dad8dff-8694-4589-95df-f8edec61d48c@com.abacus.SWSSession</ConversationId>
      <Service d4p1:type="Sabre Trip Management" xmlns:d4p1="http://www.ebxml.org/namespaces/messageHeader">SabreCommandLLSRQ</Service>
      <Action>SabreCommandLLSRQ</Action>
      <MessageData>
        <MessageId>ac045f56-c97e-4328-90ba-99b1e206a6a4@com.abacus.SWSSession</MessageId>
        <Timestamp>2026-08-03T09:06:13</Timestamp>
      </MessageData>
    </MessageHeader>
    <Security xmlns="http://schemas.xmlsoap.org/ws/2002/12/secext">
      <BinarySecurityToken>Shared/IDL:IceSess\/SessMgr:1\.0.IDL/Common/!ICESMS\/RESF!ICESMSLB\/RES.LB!1785747927971!6359!517</BinarySecurityToken>
    </Security>
  </soap:Header>
  <soap:Body>
    <SabreCommandLLSRQ Version="2.0.0" ReturnHostCommand="true" xmlns="http://webservices.sabre.com/sabreXML/2011/10">
      <Request Output="SCREEN">
        <HostCommand>I</HostCommand>
      </Request>
    </SabreCommandLLSRQ>
  </soap:Body>
</soap:Envelope>]]></Request><Response><![CDATA[<?xml version="1.0" encoding="UTF-8"?>
<soap-env:Envelope xmlns:soap-env="http://schemas.xmlsoap.org/soap/envelope/"><soap-env:Header><eb:MessageHeader xmlns:eb="http://www.ebxml.org/namespaces/messageHeader" eb:version="1.0" soap-env:mustUnderstand="1"><eb:From><eb:PartyId eb:type="urn:x12.org.IO5:01">webservices.sabre.com</eb:PartyId></eb:From><eb:To><eb:PartyId eb:type="urn:x12.org.IO5:01">com.abacus.SWSSession</eb:PartyId></eb:To><eb:ConversationId>8dad8dff-8694-4589-95df-f8edec61d48c@com.abacus.SWSSession</eb:ConversationId><eb:Service eb:type="Sabre Trip Management">SabreCommandLLSRQ</eb:Service><eb:Action>SabreCommandLLSRS</eb:Action><eb:MessageData><eb:MessageId>3199442327719380620</eb:MessageId><eb:Timestamp>2026-08-03T09:06:12</eb:Timestamp><eb:RefToMessageId>ac045f56-c97e-4328-90ba-99b1e206a6a4@com.abacus.SWSSession</eb:RefToMessageId></eb:MessageData></eb:MessageHeader><wsse:Security xmlns:wsse="http://schemas.xmlsoap.org/ws/2002/12/secext"><wsse:BinarySecurityToken valueType="String" EncodingType="wsse:Base64Binary">Shared/IDL:IceSess\/SessMgr:1\.0.IDL/Common/!ICESMS\/RESF!ICESMSLB\/RES.LB!1785747927971!6359!517</wsse:BinarySecurityToken></wsse:Security></soap-env:Header><soap-env:Body><SabreCommandLLSRS xmlns="http://webservices.sabre.com/sabreXML/2011/10" xmlns:xs="http://www.w3.org/2001/XMLSchema" xmlns:xsi="http://www.w3.org/2001/XMLSchema-instance" xmlns:stl="http://services.sabre.com/STL/v01" Version="2.0.0">
 <stl:ApplicationResults status="Complete">
  <stl:Success timeStamp="2026-08-03T09:06:12Z">
   <stl:SystemSpecificResults>
    <stl:HostCommand LNIATA="641EEE">I</stl:HostCommand>
   </stl:SystemSpecificResults>
  </stl:Success>
 </stl:ApplicationResults>
 <Response>IGD </Response>
</SabreCommandLLSRS></soap-env:Body></soap-env:Envelope>]]></Response></ApiLog>","PCC:HO PCC|Command:I|HTTP:200|Status:SUCCESS","2026-08-03 14:36:12",,,0,"2026-08-03 14:36:12",0
4806,052e59d184944592b672,QueuePolling,0,,0,,SabreQueueMCP,QUEUE,QueueTextSource,EWR,SUCCESS,"<ApiLog><Request><![CDATA[<?xml version="1.0" encoding="utf-8"?>
<soap:Envelope xmlns:soap="http://schemas.xmlsoap.org/soap/envelope/" xmlns:xsi="http://www.w3.org/2001/XMLSchema-instance" xmlns:xsd="http://www.w3.org/2001/XMLSchema">
  <soap:Header>
    <MessageHeader xmlns="http://www.ebxml.org/namespaces/messageHeader">
      <From>
        <PartyId d5p1:type="urn:x12.org.IO5:01" xmlns:d5p1="http://www.ebxml.org/namespaces/messageHeader">com.abacus.SWSSession</PartyId>
      </From>
      <To>
        <PartyId d5p1:type="urn:x12.org.IO5:01" xmlns:d5p1="http://www.ebxml.org/namespaces/messageHeader">webservices.sabre.com</PartyId>
      </To>
      <ConversationId>8dad8dff-8694-4589-95df-f8edec61d48c@com.abacus.SWSSession</ConversationId>
      <Service d4p1:type="Sabre Trip Management" xmlns:d4p1="http://www.ebxml.org/namespaces/messageHeader">SabreCommandLLSRQ</Service>
      <Action>SabreCommandLLSRQ</Action>
      <MessageData>
        <MessageId>6612e7b4-af72-4b41-9e1c-4849191c560d@com.abacus.SWSSession</MessageId>
        <Timestamp>2026-08-03T09:06:13</Timestamp>
      </MessageData>
    </MessageHeader>
    <Security xmlns="http://schemas.xmlsoap.org/ws/2002/12/secext">
      <BinarySecurityToken>Shared/IDL:IceSess\/SessMgr:1\.0.IDL/Common/!ICESMS\/RESF!ICESMSLB\/RES.LB!1785747927971!6359!517</BinarySecurityToken>
    </Security>
  </soap:Header>
  <soap:Body>
    <SabreCommandLLSRQ Version="2.0.0" ReturnHostCommand="true" xmlns="http://webservices.sabre.com/sabreXML/2011/10">
      <Request Output="SCREEN">
        <HostCommand>EWR</HostCommand>
      </Request>
    </SabreCommandLLSRQ>
  </soap:Body>
</soap:Envelope>]]></Request><Response><![CDATA[<?xml version="1.0" encoding="UTF-8"?>
<soap-env:Envelope xmlns:soap-env="http://schemas.xmlsoap.org/soap/envelope/"><soap-env:Header><eb:MessageHeader xmlns:eb="http://www.ebxml.org/namespaces/messageHeader" eb:version="1.0" soap-env:mustUnderstand="1"><eb:From><eb:PartyId eb:type="urn:x12.org.IO5:01">webservices.sabre.com</eb:PartyId></eb:From><eb:To><eb:PartyId eb:type="urn:x12.org.IO5:01">com.abacus.SWSSession</eb:PartyId></eb:To><eb:ConversationId>8dad8dff-8694-4589-95df-f8edec61d48c@com.abacus.SWSSession</eb:ConversationId><eb:Service eb:type="Sabre Trip Management">SabreCommandLLSRQ</eb:Service><eb:Action>SabreCommandLLSRS</eb:Action><eb:MessageData><eb:MessageId>3199500327724341560</eb:MessageId><eb:Timestamp>2026-08-03T09:06:12</eb:Timestamp><eb:RefToMessageId>6612e7b4-af72-4b41-9e1c-4849191c560d@com.abacus.SWSSession</eb:RefToMessageId></eb:MessageData></eb:MessageHeader><wsse:Security xmlns:wsse="http://schemas.xmlsoap.org/ws/2002/12/secext"><wsse:BinarySecurityToken valueType="String" EncodingType="wsse:Base64Binary">Shared/IDL:IceSess\/SessMgr:1\.0.IDL/Common/!ICESMS\/RESF!ICESMSLB\/RES.LB!1785747927971!6359!517</wsse:BinarySecurityToken></wsse:Security></soap-env:Header><soap-env:Body><SabreCommandLLSRS xmlns="http://webservices.sabre.com/sabreXML/2011/10" xmlns:xs="http://www.w3.org/2001/XMLSchema" xmlns:xsi="http://www.w3.org/2001/XMLSchema-instance" xmlns:stl="http://services.sabre.com/STL/v01" Version="2.0.0">
 <stl:ApplicationResults status="Complete">
  <stl:Success timeStamp="2026-08-03T09:06:12Z">
   <stl:SystemSpecificResults>
    <stl:HostCommand LNIATA="641EEE">EWR</stl:HostCommand>
   </stl:SystemSpecificResults>
  </stl:Success>
 </stl:ApplicationResults>
 <Response>ITINERARY REQUIRED TO COMPLETE TRANSACTION</Response>
</SabreCommandLLSRS></soap-env:Body></soap-env:Envelope>]]></Response></ApiLog>","PCC:HO PCC|Command:EWR|HTTP:200|Status:SUCCESS","2026-08-03 14:36:12",,,0,"2026-08-03 14:36:12",0
4803,052e59d184944592b672,QueuePolling,0,,0,,SabreQueueMCP,QUEUE,QueueTextSource,EWR,SUCCESS,"<ApiLog><Request><![CDATA[<?xml version="1.0" encoding="utf-8"?>
<soap:Envelope xmlns:soap="http://schemas.xmlsoap.org/soap/envelope/" xmlns:xsi="http://www.w3.org/2001/XMLSchema-instance" xmlns:xsd="http://www.w3.org/2001/XMLSchema">
  <soap:Header>
    <MessageHeader xmlns="http://www.ebxml.org/namespaces/messageHeader">
      <From>
        <PartyId d5p1:type="urn:x12.org.IO5:01" xmlns:d5p1="http://www.ebxml.org/namespaces/messageHeader">com.abacus.SWSSession</PartyId>
      </From>
      <To>
        <PartyId d5p1:type="urn:x12.org.IO5:01" xmlns:d5p1="http://www.ebxml.org/namespaces/messageHeader">webservices.sabre.com</PartyId>
      </To>
      <ConversationId>8dad8dff-8694-4589-95df-f8edec61d48c@com.abacus.SWSSession</ConversationId>
      <Service d4p1:type="Sabre Trip Management" xmlns:d4p1="http://www.ebxml.org/namespaces/messageHeader">SabreCommandLLSRQ</Service>
      <Action>SabreCommandLLSRQ</Action>
      <MessageData>
        <MessageId>dfbf6d38-80d5-410b-b3d6-c345e822ba8c@com.abacus.SWSSession</MessageId>
        <Timestamp>2026-08-03T09:06:12</Timestamp>
      </MessageData>
    </MessageHeader>
    <Security xmlns="http://schemas.xmlsoap.org/ws/2002/12/secext">
      <BinarySecurityToken>Shared/IDL:IceSess\/SessMgr:1\.0.IDL/Common/!ICESMS\/RESF!ICESMSLB\/RES.LB!1785747927971!6359!517</BinarySecurityToken>
    </Security>
  </soap:Header>
  <soap:Body>
    <SabreCommandLLSRQ Version="2.0.0" ReturnHostCommand="true" xmlns="http://webservices.sabre.com/sabreXML/2011/10">
      <Request Output="SCREEN">
        <HostCommand>EWR</HostCommand>
      </Request>
    </SabreCommandLLSRQ>
  </soap:Body>
</soap:Envelope>]]></Request><Response><![CDATA[<?xml version="1.0" encoding="UTF-8"?>
<soap-env:Envelope xmlns:soap-env="http://schemas.xmlsoap.org/soap/envelope/"><soap-env:Header><eb:MessageHeader xmlns:eb="http://www.ebxml.org/namespaces/messageHeader" eb:version="1.0" soap-env:mustUnderstand="1"><eb:From><eb:PartyId eb:type="urn:x12.org.IO5:01">webservices.sabre.com</eb:PartyId></eb:From><eb:To><eb:PartyId eb:type="urn:x12.org.IO5:01">com.abacus.SWSSession</eb:PartyId></eb:To><eb:ConversationId>8dad8dff-8694-4589-95df-f8edec61d48c@com.abacus.SWSSession</eb:ConversationId><eb:Service eb:type="Sabre Trip Management">SabreCommandLLSRQ</eb:Service><eb:Action>SabreCommandLLSRS</eb:Action><eb:MessageData><eb:MessageId>3199364327711171100</eb:MessageId><eb:Timestamp>2026-08-03T09:06:11</eb:Timestamp><eb:RefToMessageId>dfbf6d38-80d5-410b-b3d6-c345e822ba8c@com.abacus.SWSSession</eb:RefToMessageId></eb:MessageData></eb:MessageHeader><wsse:Security xmlns:wsse="http://schemas.xmlsoap.org/ws/2002/12/secext"><wsse:BinarySecurityToken valueType="String" EncodingType="wsse:Base64Binary">Shared/IDL:IceSess\/SessMgr:1\.0.IDL/Common/!ICESMS\/RESF!ICESMSLB\/RES.LB!1785747927971!6359!517</wsse:BinarySecurityToken></wsse:Security></soap-env:Header><soap-env:Body><SabreCommandLLSRS xmlns="http://webservices.sabre.com/sabreXML/2011/10" xmlns:xs="http://www.w3.org/2001/XMLSchema" xmlns:xsi="http://www.w3.org/2001/XMLSchema-instance" xmlns:stl="http://services.sabre.com/STL/v01" Version="2.0.0">
 <stl:ApplicationResults status="Complete">
  <stl:Success timeStamp="2026-08-03T09:06:11Z">
   <stl:SystemSpecificResults>
    <stl:HostCommand LNIATA="641EEE">EWR</stl:HostCommand>
   </stl:SystemSpecificResults>
  </stl:Success>
 </stl:ApplicationResults>
 <Response>ITINERARY REQUIRED TO COMPLETE TRANSACTION</Response>
</SabreCommandLLSRS></soap-env:Body></soap-env:Envelope>]]></Response></ApiLog>","PCC:HO PCC|Command:EWR|HTTP:200|Status:SUCCESS","2026-08-03 14:36:11",,,0,"2026-08-03 14:36:11",0
4804,052e59d184944592b672,QueuePolling,0,,0,,SabreQueueMCP,QUEUE,QueueTextSource,QR,SUCCESS,"<ApiLog><Request><![CDATA[<?xml version="1.0" encoding="utf-8"?>
<soap:Envelope xmlns:soap="http://schemas.xmlsoap.org/soap/envelope/" xmlns:xsi="http://www.w3.org/2001/XMLSchema-instance" xmlns:xsd="http://www.w3.org/2001/XMLSchema">
  <soap:Header>
    <MessageHeader xmlns="http://www.ebxml.org/namespaces/messageHeader">
      <From>
        <PartyId d5p1:type="urn:x12.org.IO5:01" xmlns:d5p1="http://www.ebxml.org/namespaces/messageHeader">com.abacus.SWSSession</PartyId>
      </From>
      <To>
        <PartyId d5p1:type="urn:x12.org.IO5:01" xmlns:d5p1="http://www.ebxml.org/namespaces/messageHeader">webservices.sabre.com</PartyId>
      </To>
      <ConversationId>8dad8dff-8694-4589-95df-f8edec61d48c@com.abacus.SWSSession</ConversationId>
      <Service d4p1:type="Sabre Trip Management" xmlns:d4p1="http://www.ebxml.org/namespaces/messageHeader">SabreCommandLLSRQ</Service>
      <Action>SabreCommandLLSRQ</Action>
      <MessageData>
        <MessageId>1bd774f7-d1e4-446a-8218-b8577016cc79@com.abacus.SWSSession</MessageId>
        <Timestamp>2026-08-03T09:06:13</Timestamp>
      </MessageData>
    </MessageHeader>
    <Security xmlns="http://schemas.xmlsoap.org/ws/2002/12/secext">
      <BinarySecurityToken>Shared/IDL:IceSess\/SessMgr:1\.0.IDL/Common/!ICESMS\/RESF!ICESMSLB\/RES.LB!1785747927971!6359!517</BinarySecurityToken>
    </Security>
  </soap:Header>
  <soap:Body>
    <SabreCommandLLSRQ Version="2.0.0" ReturnHostCommand="true" xmlns="http://webservices.sabre.com/sabreXML/2011/10">
      <Request Output="SCREEN">
        <HostCommand>QR</HostCommand>
      </Request>
    </SabreCommandLLSRQ>
  </soap:Body>
</soap:Envelope>]]></Request><Response><![CDATA[<?xml version="1.0" encoding="UTF-8"?>
<soap-env:Envelope xmlns:soap-env="http://schemas.xmlsoap.org/soap/envelope/"><soap-env:Header><eb:MessageHeader xmlns:eb="http://www.ebxml.org/namespaces/messageHeader" eb:version="1.0" soap-env:mustUnderstand="1"><eb:From><eb:PartyId eb:type="urn:x12.org.IO5:01">webservices.sabre.com</eb:PartyId></eb:From><eb:To><eb:PartyId eb:type="urn:x12.org.IO5:01">com.abacus.SWSSession</eb:PartyId></eb:To><eb:ConversationId>8dad8dff-8694-4589-95df-f8edec61d48c@com.abacus.SWSSession</eb:ConversationId><eb:Service eb:type="Sabre Trip Management">SabreCommandLLSRQ</eb:Service><eb:Action>SabreCommandLLSRS</eb:Action><eb:MessageData><eb:MessageId>3199410327715160680</eb:MessageId><eb:Timestamp>2026-08-03T09:06:11</eb:Timestamp><eb:RefToMessageId>1bd774f7-d1e4-446a-8218-b8577016cc79@com.abacus.SWSSession</eb:RefToMessageId></eb:MessageData></eb:MessageHeader><wsse:Security xmlns:wsse="http://schemas.xmlsoap.org/ws/2002/12/secext"><wsse:BinarySecurityToken valueType="String" EncodingType="wsse:Base64Binary">Shared/IDL:IceSess\/SessMgr:1\.0.IDL/Common/!ICESMS\/RESF!ICESMSLB\/RES.LB!1785747927971!6359!517</wsse:BinarySecurityToken></wsse:Security></soap-env:Header><soap-env:Body><SabreCommandLLSRS xmlns="http://webservices.sabre.com/sabreXML/2011/10" xmlns:xs="http://www.w3.org/2001/XMLSchema" xmlns:xsi="http://www.w3.org/2001/XMLSchema-instance" xmlns:stl="http://services.sabre.com/STL/v01" Version="2.0.0">
 <stl:ApplicationResults status="Complete">
  <stl:Success timeStamp="2026-08-03T09:06:11Z">
   <stl:SystemSpecificResults>
    <stl:HostCommand LNIATA="641EEE">QR</stl:HostCommand>
   </stl:SystemSpecificResults>
  </stl:Success>
 </stl:ApplicationResults>
 <Response>CANNOT DO THIS IF OFF QUEUE
</Response>
</SabreCommandLLSRS></soap-env:Body></soap-env:Envelope>]]></Response></ApiLog>","PCC:HO PCC|Command:QR|HTTP:200|Status:SUCCESS","2026-08-03 14:36:11",,,0,"2026-08-03 14:36:11",0
4800,052e59d184944592b672,QueuePolling,0,,0,,SabreQueueMCP,QUEUE,QueueTextSource,EWR,SUCCESS,"<ApiLog><Request><![CDATA[<?xml version="1.0" encoding="utf-8"?>
<soap:Envelope xmlns:soap="http://schemas.xmlsoap.org/soap/envelope/" xmlns:xsi="http://www.w3.org/2001/XMLSchema-instance" xmlns:xsd="http://www.w3.org/2001/XMLSchema">
  <soap:Header>
    <MessageHeader xmlns="http://www.ebxml.org/namespaces/messageHeader">
      <From>
        <PartyId d5p1:type="urn:x12.org.IO5:01" xmlns:d5p1="http://www.ebxml.org/namespaces/messageHeader">com.abacus.SWSSession</PartyId>
      </From>
      <To>
        <PartyId d5p1:type="urn:x12.org.IO5:01" xmlns:d5p1="http://www.ebxml.org/namespaces/messageHeader">webservices.sabre.com</PartyId>
      </To>
      <ConversationId>8dad8dff-8694-4589-95df-f8edec61d48c@com.abacus.SWSSession</ConversationId>
      <Service d4p1:type="Sabre Trip Management" xmlns:d4p1="http://www.ebxml.org/namespaces/messageHeader">SabreCommandLLSRQ</Service>
      <Action>SabreCommandLLSRQ</Action>
      <MessageData>
        <MessageId>a13518f2-b398-4357-84cf-3a6031d1f8a6@com.abacus.SWSSession</MessageId>
        <Timestamp>2026-08-03T09:06:11</Timestamp>
      </MessageData>
    </MessageHeader>
    <Security xmlns="http://schemas.xmlsoap.org/ws/2002/12/secext">
      <BinarySecurityToken>Shared/IDL:IceSess\/SessMgr:1\.0.IDL/Common/!ICESMS\/RESF!ICESMSLB\/RES.LB!1785747927971!6359!517</BinarySecurityToken>
    </Security>
  </soap:Header>
  <soap:Body>
    <SabreCommandLLSRQ Version="2.0.0" ReturnHostCommand="true" xmlns="http://webservices.sabre.com/sabreXML/2011/10">
      <Request Output="SCREEN">
        <HostCommand>EWR</HostCommand>
      </Request>
    </SabreCommandLLSRQ>
  </soap:Body>
</soap:Envelope>]]></Request><Response><![CDATA[<?xml version="1.0" encoding="UTF-8"?>
<soap-env:Envelope xmlns:soap-env="http://schemas.xmlsoap.org/soap/envelope/"><soap-env:Header><eb:MessageHeader xmlns:eb="http://www.ebxml.org/namespaces/messageHeader" eb:version="1.0" soap-env:mustUnderstand="1"><eb:From><eb:PartyId eb:type="urn:x12.org.IO5:01">webservices.sabre.com</eb:PartyId></eb:From><eb:To><eb:PartyId eb:type="urn:x12.org.IO5:01">com.abacus.SWSSession</eb:PartyId></eb:To><eb:ConversationId>8dad8dff-8694-4589-95df-f8edec61d48c@com.abacus.SWSSession</eb:ConversationId><eb:Service eb:type="Sabre Trip Management">SabreCommandLLSRQ</eb:Service><eb:Action>SabreCommandLLSRS</eb:Action><eb:MessageData><eb:MessageId>3199247327698781490</eb:MessageId><eb:Timestamp>2026-08-03T09:06:09</eb:Timestamp><eb:RefToMessageId>a13518f2-b398-4357-84cf-3a6031d1f8a6@com.abacus.SWSSession</eb:RefToMessageId></eb:MessageData></eb:MessageHeader><wsse:Security xmlns:wsse="http://schemas.xmlsoap.org/ws/2002/12/secext"><wsse:BinarySecurityToken valueType="String" EncodingType="wsse:Base64Binary">Shared/IDL:IceSess\/SessMgr:1\.0.IDL/Common/!ICESMS\/RESF!ICESMSLB\/RES.LB!1785747927971!6359!517</wsse:BinarySecurityToken></wsse:Security></soap-env:Header><soap-env:Body><SabreCommandLLSRS xmlns="http://webservices.sabre.com/sabreXML/2011/10" xmlns:xs="http://www.w3.org/2001/XMLSchema" xmlns:xsi="http://www.w3.org/2001/XMLSchema-instance" xmlns:stl="http://services.sabre.com/STL/v01" Version="2.0.0">
 <stl:ApplicationResults status="Complete">
  <stl:Success timeStamp="2026-08-03T09:06:09Z">
   <stl:SystemSpecificResults>
    <stl:HostCommand LNIATA="641EEE">EWR</stl:HostCommand>
   </stl:SystemSpecificResults>
  </stl:Success>
 </stl:ApplicationResults>
 <Response>ITINERARY REQUIRED TO COMPLETE TRANSACTION</Response>
</SabreCommandLLSRS></soap-env:Body></soap-env:Envelope>]]></Response></ApiLog>","PCC:HO PCC|Command:EWR|HTTP:200|Status:SUCCESS","2026-08-03 14:36:10",,,0,"2026-08-03 14:36:10",0
4801,052e59d184944592b672,QueuePolling,0,,0,,SabreQueueMCP,QUEUE,QueueTextSource,QR,SUCCESS,"<ApiLog><Request><![CDATA[<?xml version="1.0" encoding="utf-8"?>
<soap:Envelope xmlns:soap="http://schemas.xmlsoap.org/soap/envelope/" xmlns:xsi="http://www.w3.org/2001/XMLSchema-instance" xmlns:xsd="http://www.w3.org/2001/XMLSchema">
  <soap:Header>
    <MessageHeader xmlns="http://www.ebxml.org/namespaces/messageHeader">
      <From>
        <PartyId d5p1:type="urn:x12.org.IO5:01" xmlns:d5p1="http://www.ebxml.org/namespaces/messageHeader">com.abacus.SWSSession</PartyId>
      </From>
      <To>
        <PartyId d5p1:type="urn:x12.org.IO5:01" xmlns:d5p1="http://www.ebxml.org/namespaces/messageHeader">webservices.sabre.com</PartyId>
      </To>
      <ConversationId>8dad8dff-8694-4589-95df-f8edec61d48c@com.abacus.SWSSession</ConversationId>
      <Service d4p1:type="Sabre Trip Management" xmlns:d4p1="http://www.ebxml.org/namespaces/messageHeader">SabreCommandLLSRQ</Service>
      <Action>SabreCommandLLSRQ</Action>
      <MessageData>
        <MessageId>214395a2-64a9-47a1-8cbb-2f825d76a188@com.abacus.SWSSession</MessageId>
        <Timestamp>2026-08-03T09:06:11</Timestamp>
      </MessageData>
    </MessageHeader>
    <Security xmlns="http://schemas.xmlsoap.org/ws/2002/12/secext">
      <BinarySecurityToken>Shared/IDL:IceSess\/SessMgr:1\.0.IDL/Common/!ICESMS\/RESF!ICESMSLB\/RES.LB!1785747927971!6359!517</BinarySecurityToken>
    </Security>
  </soap:Header>
  <soap:Body>
    <SabreCommandLLSRQ Version="2.0.0" ReturnHostCommand="true" xmlns="http://webservices.sabre.com/sabreXML/2011/10">
      <Request Output="SCREEN">
        <HostCommand>QR</HostCommand>
      </Request>
    </SabreCommandLLSRQ>
  </soap:Body>
</soap:Envelope>]]></Request><Response><![CDATA[<?xml version="1.0" encoding="UTF-8"?>
<soap-env:Envelope xmlns:soap-env="http://schemas.xmlsoap.org/soap/envelope/"><soap-env:Header><eb:MessageHeader xmlns:eb="http://www.ebxml.org/namespaces/messageHeader" eb:version="1.0" soap-env:mustUnderstand="1"><eb:From><eb:PartyId eb:type="urn:x12.org.IO5:01">webservices.sabre.com</eb:PartyId></eb:From><eb:To><eb:PartyId eb:type="urn:x12.org.IO5:01">com.abacus.SWSSession</eb:PartyId></eb:To><eb:ConversationId>8dad8dff-8694-4589-95df-f8edec61d48c@com.abacus.SWSSession</eb:ConversationId><eb:Service eb:type="Sabre Trip Management">SabreCommandLLSRQ</eb:Service><eb:Action>SabreCommandLLSRS</eb:Action><eb:MessageData><eb:MessageId>3199289327702341110</eb:MessageId><eb:Timestamp>2026-08-03T09:06:10</eb:Timestamp><eb:RefToMessageId>214395a2-64a9-47a1-8cbb-2f825d76a188@com.abacus.SWSSession</eb:RefToMessageId></eb:MessageData></eb:MessageHeader><wsse:Security xmlns:wsse="http://schemas.xmlsoap.org/ws/2002/12/secext"><wsse:BinarySecurityToken valueType="String" EncodingType="wsse:Base64Binary">Shared/IDL:IceSess\/SessMgr:1\.0.IDL/Common/!ICESMS\/RESF!ICESMSLB\/RES.LB!1785747927971!6359!517</wsse:BinarySecurityToken></wsse:Security></soap-env:Header><soap-env:Body><SabreCommandLLSRS xmlns="http://webservices.sabre.com/sabreXML/2011/10" xmlns:xs="http://www.w3.org/2001/XMLSchema" xmlns:xsi="http://www.w3.org/2001/XMLSchema-instance" xmlns:stl="http://services.sabre.com/STL/v01" Version="2.0.0">
 <stl:ApplicationResults status="Complete">
  <stl:Success timeStamp="2026-08-03T09:06:10Z">
   <stl:SystemSpecificResults>
    <stl:HostCommand LNIATA="641EEE">QR</stl:HostCommand>
   </stl:SystemSpecificResults>
  </stl:Success>
 </stl:ApplicationResults>
 <Response>CANNOT DO THIS IF OFF QUEUE
</Response>
</SabreCommandLLSRS></soap-env:Body></soap-env:Envelope>]]></Response></ApiLog>","PCC:HO PCC|Command:QR|HTTP:200|Status:SUCCESS","2026-08-03 14:36:10",,,0,"2026-08-03 14:36:10",0
4802,052e59d184944592b672,QueuePolling,0,,0,,SabreQueueMCP,QUEUE,QueueTextSource,I,SUCCESS,"<ApiLog><Request><![CDATA[<?xml version="1.0" encoding="utf-8"?>
<soap:Envelope xmlns:soap="http://schemas.xmlsoap.org/soap/envelope/" xmlns:xsi="http://www.w3.org/2001/XMLSchema-instance" xmlns:xsd="http://www.w3.org/2001/XMLSchema">
  <soap:Header>
    <MessageHeader xmlns="http://www.ebxml.org/namespaces/messageHeader">
      <From>
        <PartyId d5p1:type="urn:x12.org.IO5:01" xmlns:d5p1="http://www.ebxml.org/namespaces/messageHeader">com.abacus.SWSSession</PartyId>
      </From>
      <To>
        <PartyId d5p1:type="urn:x12.org.IO5:01" xmlns:d5p1="http://www.ebxml.org/namespaces/messageHeader">webservices.sabre.com</PartyId>
      </To>
      <ConversationId>8dad8dff-8694-4589-95df-f8edec61d48c@com.abacus.SWSSession</ConversationId>
      <Service d4p1:type="Sabre Trip Management" xmlns:d4p1="http://www.ebxml.org/namespaces/messageHeader">SabreCommandLLSRQ</Service>
      <Action>SabreCommandLLSRQ</Action>
      <MessageData>
        <MessageId>70972d04-b9cc-4e96-94c9-4d3a89cc91ed@com.abacus.SWSSession</MessageId>
        <Timestamp>2026-08-03T09:06:12</Timestamp>
      </MessageData>
    </MessageHeader>
    <Security xmlns="http://schemas.xmlsoap.org/ws/2002/12/secext">
      <BinarySecurityToken>Shared/IDL:IceSess\/SessMgr:1\.0.IDL/Common/!ICESMS\/RESF!ICESMSLB\/RES.LB!1785747927971!6359!517</BinarySecurityToken>
    </Security>
  </soap:Header>
  <soap:Body>
    <SabreCommandLLSRQ Version="2.0.0" ReturnHostCommand="true" xmlns="http://webservices.sabre.com/sabreXML/2011/10">
      <Request Output="SCREEN">
        <HostCommand>I</HostCommand>
      </Request>
    </SabreCommandLLSRQ>
  </soap:Body>
</soap:Envelope>]]></Request><Response><![CDATA[<?xml version="1.0" encoding="UTF-8"?>
<soap-env:Envelope xmlns:soap-env="http://schemas.xmlsoap.org/soap/envelope/"><soap-env:Header><eb:MessageHeader xmlns:eb="http://www.ebxml.org/namespaces/messageHeader" eb:version="1.0" soap-env:mustUnderstand="1"><eb:From><eb:PartyId eb:type="urn:x12.org.IO5:01">webservices.sabre.com</eb:PartyId></eb:From><eb:To><eb:PartyId eb:type="urn:x12.org.IO5:01">com.abacus.SWSSession</eb:PartyId></eb:To><eb:ConversationId>8dad8dff-8694-4589-95df-f8edec61d48c@com.abacus.SWSSession</eb:ConversationId><eb:Service eb:type="Sabre Trip Management">SabreCommandLLSRQ</eb:Service><eb:Action>SabreCommandLLSRS</eb:Action><eb:MessageData><eb:MessageId>3199330327707071950</eb:MessageId><eb:Timestamp>2026-08-03T09:06:10</eb:Timestamp><eb:RefToMessageId>70972d04-b9cc-4e96-94c9-4d3a89cc91ed@com.abacus.SWSSession</eb:RefToMessageId></eb:MessageData></eb:MessageHeader><wsse:Security xmlns:wsse="http://schemas.xmlsoap.org/ws/2002/12/secext"><wsse:BinarySecurityToken valueType="String" EncodingType="wsse:Base64Binary">Shared/IDL:IceSess\/SessMgr:1\.0.IDL/Common/!ICESMS\/RESF!ICESMSLB\/RES.LB!1785747927971!6359!517</wsse:BinarySecurityToken></wsse:Security></soap-env:Header><soap-env:Body><SabreCommandLLSRS xmlns="http://webservices.sabre.com/sabreXML/2011/10" xmlns:xs="http://www.w3.org/2001/XMLSchema" xmlns:xsi="http://www.w3.org/2001/XMLSchema-instance" xmlns:stl="http://services.sabre.com/STL/v01" Version="2.0.0">
 <stl:ApplicationResults status="Complete">
  <stl:Success timeStamp="2026-08-03T09:06:10Z">
   <stl:SystemSpecificResults>
    <stl:HostCommand LNIATA="641EEE">I</stl:HostCommand>
   </stl:SystemSpecificResults>
  </stl:Success>
 </stl:ApplicationResults>
 <Response>IGD </Response>
</SabreCommandLLSRS></soap-env:Body></soap-env:Envelope>]]></Response></ApiLog>","PCC:HO PCC|Command:I|HTTP:200|Status:SUCCESS","2026-08-03 14:36:10",,,0,"2026-08-03 14:36:10",0
4798,052e59d184944592b672,QueuePolling,0,,0,,SabreQueueMCP,QUEUE,QueueTextSource,QR,SUCCESS,"<ApiLog><Request><![CDATA[<?xml version="1.0" encoding="utf-8"?>
<soap:Envelope xmlns:soap="http://schemas.xmlsoap.org/soap/envelope/" xmlns:xsi="http://www.w3.org/2001/XMLSchema-instance" xmlns:xsd="http://www.w3.org/2001/XMLSchema">
  <soap:Header>
    <MessageHeader xmlns="http://www.ebxml.org/namespaces/messageHeader">
      <From>
        <PartyId d5p1:type="urn:x12.org.IO5:01" xmlns:d5p1="http://www.ebxml.org/namespaces/messageHeader">com.abacus.SWSSession</PartyId>
      </From>
      <To>
        <PartyId d5p1:type="urn:x12.org.IO5:01" xmlns:d5p1="http://www.ebxml.org/namespaces/messageHeader">webservices.sabre.com</PartyId>
      </To>
      <ConversationId>8dad8dff-8694-4589-95df-f8edec61d48c@com.abacus.SWSSession</ConversationId>
      <Service d4p1:type="Sabre Trip Management" xmlns:d4p1="http://www.ebxml.org/namespaces/messageHeader">SabreCommandLLSRQ</Service>
      <Action>SabreCommandLLSRQ</Action>
      <MessageData>
        <MessageId>2dfa3122-6a3a-4b1a-9629-cb53f6b9d38d@com.abacus.SWSSession</MessageId>
        <Timestamp>2026-08-03T09:06:10</Timestamp>
      </MessageData>
    </MessageHeader>
    <Security xmlns="http://schemas.xmlsoap.org/ws/2002/12/secext">
      <BinarySecurityToken>Shared/IDL:IceSess\/SessMgr:1\.0.IDL/Common/!ICESMS\/RESF!ICESMSLB\/RES.LB!1785747927971!6359!517</BinarySecurityToken>
    </Security>
  </soap:Header>
  <soap:Body>
    <SabreCommandLLSRQ Version="2.0.0" ReturnHostCommand="true" xmlns="http://webservices.sabre.com/sabreXML/2011/10">
      <Request Output="SCREEN">
        <HostCommand>QR</HostCommand>
      </Request>
    </SabreCommandLLSRQ>
  </soap:Body>
</soap:Envelope>]]></Request><Response><![CDATA[<?xml version="1.0" encoding="UTF-8"?>
<soap-env:Envelope xmlns:soap-env="http://schemas.xmlsoap.org/soap/envelope/"><soap-env:Header><eb:MessageHeader xmlns:eb="http://www.ebxml.org/namespaces/messageHeader" eb:version="1.0" soap-env:mustUnderstand="1"><eb:From><eb:PartyId eb:type="urn:x12.org.IO5:01">webservices.sabre.com</eb:PartyId></eb:From><eb:To><eb:PartyId eb:type="urn:x12.org.IO5:01">com.abacus.SWSSession</eb:PartyId></eb:To><eb:ConversationId>8dad8dff-8694-4589-95df-f8edec61d48c@com.abacus.SWSSession</eb:ConversationId><eb:Service eb:type="Sabre Trip Management">SabreCommandLLSRQ</eb:Service><eb:Action>SabreCommandLLSRS</eb:Action><eb:MessageData><eb:MessageId>3199160327689561930</eb:MessageId><eb:Timestamp>2026-08-03T09:06:09</eb:Timestamp><eb:RefToMessageId>2dfa3122-6a3a-4b1a-9629-cb53f6b9d38d@com.abacus.SWSSession</eb:RefToMessageId></eb:MessageData></eb:MessageHeader><wsse:Security xmlns:wsse="http://schemas.xmlsoap.org/ws/2002/12/secext"><wsse:BinarySecurityToken valueType="String" EncodingType="wsse:Base64Binary">Shared/IDL:IceSess\/SessMgr:1\.0.IDL/Common/!ICESMS\/RESF!ICESMSLB\/RES.LB!1785747927971!6359!517</wsse:BinarySecurityToken></wsse:Security></soap-env:Header><soap-env:Body><SabreCommandLLSRS xmlns="http://webservices.sabre.com/sabreXML/2011/10" xmlns:xs="http://www.w3.org/2001/XMLSchema" xmlns:xsi="http://www.w3.org/2001/XMLSchema-instance" xmlns:stl="http://services.sabre.com/STL/v01" Version="2.0.0">
 <stl:ApplicationResults status="Complete">
  <stl:Success timeStamp="2026-08-03T09:06:09Z">
   <stl:SystemSpecificResults>
    <stl:HostCommand LNIATA="641EEE">QR</stl:HostCommand>
   </stl:SystemSpecificResults>
  </stl:Success>
 </stl:ApplicationResults>
 <Response>CANNOT DO THIS IF OFF QUEUE
</Response>
</SabreCommandLLSRS></soap-env:Body></soap-env:Envelope>]]></Response></ApiLog>","PCC:HO PCC|Command:QR|HTTP:200|Status:SUCCESS","2026-08-03 14:36:09",,,0,"2026-08-03 14:36:09",0
4799,052e59d184944592b672,QueuePolling,0,,0,,SabreQueueMCP,QUEUE,QueueTextSource,I,SUCCESS,"<ApiLog><Request><![CDATA[<?xml version="1.0" encoding="utf-8"?>
<soap:Envelope xmlns:soap="http://schemas.xmlsoap.org/soap/envelope/" xmlns:xsi="http://www.w3.org/2001/XMLSchema-instance" xmlns:xsd="http://www.w3.org/2001/XMLSchema">
  <soap:Header>
    <MessageHeader xmlns="http://www.ebxml.org/namespaces/messageHeader">
      <From>
        <PartyId d5p1:type="urn:x12.org.IO5:01" xmlns:d5p1="http://www.ebxml.org/namespaces/messageHeader">com.abacus.SWSSession</PartyId>
      </From>
      <To>
        <PartyId d5p1:type="urn:x12.org.IO5:01" xmlns:d5p1="http://www.ebxml.org/namespaces/messageHeader">webservices.sabre.com</PartyId>
      </To>
      <ConversationId>8dad8dff-8694-4589-95df-f8edec61d48c@com.abacus.SWSSession</ConversationId>
      <Service d4p1:type="Sabre Trip Management" xmlns:d4p1="http://www.ebxml.org/namespaces/messageHeader">SabreCommandLLSRQ</Service>
      <Action>SabreCommandLLSRQ</Action>
      <MessageData>
        <MessageId>ad139d34-d37c-48bf-b612-4acc1ac17d57@com.abacus.SWSSession</MessageId>
        <Timestamp>2026-08-03T09:06:10</Timestamp>
      </MessageData>
    </MessageHeader>
    <Security xmlns="http://schemas.xmlsoap.org/ws/2002/12/secext">
      <BinarySecurityToken>Shared/IDL:IceSess\/SessMgr:1\.0.IDL/Common/!ICESMS\/RESF!ICESMSLB\/RES.LB!1785747927971!6359!517</BinarySecurityToken>
    </Security>
  </soap:Header>
  <soap:Body>
    <SabreCommandLLSRQ Version="2.0.0" ReturnHostCommand="true" xmlns="http://webservices.sabre.com/sabreXML/2011/10">
      <Request Output="SCREEN">
        <HostCommand>I</HostCommand>
      </Request>
    </SabreCommandLLSRQ>
  </soap:Body>
</soap:Envelope>]]></Request><Response><![CDATA[<?xml version="1.0" encoding="UTF-8"?>
<soap-env:Envelope xmlns:soap-env="http://schemas.xmlsoap.org/soap/envelope/"><soap-env:Header><eb:MessageHeader xmlns:eb="http://www.ebxml.org/namespaces/messageHeader" eb:version="1.0" soap-env:mustUnderstand="1"><eb:From><eb:PartyId eb:type="urn:x12.org.IO5:01">webservices.sabre.com</eb:PartyId></eb:From><eb:To><eb:PartyId eb:type="urn:x12.org.IO5:01">com.abacus.SWSSession</eb:PartyId></eb:To><eb:ConversationId>8dad8dff-8694-4589-95df-f8edec61d48c@com.abacus.SWSSession</eb:ConversationId><eb:Service eb:type="Sabre Trip Management">SabreCommandLLSRQ</eb:Service><eb:Action>SabreCommandLLSRS</eb:Action><eb:MessageData><eb:MessageId>3199205327694410150</eb:MessageId><eb:Timestamp>2026-08-03T09:06:09</eb:Timestamp><eb:RefToMessageId>ad139d34-d37c-48bf-b612-4acc1ac17d57@com.abacus.SWSSession</eb:RefToMessageId></eb:MessageData></eb:MessageHeader><wsse:Security xmlns:wsse="http://schemas.xmlsoap.org/ws/2002/12/secext"><wsse:BinarySecurityToken valueType="String" EncodingType="wsse:Base64Binary">Shared/IDL:IceSess\/SessMgr:1\.0.IDL/Common/!ICESMS\/RESF!ICESMSLB\/RES.LB!1785747927971!6359!517</wsse:BinarySecurityToken></wsse:Security></soap-env:Header><soap-env:Body><SabreCommandLLSRS xmlns="http://webservices.sabre.com/sabreXML/2011/10" xmlns:xs="http://www.w3.org/2001/XMLSchema" xmlns:xsi="http://www.w3.org/2001/XMLSchema-instance" xmlns:stl="http://services.sabre.com/STL/v01" Version="2.0.0">
 <stl:ApplicationResults status="Complete">
  <stl:Success timeStamp="2026-08-03T09:06:09Z">
   <stl:SystemSpecificResults>
    <stl:HostCommand LNIATA="641EEE">I</stl:HostCommand>
   </stl:SystemSpecificResults>
  </stl:Success>
 </stl:ApplicationResults>
 <Response>IGD </Response>
</SabreCommandLLSRS></soap-env:Body></soap-env:Envelope>]]></Response></ApiLog>","PCC:HO PCC|Command:I|HTTP:200|Status:SUCCESS","2026-08-03 14:36:09",,,0,"2026-08-03 14:36:09",0
4796,052e59d184944592b672,QueuePolling,0,,0,,SabreQueueMCP,QUEUE,QueueTextSource,I,SUCCESS,"<ApiLog><Request><![CDATA[<?xml version="1.0" encoding="utf-8"?>
<soap:Envelope xmlns:soap="http://schemas.xmlsoap.org/soap/envelope/" xmlns:xsi="http://www.w3.org/2001/XMLSchema-instance" xmlns:xsd="http://www.w3.org/2001/XMLSchema">
  <soap:Header>
    <MessageHeader xmlns="http://www.ebxml.org/namespaces/messageHeader">
      <From>
        <PartyId d5p1:type="urn:x12.org.IO5:01" xmlns:d5p1="http://www.ebxml.org/namespaces/messageHeader">com.abacus.SWSSession</PartyId>
      </From>
      <To>
        <PartyId d5p1:type="urn:x12.org.IO5:01" xmlns:d5p1="http://www.ebxml.org/namespaces/messageHeader">webservices.sabre.com</PartyId>
      </To>
      <ConversationId>8dad8dff-8694-4589-95df-f8edec61d48c@com.abacus.SWSSession</ConversationId>
      <Service d4p1:type="Sabre Trip Management" xmlns:d4p1="http://www.ebxml.org/namespaces/messageHeader">SabreCommandLLSRQ</Service>
      <Action>SabreCommandLLSRQ</Action>
      <MessageData>
        <MessageId>e6050e03-2a96-436b-95d3-923816190947@com.abacus.SWSSession</MessageId>
        <Timestamp>2026-08-03T09:06:09</Timestamp>
      </MessageData>
    </MessageHeader>
    <Security xmlns="http://schemas.xmlsoap.org/ws/2002/12/secext">
      <BinarySecurityToken>Shared/IDL:IceSess\/SessMgr:1\.0.IDL/Common/!ICESMS\/RESF!ICESMSLB\/RES.LB!1785747927971!6359!517</BinarySecurityToken>
    </Security>
  </soap:Header>
  <soap:Body>
    <SabreCommandLLSRQ Version="2.0.0" ReturnHostCommand="true" xmlns="http://webservices.sabre.com/sabreXML/2011/10">
      <Request Output="SCREEN">
        <HostCommand>I</HostCommand>
      </Request>
    </SabreCommandLLSRQ>
  </soap:Body>
</soap:Envelope>]]></Request><Response><![CDATA[<?xml version="1.0" encoding="UTF-8"?>
<soap-env:Envelope xmlns:soap-env="http://schemas.xmlsoap.org/soap/envelope/"><soap-env:Header><eb:MessageHeader xmlns:eb="http://www.ebxml.org/namespaces/messageHeader" eb:version="1.0" soap-env:mustUnderstand="1"><eb:From><eb:PartyId eb:type="urn:x12.org.IO5:01">webservices.sabre.com</eb:PartyId></eb:From><eb:To><eb:PartyId eb:type="urn:x12.org.IO5:01">com.abacus.SWSSession</eb:PartyId></eb:To><eb:ConversationId>8dad8dff-8694-4589-95df-f8edec61d48c@com.abacus.SWSSession</eb:ConversationId><eb:Service eb:type="Sabre Trip Management">SabreCommandLLSRQ</eb:Service><eb:Action>SabreCommandLLSRS</eb:Action><eb:MessageData><eb:MessageId>3199061327680320230</eb:MessageId><eb:Timestamp>2026-08-03T09:06:08</eb:Timestamp><eb:RefToMessageId>e6050e03-2a96-436b-95d3-923816190947@com.abacus.SWSSession</eb:RefToMessageId></eb:MessageData></eb:MessageHeader><wsse:Security xmlns:wsse="http://schemas.xmlsoap.org/ws/2002/12/secext"><wsse:BinarySecurityToken valueType="String" EncodingType="wsse:Base64Binary">Shared/IDL:IceSess\/SessMgr:1\.0.IDL/Common/!ICESMS\/RESF!ICESMSLB\/RES.LB!1785747927971!6359!517</wsse:BinarySecurityToken></wsse:Security></soap-env:Header><soap-env:Body><SabreCommandLLSRS xmlns="http://webservices.sabre.com/sabreXML/2011/10" xmlns:xs="http://www.w3.org/2001/XMLSchema" xmlns:xsi="http://www.w3.org/2001/XMLSchema-instance" xmlns:stl="http://services.sabre.com/STL/v01" Version="2.0.0">
 <stl:ApplicationResults status="Complete">
  <stl:Success timeStamp="2026-08-03T09:06:08Z">
   <stl:SystemSpecificResults>
    <stl:HostCommand LNIATA="641EEE">I</stl:HostCommand>
   </stl:SystemSpecificResults>
  </stl:Success>
 </stl:ApplicationResults>
 <Response>IGD </Response>
</SabreCommandLLSRS></soap-env:Body></soap-env:Envelope>]]></Response></ApiLog>","PCC:HO PCC|Command:I|HTTP:200|Status:SUCCESS","2026-08-03 14:36:08",,,0,"2026-08-03 14:36:08",0
4797,052e59d184944592b672,QueuePolling,0,,0,,SabreQueueMCP,QUEUE,QueueTextSource,EWR,SUCCESS,"<ApiLog><Request><![CDATA[<?xml version="1.0" encoding="utf-8"?>
<soap:Envelope xmlns:soap="http://schemas.xmlsoap.org/soap/envelope/" xmlns:xsi="http://www.w3.org/2001/XMLSchema-instance" xmlns:xsd="http://www.w3.org/2001/XMLSchema">
  <soap:Header>
    <MessageHeader xmlns="http://www.ebxml.org/namespaces/messageHeader">
      <From>
        <PartyId d5p1:type="urn:x12.org.IO5:01" xmlns:d5p1="http://www.ebxml.org/namespaces/messageHeader">com.abacus.SWSSession</PartyId>
      </From>
      <To>
        <PartyId d5p1:type="urn:x12.org.IO5:01" xmlns:d5p1="http://www.ebxml.org/namespaces/messageHeader">webservices.sabre.com</PartyId>
      </To>
      <ConversationId>8dad8dff-8694-4589-95df-f8edec61d48c@com.abacus.SWSSession</ConversationId>
      <Service d4p1:type="Sabre Trip Management" xmlns:d4p1="http://www.ebxml.org/namespaces/messageHeader">SabreCommandLLSRQ</Service>
      <Action>SabreCommandLLSRQ</Action>
      <MessageData>
        <MessageId>d8898918-acb0-406a-9fd8-da555219ebd7@com.abacus.SWSSession</MessageId>
        <Timestamp>2026-08-03T09:06:09</Timestamp>
      </MessageData>
    </MessageHeader>
    <Security xmlns="http://schemas.xmlsoap.org/ws/2002/12/secext">
      <BinarySecurityToken>Shared/IDL:IceSess\/SessMgr:1\.0.IDL/Common/!ICESMS\/RESF!ICESMSLB\/RES.LB!1785747927971!6359!517</BinarySecurityToken>
    </Security>
  </soap:Header>
  <soap:Body>
    <SabreCommandLLSRQ Version="2.0.0" ReturnHostCommand="true" xmlns="http://webservices.sabre.com/sabreXML/2011/10">
      <Request Output="SCREEN">
        <HostCommand>EWR</HostCommand>
      </Request>
    </SabreCommandLLSRQ>
  </soap:Body>
</soap:Envelope>]]></Request><Response><![CDATA[<?xml version="1.0" encoding="UTF-8"?>
<soap-env:Envelope xmlns:soap-env="http://schemas.xmlsoap.org/soap/envelope/"><soap-env:Header><eb:MessageHeader xmlns:eb="http://www.ebxml.org/namespaces/messageHeader" eb:version="1.0" soap-env:mustUnderstand="1"><eb:From><eb:PartyId eb:type="urn:x12.org.IO5:01">webservices.sabre.com</eb:PartyId></eb:From><eb:To><eb:PartyId eb:type="urn:x12.org.IO5:01">com.abacus.SWSSession</eb:PartyId></eb:To><eb:ConversationId>8dad8dff-8694-4589-95df-f8edec61d48c@com.abacus.SWSSession</eb:ConversationId><eb:Service eb:type="Sabre Trip Management">SabreCommandLLSRQ</eb:Service><eb:Action>SabreCommandLLSRS</eb:Action><eb:MessageData><eb:MessageId>3199099327684571500</eb:MessageId><eb:Timestamp>2026-08-03T09:06:08</eb:Timestamp><eb:RefToMessageId>d8898918-acb0-406a-9fd8-da555219ebd7@com.abacus.SWSSession</eb:RefToMessageId></eb:MessageData></eb:MessageHeader><wsse:Security xmlns:wsse="http://schemas.xmlsoap.org/ws/2002/12/secext"><wsse:BinarySecurityToken valueType="String" EncodingType="wsse:Base64Binary">Shared/IDL:IceSess\/SessMgr:1\.0.IDL/Common/!ICESMS\/RESF!ICESMSLB\/RES.LB!1785747927971!6359!517</wsse:BinarySecurityToken></wsse:Security></soap-env:Header><soap-env:Body><SabreCommandLLSRS xmlns="http://webservices.sabre.com/sabreXML/2011/10" xmlns:xs="http://www.w3.org/2001/XMLSchema" xmlns:xsi="http://www.w3.org/2001/XMLSchema-instance" xmlns:stl="http://services.sabre.com/STL/v01" Version="2.0.0">
 <stl:ApplicationResults status="Complete">
  <stl:Success timeStamp="2026-08-03T09:06:08Z">
   <stl:SystemSpecificResults>
    <stl:HostCommand LNIATA="641EEE">EWR</stl:HostCommand>
   </stl:SystemSpecificResults>
  </stl:Success>
 </stl:ApplicationResults>
 <Response>ITINERARY REQUIRED TO COMPLETE TRANSACTION</Response>
</SabreCommandLLSRS></soap-env:Body></soap-env:Envelope>]]></Response></ApiLog>","PCC:HO PCC|Command:EWR|HTTP:200|Status:SUCCESS","2026-08-03 14:36:08",,,0,"2026-08-03 14:36:08",0
4793,052e59d184944592b672,QueuePolling,0,,0,,SabreQueueMCP,QUEUE,QueueTextSource,I,SUCCESS,"<ApiLog><Request><![CDATA[<?xml version="1.0" encoding="utf-8"?>
<soap:Envelope xmlns:soap="http://schemas.xmlsoap.org/soap/envelope/" xmlns:xsi="http://www.w3.org/2001/XMLSchema-instance" xmlns:xsd="http://www.w3.org/2001/XMLSchema">
  <soap:Header>
    <MessageHeader xmlns="http://www.ebxml.org/namespaces/messageHeader">
      <From>
        <PartyId d5p1:type="urn:x12.org.IO5:01" xmlns:d5p1="http://www.ebxml.org/namespaces/messageHeader">com.abacus.SWSSession</PartyId>
      </From>
      <To>
        <PartyId d5p1:type="urn:x12.org.IO5:01" xmlns:d5p1="http://www.ebxml.org/namespaces/messageHeader">webservices.sabre.com</PartyId>
      </To>
      <ConversationId>8dad8dff-8694-4589-95df-f8edec61d48c@com.abacus.SWSSession</ConversationId>
      <Service d4p1:type="Sabre Trip Management" xmlns:d4p1="http://www.ebxml.org/namespaces/messageHeader">SabreCommandLLSRQ</Service>
      <Action>SabreCommandLLSRQ</Action>
      <MessageData>
        <MessageId>4dfcd75a-0776-47ae-b788-6b6c0cffd935@com.abacus.SWSSession</MessageId>
        <Timestamp>2026-08-03T09:06:08</Timestamp>
      </MessageData>
    </MessageHeader>
    <Security xmlns="http://schemas.xmlsoap.org/ws/2002/12/secext">
      <BinarySecurityToken>Shared/IDL:IceSess\/SessMgr:1\.0.IDL/Common/!ICESMS\/RESF!ICESMSLB\/RES.LB!1785747927971!6359!517</BinarySecurityToken>
    </Security>
  </soap:Header>
  <soap:Body>
    <SabreCommandLLSRQ Version="2.0.0" ReturnHostCommand="true" xmlns="http://webservices.sabre.com/sabreXML/2011/10">
      <Request Output="SCREEN">
        <HostCommand>I</HostCommand>
      </Request>
    </SabreCommandLLSRQ>
  </soap:Body>
</soap:Envelope>]]></Request><Response><![CDATA[<?xml version="1.0" encoding="UTF-8"?>
<soap-env:Envelope xmlns:soap-env="http://schemas.xmlsoap.org/soap/envelope/"><soap-env:Header><eb:MessageHeader xmlns:eb="http://www.ebxml.org/namespaces/messageHeader" eb:version="1.0" soap-env:mustUnderstand="1"><eb:From><eb:PartyId eb:type="urn:x12.org.IO5:01">webservices.sabre.com</eb:PartyId></eb:From><eb:To><eb:PartyId eb:type="urn:x12.org.IO5:01">com.abacus.SWSSession</eb:PartyId></eb:To><eb:ConversationId>8dad8dff-8694-4589-95df-f8edec61d48c@com.abacus.SWSSession</eb:ConversationId><eb:Service eb:type="Sabre Trip Management">SabreCommandLLSRQ</eb:Service><eb:Action>SabreCommandLLSRS</eb:Action><eb:MessageData><eb:MessageId>3198939327668070170</eb:MessageId><eb:Timestamp>2026-08-03T09:06:06</eb:Timestamp><eb:RefToMessageId>4dfcd75a-0776-47ae-b788-6b6c0cffd935@com.abacus.SWSSession</eb:RefToMessageId></eb:MessageData></eb:MessageHeader><wsse:Security xmlns:wsse="http://schemas.xmlsoap.org/ws/2002/12/secext"><wsse:BinarySecurityToken valueType="String" EncodingType="wsse:Base64Binary">Shared/IDL:IceSess\/SessMgr:1\.0.IDL/Common/!ICESMS\/RESF!ICESMSLB\/RES.LB!1785747927971!6359!517</wsse:BinarySecurityToken></wsse:Security></soap-env:Header><soap-env:Body><SabreCommandLLSRS xmlns="http://webservices.sabre.com/sabreXML/2011/10" xmlns:xs="http://www.w3.org/2001/XMLSchema" xmlns:xsi="http://www.w3.org/2001/XMLSchema-instance" xmlns:stl="http://services.sabre.com/STL/v01" Version="2.0.0">
 <stl:ApplicationResults status="Complete">
  <stl:Success timeStamp="2026-08-03T09:06:06Z">
   <stl:SystemSpecificResults>
    <stl:HostCommand LNIATA="641EEE">I</stl:HostCommand>
   </stl:SystemSpecificResults>
  </stl:Success>
 </stl:ApplicationResults>
 <Response>IGD </Response>
</SabreCommandLLSRS></soap-env:Body></soap-env:Envelope>]]></Response></ApiLog>","PCC:HO PCC|Command:I|HTTP:200|Status:SUCCESS","2026-08-03 14:36:07",,,0,"2026-08-03 14:36:07",0
4794,052e59d184944592b672,QueuePolling,0,,0,,SabreQueueMCP,QUEUE,QueueTextSource,EWR,SUCCESS,"<ApiLog><Request><![CDATA[<?xml version="1.0" encoding="utf-8"?>
<soap:Envelope xmlns:soap="http://schemas.xmlsoap.org/soap/envelope/" xmlns:xsi="http://www.w3.org/2001/XMLSchema-instance" xmlns:xsd="http://www.w3.org/2001/XMLSchema">
  <soap:Header>
    <MessageHeader xmlns="http://www.ebxml.org/namespaces/messageHeader">
      <From>
        <PartyId d5p1:type="urn:x12.org.IO5:01" xmlns:d5p1="http://www.ebxml.org/namespaces/messageHeader">com.abacus.SWSSession</PartyId>
      </From>
      <To>
        <PartyId d5p1:type="urn:x12.org.IO5:01" xmlns:d5p1="http://www.ebxml.org/namespaces/messageHeader">webservices.sabre.com</PartyId>
      </To>
      <ConversationId>8dad8dff-8694-4589-95df-f8edec61d48c@com.abacus.SWSSession</ConversationId>
      <Service d4p1:type="Sabre Trip Management" xmlns:d4p1="http://www.ebxml.org/namespaces/messageHeader">SabreCommandLLSRQ</Service>
      <Action>SabreCommandLLSRQ</Action>
      <MessageData>
        <MessageId>da3be233-5701-4667-933f-e6339ba97f82@com.abacus.SWSSession</MessageId>
        <Timestamp>2026-08-03T09:06:08</Timestamp>
      </MessageData>
    </MessageHeader>
    <Security xmlns="http://schemas.xmlsoap.org/ws/2002/12/secext">
      <BinarySecurityToken>Shared/IDL:IceSess\/SessMgr:1\.0.IDL/Common/!ICESMS\/RESF!ICESMSLB\/RES.LB!1785747927971!6359!517</BinarySecurityToken>
    </Security>
  </soap:Header>
  <soap:Body>
    <SabreCommandLLSRQ Version="2.0.0" ReturnHostCommand="true" xmlns="http://webservices.sabre.com/sabreXML/2011/10">
      <Request Output="SCREEN">
        <HostCommand>EWR</HostCommand>
      </Request>
    </SabreCommandLLSRQ>
  </soap:Body>
</soap:Envelope>]]></Request><Response><![CDATA[<?xml version="1.0" encoding="UTF-8"?>
<soap-env:Envelope xmlns:soap-env="http://schemas.xmlsoap.org/soap/envelope/"><soap-env:Header><eb:MessageHeader xmlns:eb="http://www.ebxml.org/namespaces/messageHeader" eb:version="1.0" soap-env:mustUnderstand="1"><eb:From><eb:PartyId eb:type="urn:x12.org.IO5:01">webservices.sabre.com</eb:PartyId></eb:From><eb:To><eb:PartyId eb:type="urn:x12.org.IO5:01">com.abacus.SWSSession</eb:PartyId></eb:To><eb:ConversationId>8dad8dff-8694-4589-95df-f8edec61d48c@com.abacus.SWSSession</eb:ConversationId><eb:Service eb:type="Sabre Trip Management">SabreCommandLLSRQ</eb:Service><eb:Action>SabreCommandLLSRS</eb:Action><eb:MessageData><eb:MessageId>3198977327672081860</eb:MessageId><eb:Timestamp>2026-08-03T09:06:07</eb:Timestamp><eb:RefToMessageId>da3be233-5701-4667-933f-e6339ba97f82@com.abacus.SWSSession</eb:RefToMessageId></eb:MessageData></eb:MessageHeader><wsse:Security xmlns:wsse="http://schemas.xmlsoap.org/ws/2002/12/secext"><wsse:BinarySecurityToken valueType="String" EncodingType="wsse:Base64Binary">Shared/IDL:IceSess\/SessMgr:1\.0.IDL/Common/!ICESMS\/RESF!ICESMSLB\/RES.LB!1785747927971!6359!517</wsse:BinarySecurityToken></wsse:Security></soap-env:Header><soap-env:Body><SabreCommandLLSRS xmlns="http://webservices.sabre.com/sabreXML/2011/10" xmlns:xs="http://www.w3.org/2001/XMLSchema" xmlns:xsi="http://www.w3.org/2001/XMLSchema-instance" xmlns:stl="http://services.sabre.com/STL/v01" Version="2.0.0">
 <stl:ApplicationResults status="Complete">
  <stl:Success timeStamp="2026-08-03T09:06:07Z">
   <stl:SystemSpecificResults>
    <stl:HostCommand LNIATA="641EEE">EWR</stl:HostCommand>
   </stl:SystemSpecificResults>
  </stl:Success>
 </stl:ApplicationResults>
 <Response>ITINERARY REQUIRED TO COMPLETE TRANSACTION</Response>
</SabreCommandLLSRS></soap-env:Body></soap-env:Envelope>]]></Response></ApiLog>","PCC:HO PCC|Command:EWR|HTTP:200|Status:SUCCESS","2026-08-03 14:36:07",,,0,"2026-08-03 14:36:07",0
4795,052e59d184944592b672,QueuePolling,0,,0,,SabreQueueMCP,QUEUE,QueueTextSource,QR,SUCCESS,"<ApiLog><Request><![CDATA[<?xml version="1.0" encoding="utf-8"?>
<soap:Envelope xmlns:soap="http://schemas.xmlsoap.org/soap/envelope/" xmlns:xsi="http://www.w3.org/2001/XMLSchema-instance" xmlns:xsd="http://www.w3.org/2001/XMLSchema">
  <soap:Header>
    <MessageHeader xmlns="http://www.ebxml.org/namespaces/messageHeader">
      <From>
        <PartyId d5p1:type="urn:x12.org.IO5:01" xmlns:d5p1="http://www.ebxml.org/namespaces/messageHeader">com.abacus.SWSSession</PartyId>
      </From>
      <To>
        <PartyId d5p1:type="urn:x12.org.IO5:01" xmlns:d5p1="http://www.ebxml.org/namespaces/messageHeader">webservices.sabre.com</PartyId>
      </To>
      <ConversationId>8dad8dff-8694-4589-95df-f8edec61d48c@com.abacus.SWSSession</ConversationId>
      <Service d4p1:type="Sabre Trip Management" xmlns:d4p1="http://www.ebxml.org/namespaces/messageHeader">SabreCommandLLSRQ</Service>
      <Action>SabreCommandLLSRQ</Action>
      <MessageData>
        <MessageId>ec890ba1-30b5-4f83-a004-3e4a1abb5815@com.abacus.SWSSession</MessageId>
        <Timestamp>2026-08-03T09:06:09</Timestamp>
      </MessageData>
    </MessageHeader>
    <Security xmlns="http://schemas.xmlsoap.org/ws/2002/12/secext">
      <BinarySecurityToken>Shared/IDL:IceSess\/SessMgr:1\.0.IDL/Common/!ICESMS\/RESF!ICESMSLB\/RES.LB!1785747927971!6359!517</BinarySecurityToken>
    </Security>
  </soap:Header>
  <soap:Body>
    <SabreCommandLLSRQ Version="2.0.0" ReturnHostCommand="true" xmlns="http://webservices.sabre.com/sabreXML/2011/10">
      <Request Output="SCREEN">
        <HostCommand>QR</HostCommand>
      </Request>
    </SabreCommandLLSRQ>
  </soap:Body>
</soap:Envelope>]]></Request><Response><![CDATA[<?xml version="1.0" encoding="UTF-8"?>
<soap-env:Envelope xmlns:soap-env="http://schemas.xmlsoap.org/soap/envelope/"><soap-env:Header><eb:MessageHeader xmlns:eb="http://www.ebxml.org/namespaces/messageHeader" eb:version="1.0" soap-env:mustUnderstand="1"><eb:From><eb:PartyId eb:type="urn:x12.org.IO5:01">webservices.sabre.com</eb:PartyId></eb:From><eb:To><eb:PartyId eb:type="urn:x12.org.IO5:01">com.abacus.SWSSession</eb:PartyId></eb:To><eb:ConversationId>8dad8dff-8694-4589-95df-f8edec61d48c@com.abacus.SWSSession</eb:ConversationId><eb:Service eb:type="Sabre Trip Management">SabreCommandLLSRQ</eb:Service><eb:Action>SabreCommandLLSRS</eb:Action><eb:MessageData><eb:MessageId>3199024327676281700</eb:MessageId><eb:Timestamp>2026-08-03T09:06:07</eb:Timestamp><eb:RefToMessageId>ec890ba1-30b5-4f83-a004-3e4a1abb5815@com.abacus.SWSSession</eb:RefToMessageId></eb:MessageData></eb:MessageHeader><wsse:Security xmlns:wsse="http://schemas.xmlsoap.org/ws/2002/12/secext"><wsse:BinarySecurityToken valueType="String" EncodingType="wsse:Base64Binary">Shared/IDL:IceSess\/SessMgr:1\.0.IDL/Common/!ICESMS\/RESF!ICESMSLB\/RES.LB!1785747927971!6359!517</wsse:BinarySecurityToken></wsse:Security></soap-env:Header><soap-env:Body><SabreCommandLLSRS xmlns="http://webservices.sabre.com/sabreXML/2011/10" xmlns:xs="http://www.w3.org/2001/XMLSchema" xmlns:xsi="http://www.w3.org/2001/XMLSchema-instance" xmlns:stl="http://services.sabre.com/STL/v01" Version="2.0.0">
 <stl:ApplicationResults status="Complete">
  <stl:Success timeStamp="2026-08-03T09:06:07Z">
   <stl:SystemSpecificResults>
    <stl:HostCommand LNIATA="641EEE">QR</stl:HostCommand>
   </stl:SystemSpecificResults>
  </stl:Success>
 </stl:ApplicationResults>
 <Response>CANNOT DO THIS IF OFF QUEUE
</Response>
</SabreCommandLLSRS></soap-env:Body></soap-env:Envelope>]]></Response></ApiLog>","PCC:HO PCC|Command:QR|HTTP:200|Status:SUCCESS","2026-08-03 14:36:07",,,0,"2026-08-03 14:36:07",0
4791,052e59d184944592b672,QueuePolling,0,,0,,SabreQueueMCP,QUEUE,QueueTextSource,EWR,SUCCESS,"<ApiLog><Request><![CDATA[<?xml version="1.0" encoding="utf-8"?>
<soap:Envelope xmlns:soap="http://schemas.xmlsoap.org/soap/envelope/" xmlns:xsi="http://www.w3.org/2001/XMLSchema-instance" xmlns:xsd="http://www.w3.org/2001/XMLSchema">
  <soap:Header>
    <MessageHeader xmlns="http://www.ebxml.org/namespaces/messageHeader">
      <From>
        <PartyId d5p1:type="urn:x12.org.IO5:01" xmlns:d5p1="http://www.ebxml.org/namespaces/messageHeader">com.abacus.SWSSession</PartyId>
      </From>
      <To>
        <PartyId d5p1:type="urn:x12.org.IO5:01" xmlns:d5p1="http://www.ebxml.org/namespaces/messageHeader">webservices.sabre.com</PartyId>
      </To>
      <ConversationId>8dad8dff-8694-4589-95df-f8edec61d48c@com.abacus.SWSSession</ConversationId>
      <Service d4p1:type="Sabre Trip Management" xmlns:d4p1="http://www.ebxml.org/namespaces/messageHeader">SabreCommandLLSRQ</Service>
      <Action>SabreCommandLLSRQ</Action>
      <MessageData>
        <MessageId>2ac1e2c9-e836-4014-9476-6dcabacc6131@com.abacus.SWSSession</MessageId>
        <Timestamp>2026-08-03T09:06:07</Timestamp>
      </MessageData>
    </MessageHeader>
    <Security xmlns="http://schemas.xmlsoap.org/ws/2002/12/secext">
      <BinarySecurityToken>Shared/IDL:IceSess\/SessMgr:1\.0.IDL/Common/!ICESMS\/RESF!ICESMSLB\/RES.LB!1785747927971!6359!517</BinarySecurityToken>
    </Security>
  </soap:Header>
  <soap:Body>
    <SabreCommandLLSRQ Version="2.0.0" ReturnHostCommand="true" xmlns="http://webservices.sabre.com/sabreXML/2011/10">
      <Request Output="SCREEN">
        <HostCommand>EWR</HostCommand>
      </Request>
    </SabreCommandLLSRQ>
  </soap:Body>
</soap:Envelope>]]></Request><Response><![CDATA[<?xml version="1.0" encoding="UTF-8"?>
<soap-env:Envelope xmlns:soap-env="http://schemas.xmlsoap.org/soap/envelope/"><soap-env:Header><eb:MessageHeader xmlns:eb="http://www.ebxml.org/namespaces/messageHeader" eb:version="1.0" soap-env:mustUnderstand="1"><eb:From><eb:PartyId eb:type="urn:x12.org.IO5:01">webservices.sabre.com</eb:PartyId></eb:From><eb:To><eb:PartyId eb:type="urn:x12.org.IO5:01">com.abacus.SWSSession</eb:PartyId></eb:To><eb:ConversationId>8dad8dff-8694-4589-95df-f8edec61d48c@com.abacus.SWSSession</eb:ConversationId><eb:Service eb:type="Sabre Trip Management">SabreCommandLLSRQ</eb:Service><eb:Action>SabreCommandLLSRS</eb:Action><eb:MessageData><eb:MessageId>3198851327659900680</eb:MessageId><eb:Timestamp>2026-08-03T09:06:06</eb:Timestamp><eb:RefToMessageId>2ac1e2c9-e836-4014-9476-6dcabacc6131@com.abacus.SWSSession</eb:RefToMessageId></eb:MessageData></eb:MessageHeader><wsse:Security xmlns:wsse="http://schemas.xmlsoap.org/ws/2002/12/secext"><wsse:BinarySecurityToken valueType="String" EncodingType="wsse:Base64Binary">Shared/IDL:IceSess\/SessMgr:1\.0.IDL/Common/!ICESMS\/RESF!ICESMSLB\/RES.LB!1785747927971!6359!517</wsse:BinarySecurityToken></wsse:Security></soap-env:Header><soap-env:Body><SabreCommandLLSRS xmlns="http://webservices.sabre.com/sabreXML/2011/10" xmlns:xs="http://www.w3.org/2001/XMLSchema" xmlns:xsi="http://www.w3.org/2001/XMLSchema-instance" xmlns:stl="http://services.sabre.com/STL/v01" Version="2.0.0">
 <stl:ApplicationResults status="Complete">
  <stl:Success timeStamp="2026-08-03T09:06:06Z">
   <stl:SystemSpecificResults>
    <stl:HostCommand LNIATA="641EEE">EWR</stl:HostCommand>
   </stl:SystemSpecificResults>
  </stl:Success>
 </stl:ApplicationResults>
 <Response>ITINERARY REQUIRED TO COMPLETE TRANSACTION</Response>
</SabreCommandLLSRS></soap-env:Body></soap-env:Envelope>]]></Response></ApiLog>","PCC:HO PCC|Command:EWR|HTTP:200|Status:SUCCESS","2026-08-03 14:36:06",,,0,"2026-08-03 14:36:06",0
4792,052e59d184944592b672,QueuePolling,0,,0,,SabreQueueMCP,QUEUE,QueueTextSource,QR,SUCCESS,"<ApiLog><Request><![CDATA[<?xml version="1.0" encoding="utf-8"?>
<soap:Envelope xmlns:soap="http://schemas.xmlsoap.org/soap/envelope/" xmlns:xsi="http://www.w3.org/2001/XMLSchema-instance" xmlns:xsd="http://www.w3.org/2001/XMLSchema">
  <soap:Header>
    <MessageHeader xmlns="http://www.ebxml.org/namespaces/messageHeader">
      <From>
        <PartyId d5p1:type="urn:x12.org.IO5:01" xmlns:d5p1="http://www.ebxml.org/namespaces/messageHeader">com.abacus.SWSSession</PartyId>
      </From>
      <To>
        <PartyId d5p1:type="urn:x12.org.IO5:01" xmlns:d5p1="http://www.ebxml.org/namespaces/messageHeader">webservices.sabre.com</PartyId>
      </To>
      <ConversationId>8dad8dff-8694-4589-95df-f8edec61d48c@com.abacus.SWSSession</ConversationId>
      <Service d4p1:type="Sabre Trip Management" xmlns:d4p1="http://www.ebxml.org/namespaces/messageHeader">SabreCommandLLSRQ</Service>
      <Action>SabreCommandLLSRQ</Action>
      <MessageData>
        <MessageId>bafdfd10-431a-4781-80b1-a177f06faea3@com.abacus.SWSSession</MessageId>
        <Timestamp>2026-08-03T09:06:07</Timestamp>
      </MessageData>
    </MessageHeader>
    <Security xmlns="http://schemas.xmlsoap.org/ws/2002/12/secext">
      <BinarySecurityToken>Shared/IDL:IceSess\/SessMgr:1\.0.IDL/Common/!ICESMS\/RESF!ICESMSLB\/RES.LB!1785747927971!6359!517</BinarySecurityToken>
    </Security>
  </soap:Header>
  <soap:Body>
    <SabreCommandLLSRQ Version="2.0.0" ReturnHostCommand="true" xmlns="http://webservices.sabre.com/sabreXML/2011/10">
      <Request Output="SCREEN">
        <HostCommand>QR</HostCommand>
      </Request>
    </SabreCommandLLSRQ>
  </soap:Body>
</soap:Envelope>]]></Request><Response><![CDATA[<?xml version="1.0" encoding="UTF-8"?>
<soap-env:Envelope xmlns:soap-env="http://schemas.xmlsoap.org/soap/envelope/"><soap-env:Header><eb:MessageHeader xmlns:eb="http://www.ebxml.org/namespaces/messageHeader" eb:version="1.0" soap-env:mustUnderstand="1"><eb:From><eb:PartyId eb:type="urn:x12.org.IO5:01">webservices.sabre.com</eb:PartyId></eb:From><eb:To><eb:PartyId eb:type="urn:x12.org.IO5:01">com.abacus.SWSSession</eb:PartyId></eb:To><eb:ConversationId>8dad8dff-8694-4589-95df-f8edec61d48c@com.abacus.SWSSession</eb:ConversationId><eb:Service eb:type="Sabre Trip Management">SabreCommandLLSRQ</eb:Service><eb:Action>SabreCommandLLSRS</eb:Action><eb:MessageData><eb:MessageId>3198895327663941890</eb:MessageId><eb:Timestamp>2026-08-03T09:06:06</eb:Timestamp><eb:RefToMessageId>bafdfd10-431a-4781-80b1-a177f06faea3@com.abacus.SWSSession</eb:RefToMessageId></eb:MessageData></eb:MessageHeader><wsse:Security xmlns:wsse="http://schemas.xmlsoap.org/ws/2002/12/secext"><wsse:BinarySecurityToken valueType="String" EncodingType="wsse:Base64Binary">Shared/IDL:IceSess\/SessMgr:1\.0.IDL/Common/!ICESMS\/RESF!ICESMSLB\/RES.LB!1785747927971!6359!517</wsse:BinarySecurityToken></wsse:Security></soap-env:Header><soap-env:Body><SabreCommandLLSRS xmlns="http://webservices.sabre.com/sabreXML/2011/10" xmlns:xs="http://www.w3.org/2001/XMLSchema" xmlns:xsi="http://www.w3.org/2001/XMLSchema-instance" xmlns:stl="http://services.sabre.com/STL/v01" Version="2.0.0">
 <stl:ApplicationResults status="Complete">
  <stl:Success timeStamp="2026-08-03T09:06:06Z">
   <stl:SystemSpecificResults>
    <stl:HostCommand LNIATA="641EEE">QR</stl:HostCommand>
   </stl:SystemSpecificResults>
  </stl:Success>
 </stl:ApplicationResults>
 <Response>CANNOT DO THIS IF OFF QUEUE
</Response>
</SabreCommandLLSRS></soap-env:Body></soap-env:Envelope>]]></Response></ApiLog>","PCC:HO PCC|Command:QR|HTTP:200|Status:SUCCESS","2026-08-03 14:36:06",,,0,"2026-08-03 14:36:06",0
4788,052e59d184944592b672,QueuePolling,0,,0,,SabreQueueMCP,QUEUE,QueueTextSource,EWR,SUCCESS,"<ApiLog><Request><![CDATA[<?xml version="1.0" encoding="utf-8"?>
<soap:Envelope xmlns:soap="http://schemas.xmlsoap.org/soap/envelope/" xmlns:xsi="http://www.w3.org/2001/XMLSchema-instance" xmlns:xsd="http://www.w3.org/2001/XMLSchema">
  <soap:Header>
    <MessageHeader xmlns="http://www.ebxml.org/namespaces/messageHeader">
      <From>
        <PartyId d5p1:type="urn:x12.org.IO5:01" xmlns:d5p1="http://www.ebxml.org/namespaces/messageHeader">com.abacus.SWSSession</PartyId>
      </From>
      <To>
        <PartyId d5p1:type="urn:x12.org.IO5:01" xmlns:d5p1="http://www.ebxml.org/namespaces/messageHeader">webservices.sabre.com</PartyId>
      </To>
      <ConversationId>8dad8dff-8694-4589-95df-f8edec61d48c@com.abacus.SWSSession</ConversationId>
      <Service d4p1:type="Sabre Trip Management" xmlns:d4p1="http://www.ebxml.org/namespaces/messageHeader">SabreCommandLLSRQ</Service>
      <Action>SabreCommandLLSRQ</Action>
      <MessageData>
        <MessageId>393ba82c-037c-4dd9-ac27-e441ecc67dcd@com.abacus.SWSSession</MessageId>
        <Timestamp>2026-08-03T09:06:06</Timestamp>
      </MessageData>
    </MessageHeader>
    <Security xmlns="http://schemas.xmlsoap.org/ws/2002/12/secext">
      <BinarySecurityToken>Shared/IDL:IceSess\/SessMgr:1\.0.IDL/Common/!ICESMS\/RESF!ICESMSLB\/RES.LB!1785747927971!6359!517</BinarySecurityToken>
    </Security>
  </soap:Header>
  <soap:Body>
    <SabreCommandLLSRQ Version="2.0.0" ReturnHostCommand="true" xmlns="http://webservices.sabre.com/sabreXML/2011/10">
      <Request Output="SCREEN">
        <HostCommand>EWR</HostCommand>
      </Request>
    </SabreCommandLLSRQ>
  </soap:Body>
</soap:Envelope>]]></Request><Response><![CDATA[<?xml version="1.0" encoding="UTF-8"?>
<soap-env:Envelope xmlns:soap-env="http://schemas.xmlsoap.org/soap/envelope/"><soap-env:Header><eb:MessageHeader xmlns:eb="http://www.ebxml.org/namespaces/messageHeader" eb:version="1.0" soap-env:mustUnderstand="1"><eb:From><eb:PartyId eb:type="urn:x12.org.IO5:01">webservices.sabre.com</eb:PartyId></eb:From><eb:To><eb:PartyId eb:type="urn:x12.org.IO5:01">com.abacus.SWSSession</eb:PartyId></eb:To><eb:ConversationId>8dad8dff-8694-4589-95df-f8edec61d48c@com.abacus.SWSSession</eb:ConversationId><eb:Service eb:type="Sabre Trip Management">SabreCommandLLSRQ</eb:Service><eb:Action>SabreCommandLLSRS</eb:Action><eb:MessageData><eb:MessageId>3198719327647072410</eb:MessageId><eb:Timestamp>2026-08-03T09:06:04</eb:Timestamp><eb:RefToMessageId>393ba82c-037c-4dd9-ac27-e441ecc67dcd@com.abacus.SWSSession</eb:RefToMessageId></eb:MessageData></eb:MessageHeader><wsse:Security xmlns:wsse="http://schemas.xmlsoap.org/ws/2002/12/secext"><wsse:BinarySecurityToken valueType="String" EncodingType="wsse:Base64Binary">Shared/IDL:IceSess\/SessMgr:1\.0.IDL/Common/!ICESMS\/RESF!ICESMSLB\/RES.LB!1785747927971!6359!517</wsse:BinarySecurityToken></wsse:Security></soap-env:Header><soap-env:Body><SabreCommandLLSRS xmlns="http://webservices.sabre.com/sabreXML/2011/10" xmlns:xs="http://www.w3.org/2001/XMLSchema" xmlns:xsi="http://www.w3.org/2001/XMLSchema-instance" xmlns:stl="http://services.sabre.com/STL/v01" Version="2.0.0">
 <stl:ApplicationResults status="Complete">
  <stl:Success timeStamp="2026-08-03T09:06:04Z">
   <stl:SystemSpecificResults>
    <stl:HostCommand LNIATA="641EEE">EWR</stl:HostCommand>
   </stl:SystemSpecificResults>
  </stl:Success>
 </stl:ApplicationResults>
 <Response>ITINERARY REQUIRED TO COMPLETE TRANSACTION</Response>
</SabreCommandLLSRS></soap-env:Body></soap-env:Envelope>]]></Response></ApiLog>","PCC:HO PCC|Command:EWR|HTTP:200|Status:SUCCESS","2026-08-03 14:36:05",,,0,"2026-08-03 14:36:05",0
4789,052e59d184944592b672,QueuePolling,0,,0,,SabreQueueMCP,QUEUE,QueueTextSource,QR,SUCCESS,"<ApiLog><Request><![CDATA[<?xml version="1.0" encoding="utf-8"?>
<soap:Envelope xmlns:soap="http://schemas.xmlsoap.org/soap/envelope/" xmlns:xsi="http://www.w3.org/2001/XMLSchema-instance" xmlns:xsd="http://www.w3.org/2001/XMLSchema">
  <soap:Header>
    <MessageHeader xmlns="http://www.ebxml.org/namespaces/messageHeader">
      <From>
        <PartyId d5p1:type="urn:x12.org.IO5:01" xmlns:d5p1="http://www.ebxml.org/namespaces/messageHeader">com.abacus.SWSSession</PartyId>
      </From>
      <To>
        <PartyId d5p1:type="urn:x12.org.IO5:01" xmlns:d5p1="http://www.ebxml.org/namespaces/messageHeader">webservices.sabre.com</PartyId>
      </To>
      <ConversationId>8dad8dff-8694-4589-95df-f8edec61d48c@com.abacus.SWSSession</ConversationId>
      <Service d4p1:type="Sabre Trip Management" xmlns:d4p1="http://www.ebxml.org/namespaces/messageHeader">SabreCommandLLSRQ</Service>
      <Action>SabreCommandLLSRQ</Action>
      <MessageData>
        <MessageId>4367f068-7709-4ad7-aa7c-b1d850c515c1@com.abacus.SWSSession</MessageId>
        <Timestamp>2026-08-03T09:06:06</Timestamp>
      </MessageData>
    </MessageHeader>
    <Security xmlns="http://schemas.xmlsoap.org/ws/2002/12/secext">
      <BinarySecurityToken>Shared/IDL:IceSess\/SessMgr:1\.0.IDL/Common/!ICESMS\/RESF!ICESMSLB\/RES.LB!1785747927971!6359!517</BinarySecurityToken>
    </Security>
  </soap:Header>
  <soap:Body>
    <SabreCommandLLSRQ Version="2.0.0" ReturnHostCommand="true" xmlns="http://webservices.sabre.com/sabreXML/2011/10">
      <Request Output="SCREEN">
        <HostCommand>QR</HostCommand>
      </Request>
    </SabreCommandLLSRQ>
  </soap:Body>
</soap:Envelope>]]></Request><Response><![CDATA[<?xml version="1.0" encoding="UTF-8"?>
<soap-env:Envelope xmlns:soap-env="http://schemas.xmlsoap.org/soap/envelope/"><soap-env:Header><eb:MessageHeader xmlns:eb="http://www.ebxml.org/namespaces/messageHeader" eb:version="1.0" soap-env:mustUnderstand="1"><eb:From><eb:PartyId eb:type="urn:x12.org.IO5:01">webservices.sabre.com</eb:PartyId></eb:From><eb:To><eb:PartyId eb:type="urn:x12.org.IO5:01">com.abacus.SWSSession</eb:PartyId></eb:To><eb:ConversationId>8dad8dff-8694-4589-95df-f8edec61d48c@com.abacus.SWSSession</eb:ConversationId><eb:Service eb:type="Sabre Trip Management">SabreCommandLLSRQ</eb:Service><eb:Action>SabreCommandLLSRS</eb:Action><eb:MessageData><eb:MessageId>3198774327651712090</eb:MessageId><eb:Timestamp>2026-08-03T09:06:05</eb:Timestamp><eb:RefToMessageId>4367f068-7709-4ad7-aa7c-b1d850c515c1@com.abacus.SWSSession</eb:RefToMessageId></eb:MessageData></eb:MessageHeader><wsse:Security xmlns:wsse="http://schemas.xmlsoap.org/ws/2002/12/secext"><wsse:BinarySecurityToken valueType="String" EncodingType="wsse:Base64Binary">Shared/IDL:IceSess\/SessMgr:1\.0.IDL/Common/!ICESMS\/RESF!ICESMSLB\/RES.LB!1785747927971!6359!517</wsse:BinarySecurityToken></wsse:Security></soap-env:Header><soap-env:Body><SabreCommandLLSRS xmlns="http://webservices.sabre.com/sabreXML/2011/10" xmlns:xs="http://www.w3.org/2001/XMLSchema" xmlns:xsi="http://www.w3.org/2001/XMLSchema-instance" xmlns:stl="http://services.sabre.com/STL/v01" Version="2.0.0">
 <stl:ApplicationResults status="Complete">
  <stl:Success timeStamp="2026-08-03T09:06:05Z">
   <stl:SystemSpecificResults>
    <stl:HostCommand LNIATA="641EEE">QR</stl:HostCommand>
   </stl:SystemSpecificResults>
  </stl:Success>
 </stl:ApplicationResults>
 <Response>CANNOT DO THIS IF OFF QUEUE
</Response>
</SabreCommandLLSRS></soap-env:Body></soap-env:Envelope>]]></Response></ApiLog>","PCC:HO PCC|Command:QR|HTTP:200|Status:SUCCESS","2026-08-03 14:36:05",,,0,"2026-08-03 14:36:05",0
4790,052e59d184944592b672,QueuePolling,0,,0,,SabreQueueMCP,QUEUE,QueueTextSource,I,SUCCESS,"<ApiLog><Request><![CDATA[<?xml version="1.0" encoding="utf-8"?>
<soap:Envelope xmlns:soap="http://schemas.xmlsoap.org/soap/envelope/" xmlns:xsi="http://www.w3.org/2001/XMLSchema-instance" xmlns:xsd="http://www.w3.org/2001/XMLSchema">
  <soap:Header>
    <MessageHeader xmlns="http://www.ebxml.org/namespaces/messageHeader">
      <From>
        <PartyId d5p1:type="urn:x12.org.IO5:01" xmlns:d5p1="http://www.ebxml.org/namespaces/messageHeader">com.abacus.SWSSession</PartyId>
      </From>
      <To>
        <PartyId d5p1:type="urn:x12.org.IO5:01" xmlns:d5p1="http://www.ebxml.org/namespaces/messageHeader">webservices.sabre.com</PartyId>
      </To>
      <ConversationId>8dad8dff-8694-4589-95df-f8edec61d48c@com.abacus.SWSSession</ConversationId>
      <Service d4p1:type="Sabre Trip Management" xmlns:d4p1="http://www.ebxml.org/namespaces/messageHeader">SabreCommandLLSRQ</Service>
      <Action>SabreCommandLLSRQ</Action>
      <MessageData>
        <MessageId>c6154a4d-4610-4369-af62-66e2b955c9f6@com.abacus.SWSSession</MessageId>
        <Timestamp>2026-08-03T09:06:07</Timestamp>
      </MessageData>
    </MessageHeader>
    <Security xmlns="http://schemas.xmlsoap.org/ws/2002/12/secext">
      <BinarySecurityToken>Shared/IDL:IceSess\/SessMgr:1\.0.IDL/Common/!ICESMS\/RESF!ICESMSLB\/RES.LB!1785747927971!6359!517</BinarySecurityToken>
    </Security>
  </soap:Header>
  <soap:Body>
    <SabreCommandLLSRQ Version="2.0.0" ReturnHostCommand="true" xmlns="http://webservices.sabre.com/sabreXML/2011/10">
      <Request Output="SCREEN">
        <HostCommand>I</HostCommand>
      </Request>
    </SabreCommandLLSRQ>
  </soap:Body>
</soap:Envelope>]]></Request><Response><![CDATA[<?xml version="1.0" encoding="UTF-8"?>
<soap-env:Envelope xmlns:soap-env="http://schemas.xmlsoap.org/soap/envelope/"><soap-env:Header><eb:MessageHeader xmlns:eb="http://www.ebxml.org/namespaces/messageHeader" eb:version="1.0" soap-env:mustUnderstand="1"><eb:From><eb:PartyId eb:type="urn:x12.org.IO5:01">webservices.sabre.com</eb:PartyId></eb:From><eb:To><eb:PartyId eb:type="urn:x12.org.IO5:01">com.abacus.SWSSession</eb:PartyId></eb:To><eb:ConversationId>8dad8dff-8694-4589-95df-f8edec61d48c@com.abacus.SWSSession</eb:ConversationId><eb:Service eb:type="Sabre Trip Management">SabreCommandLLSRQ</eb:Service><eb:Action>SabreCommandLLSRS</eb:Action><eb:MessageData><eb:MessageId>3198812327655441290</eb:MessageId><eb:Timestamp>2026-08-03T09:06:05</eb:Timestamp><eb:RefToMessageId>c6154a4d-4610-4369-af62-66e2b955c9f6@com.abacus.SWSSession</eb:RefToMessageId></eb:MessageData></eb:MessageHeader><wsse:Security xmlns:wsse="http://schemas.xmlsoap.org/ws/2002/12/secext"><wsse:BinarySecurityToken valueType="String" EncodingType="wsse:Base64Binary">Shared/IDL:IceSess\/SessMgr:1\.0.IDL/Common/!ICESMS\/RESF!ICESMSLB\/RES.LB!1785747927971!6359!517</wsse:BinarySecurityToken></wsse:Security></soap-env:Header><soap-env:Body><SabreCommandLLSRS xmlns="http://webservices.sabre.com/sabreXML/2011/10" xmlns:xs="http://www.w3.org/2001/XMLSchema" xmlns:xsi="http://www.w3.org/2001/XMLSchema-instance" xmlns:stl="http://services.sabre.com/STL/v01" Version="2.0.0">
 <stl:ApplicationResults status="Complete">
  <stl:Success timeStamp="2026-08-03T09:06:05Z">
   <stl:SystemSpecificResults>
    <stl:HostCommand LNIATA="641EEE">I</stl:HostCommand>
   </stl:SystemSpecificResults>
  </stl:Success>
 </stl:ApplicationResults>
 <Response>IGD </Response>
</SabreCommandLLSRS></soap-env:Body></soap-env:Envelope>]]></Response></ApiLog>","PCC:HO PCC|Command:I|HTTP:200|Status:SUCCESS","2026-08-03 14:36:05",,,0,"2026-08-03 14:36:05",0
4786,052e59d184944592b672,QueuePolling,0,,0,,SabreQueueMCP,QUEUE,QueueTextSource,QR,SUCCESS,"<ApiLog><Request><![CDATA[<?xml version="1.0" encoding="utf-8"?>
<soap:Envelope xmlns:soap="http://schemas.xmlsoap.org/soap/envelope/" xmlns:xsi="http://www.w3.org/2001/XMLSchema-instance" xmlns:xsd="http://www.w3.org/2001/XMLSchema">
  <soap:Header>
    <MessageHeader xmlns="http://www.ebxml.org/namespaces/messageHeader">
      <From>
        <PartyId d5p1:type="urn:x12.org.IO5:01" xmlns:d5p1="http://www.ebxml.org/namespaces/messageHeader">com.abacus.SWSSession</PartyId>
      </From>
      <To>
        <PartyId d5p1:type="urn:x12.org.IO5:01" xmlns:d5p1="http://www.ebxml.org/namespaces/messageHeader">webservices.sabre.com</PartyId>
      </To>
      <ConversationId>8dad8dff-8694-4589-95df-f8edec61d48c@com.abacus.SWSSession</ConversationId>
      <Service d4p1:type="Sabre Trip Management" xmlns:d4p1="http://www.ebxml.org/namespaces/messageHeader">SabreCommandLLSRQ</Service>
      <Action>SabreCommandLLSRQ</Action>
      <MessageData>
        <MessageId>f4d1d21e-18ff-4543-a265-a553e325e1ca@com.abacus.SWSSession</MessageId>
        <Timestamp>2026-08-03T09:06:05</Timestamp>
      </MessageData>
    </MessageHeader>
    <Security xmlns="http://schemas.xmlsoap.org/ws/2002/12/secext">
      <BinarySecurityToken>Shared/IDL:IceSess\/SessMgr:1\.0.IDL/Common/!ICESMS\/RESF!ICESMSLB\/RES.LB!1785747927971!6359!517</BinarySecurityToken>
    </Security>
  </soap:Header>
  <soap:Body>
    <SabreCommandLLSRQ Version="2.0.0" ReturnHostCommand="true" xmlns="http://webservices.sabre.com/sabreXML/2011/10">
      <Request Output="SCREEN">
        <HostCommand>QR</HostCommand>
      </Request>
    </SabreCommandLLSRQ>
  </soap:Body>
</soap:Envelope>]]></Request><Response><![CDATA[<?xml version="1.0" encoding="UTF-8"?>
<soap-env:Envelope xmlns:soap-env="http://schemas.xmlsoap.org/soap/envelope/"><soap-env:Header><eb:MessageHeader xmlns:eb="http://www.ebxml.org/namespaces/messageHeader" eb:version="1.0" soap-env:mustUnderstand="1"><eb:From><eb:PartyId eb:type="urn:x12.org.IO5:01">webservices.sabre.com</eb:PartyId></eb:From><eb:To><eb:PartyId eb:type="urn:x12.org.IO5:01">com.abacus.SWSSession</eb:PartyId></eb:To><eb:ConversationId>8dad8dff-8694-4589-95df-f8edec61d48c@com.abacus.SWSSession</eb:ConversationId><eb:Service eb:type="Sabre Trip Management">SabreCommandLLSRQ</eb:Service><eb:Action>SabreCommandLLSRS</eb:Action><eb:MessageData><eb:MessageId>3198633327638412260</eb:MessageId><eb:Timestamp>2026-08-03T09:06:03</eb:Timestamp><eb:RefToMessageId>f4d1d21e-18ff-4543-a265-a553e325e1ca@com.abacus.SWSSession</eb:RefToMessageId></eb:MessageData></eb:MessageHeader><wsse:Security xmlns:wsse="http://schemas.xmlsoap.org/ws/2002/12/secext"><wsse:BinarySecurityToken valueType="String" EncodingType="wsse:Base64Binary">Shared/IDL:IceSess\/SessMgr:1\.0.IDL/Common/!ICESMS\/RESF!ICESMSLB\/RES.LB!1785747927971!6359!517</wsse:BinarySecurityToken></wsse:Security></soap-env:Header><soap-env:Body><SabreCommandLLSRS xmlns="http://webservices.sabre.com/sabreXML/2011/10" xmlns:xs="http://www.w3.org/2001/XMLSchema" xmlns:xsi="http://www.w3.org/2001/XMLSchema-instance" xmlns:stl="http://services.sabre.com/STL/v01" Version="2.0.0">
 <stl:ApplicationResults status="Complete">
  <stl:Success timeStamp="2026-08-03T09:06:03Z">
   <stl:SystemSpecificResults>
    <stl:HostCommand LNIATA="641EEE">QR</stl:HostCommand>
   </stl:SystemSpecificResults>
  </stl:Success>
 </stl:ApplicationResults>
 <Response>CANNOT DO THIS IF OFF QUEUE
</Response>
</SabreCommandLLSRS></soap-env:Body></soap-env:Envelope>]]></Response></ApiLog>","PCC:HO PCC|Command:QR|HTTP:200|Status:SUCCESS","2026-08-03 14:36:04",,,0,"2026-08-03 14:36:04",0
4787,052e59d184944592b672,QueuePolling,0,,0,,SabreQueueMCP,QUEUE,QueueTextSource,I,SUCCESS,"<ApiLog><Request><![CDATA[<?xml version="1.0" encoding="utf-8"?>
<soap:Envelope xmlns:soap="http://schemas.xmlsoap.org/soap/envelope/" xmlns:xsi="http://www.w3.org/2001/XMLSchema-instance" xmlns:xsd="http://www.w3.org/2001/XMLSchema">
  <soap:Header>
    <MessageHeader xmlns="http://www.ebxml.org/namespaces/messageHeader">
      <From>
        <PartyId d5p1:type="urn:x12.org.IO5:01" xmlns:d5p1="http://www.ebxml.org/namespaces/messageHeader">com.abacus.SWSSession</PartyId>
      </From>
      <To>
        <PartyId d5p1:type="urn:x12.org.IO5:01" xmlns:d5p1="http://www.ebxml.org/namespaces/messageHeader">webservices.sabre.com</PartyId>
      </To>
      <ConversationId>8dad8dff-8694-4589-95df-f8edec61d48c@com.abacus.SWSSession</ConversationId>
      <Service d4p1:type="Sabre Trip Management" xmlns:d4p1="http://www.ebxml.org/namespaces/messageHeader">SabreCommandLLSRQ</Service>
      <Action>SabreCommandLLSRQ</Action>
      <MessageData>
        <MessageId>4c75a488-3dd1-4f45-8be3-dd59545f2204@com.abacus.SWSSession</MessageId>
        <Timestamp>2026-08-03T09:06:05</Timestamp>
      </MessageData>
    </MessageHeader>
    <Security xmlns="http://schemas.xmlsoap.org/ws/2002/12/secext">
      <BinarySecurityToken>Shared/IDL:IceSess\/SessMgr:1\.0.IDL/Common/!ICESMS\/RESF!ICESMSLB\/RES.LB!1785747927971!6359!517</BinarySecurityToken>
    </Security>
  </soap:Header>
  <soap:Body>
    <SabreCommandLLSRQ Version="2.0.0" ReturnHostCommand="true" xmlns="http://webservices.sabre.com/sabreXML/2011/10">
      <Request Output="SCREEN">
        <HostCommand>I</HostCommand>
      </Request>
    </SabreCommandLLSRQ>
  </soap:Body>
</soap:Envelope>]]></Request><Response><![CDATA[<?xml version="1.0" encoding="UTF-8"?>
<soap-env:Envelope xmlns:soap-env="http://schemas.xmlsoap.org/soap/envelope/"><soap-env:Header><eb:MessageHeader xmlns:eb="http://www.ebxml.org/namespaces/messageHeader" eb:version="1.0" soap-env:mustUnderstand="1"><eb:From><eb:PartyId eb:type="urn:x12.org.IO5:01">webservices.sabre.com</eb:PartyId></eb:From><eb:To><eb:PartyId eb:type="urn:x12.org.IO5:01">com.abacus.SWSSession</eb:PartyId></eb:To><eb:ConversationId>8dad8dff-8694-4589-95df-f8edec61d48c@com.abacus.SWSSession</eb:ConversationId><eb:Service eb:type="Sabre Trip Management">SabreCommandLLSRQ</eb:Service><eb:Action>SabreCommandLLSRS</eb:Action><eb:MessageData><eb:MessageId>3198677327642401690</eb:MessageId><eb:Timestamp>2026-08-03T09:06:04</eb:Timestamp><eb:RefToMessageId>4c75a488-3dd1-4f45-8be3-dd59545f2204@com.abacus.SWSSession</eb:RefToMessageId></eb:MessageData></eb:MessageHeader><wsse:Security xmlns:wsse="http://schemas.xmlsoap.org/ws/2002/12/secext"><wsse:BinarySecurityToken valueType="String" EncodingType="wsse:Base64Binary">Shared/IDL:IceSess\/SessMgr:1\.0.IDL/Common/!ICESMS\/RESF!ICESMSLB\/RES.LB!1785747927971!6359!517</wsse:BinarySecurityToken></wsse:Security></soap-env:Header><soap-env:Body><SabreCommandLLSRS xmlns="http://webservices.sabre.com/sabreXML/2011/10" xmlns:xs="http://www.w3.org/2001/XMLSchema" xmlns:xsi="http://www.w3.org/2001/XMLSchema-instance" xmlns:stl="http://services.sabre.com/STL/v01" Version="2.0.0">
 <stl:ApplicationResults status="Complete">
  <stl:Success timeStamp="2026-08-03T09:06:04Z">
   <stl:SystemSpecificResults>
    <stl:HostCommand LNIATA="641EEE">I</stl:HostCommand>
   </stl:SystemSpecificResults>
  </stl:Success>
 </stl:ApplicationResults>
 <Response>IGD </Response>
</SabreCommandLLSRS></soap-env:Body></soap-env:Envelope>]]></Response></ApiLog>","PCC:HO PCC|Command:I|HTTP:200|Status:SUCCESS","2026-08-03 14:36:04",,,0,"2026-08-03 14:36:04",0
4784,052e59d184944592b672,QueuePolling,0,,0,,SabreQueueMCP,QUEUE,QueueTextSource,I,SUCCESS,"<ApiLog><Request><![CDATA[<?xml version="1.0" encoding="utf-8"?>
<soap:Envelope xmlns:soap="http://schemas.xmlsoap.org/soap/envelope/" xmlns:xsi="http://www.w3.org/2001/XMLSchema-instance" xmlns:xsd="http://www.w3.org/2001/XMLSchema">
  <soap:Header>
    <MessageHeader xmlns="http://www.ebxml.org/namespaces/messageHeader">
      <From>
        <PartyId d5p1:type="urn:x12.org.IO5:01" xmlns:d5p1="http://www.ebxml.org/namespaces/messageHeader">com.abacus.SWSSession</PartyId>
      </From>
      <To>
        <PartyId d5p1:type="urn:x12.org.IO5:01" xmlns:d5p1="http://www.ebxml.org/namespaces/messageHeader">webservices.sabre.com</PartyId>
      </To>
      <ConversationId>8dad8dff-8694-4589-95df-f8edec61d48c@com.abacus.SWSSession</ConversationId>
      <Service d4p1:type="Sabre Trip Management" xmlns:d4p1="http://www.ebxml.org/namespaces/messageHeader">SabreCommandLLSRQ</Service>
      <Action>SabreCommandLLSRQ</Action>
      <MessageData>
        <MessageId>44efdd56-02a4-4755-80ba-84db7f713ad4@com.abacus.SWSSession</MessageId>
        <Timestamp>2026-08-03T09:06:04</Timestamp>
      </MessageData>
    </MessageHeader>
    <Security xmlns="http://schemas.xmlsoap.org/ws/2002/12/secext">
      <BinarySecurityToken>Shared/IDL:IceSess\/SessMgr:1\.0.IDL/Common/!ICESMS\/RESF!ICESMSLB\/RES.LB!1785747927971!6359!517</BinarySecurityToken>
    </Security>
  </soap:Header>
  <soap:Body>
    <SabreCommandLLSRQ Version="2.0.0" ReturnHostCommand="true" xmlns="http://webservices.sabre.com/sabreXML/2011/10">
      <Request Output="SCREEN">
        <HostCommand>I</HostCommand>
      </Request>
    </SabreCommandLLSRQ>
  </soap:Body>
</soap:Envelope>]]></Request><Response><![CDATA[<?xml version="1.0" encoding="UTF-8"?>
<soap-env:Envelope xmlns:soap-env="http://schemas.xmlsoap.org/soap/envelope/"><soap-env:Header><eb:MessageHeader xmlns:eb="http://www.ebxml.org/namespaces/messageHeader" eb:version="1.0" soap-env:mustUnderstand="1"><eb:From><eb:PartyId eb:type="urn:x12.org.IO5:01">webservices.sabre.com</eb:PartyId></eb:From><eb:To><eb:PartyId eb:type="urn:x12.org.IO5:01">com.abacus.SWSSession</eb:PartyId></eb:To><eb:ConversationId>8dad8dff-8694-4589-95df-f8edec61d48c@com.abacus.SWSSession</eb:ConversationId><eb:Service eb:type="Sabre Trip Management">SabreCommandLLSRQ</eb:Service><eb:Action>SabreCommandLLSRS</eb:Action><eb:MessageData><eb:MessageId>3198556327630120320</eb:MessageId><eb:Timestamp>2026-08-03T09:06:03</eb:Timestamp><eb:RefToMessageId>44efdd56-02a4-4755-80ba-84db7f713ad4@com.abacus.SWSSession</eb:RefToMessageId></eb:MessageData></eb:MessageHeader><wsse:Security xmlns:wsse="http://schemas.xmlsoap.org/ws/2002/12/secext"><wsse:BinarySecurityToken valueType="String" EncodingType="wsse:Base64Binary">Shared/IDL:IceSess\/SessMgr:1\.0.IDL/Common/!ICESMS\/RESF!ICESMSLB\/RES.LB!1785747927971!6359!517</wsse:BinarySecurityToken></wsse:Security></soap-env:Header><soap-env:Body><SabreCommandLLSRS xmlns="http://webservices.sabre.com/sabreXML/2011/10" xmlns:xs="http://www.w3.org/2001/XMLSchema" xmlns:xsi="http://www.w3.org/2001/XMLSchema-instance" xmlns:stl="http://services.sabre.com/STL/v01" Version="2.0.0">
 <stl:ApplicationResults status="Complete">
  <stl:Success timeStamp="2026-08-03T09:06:03Z">
   <stl:SystemSpecificResults>
    <stl:HostCommand LNIATA="641EEE">I</stl:HostCommand>
   </stl:SystemSpecificResults>
  </stl:Success>
 </stl:ApplicationResults>
 <Response>IGD </Response>
</SabreCommandLLSRS></soap-env:Body></soap-env:Envelope>]]></Response></ApiLog>","PCC:HO PCC|Command:I|HTTP:200|Status:SUCCESS","2026-08-03 14:36:03",,,0,"2026-08-03 14:36:03",0
4785,052e59d184944592b672,QueuePolling,0,,0,,SabreQueueMCP,QUEUE,QueueTextSource,EWR,SUCCESS,"<ApiLog><Request><![CDATA[<?xml version="1.0" encoding="utf-8"?>
<soap:Envelope xmlns:soap="http://schemas.xmlsoap.org/soap/envelope/" xmlns:xsi="http://www.w3.org/2001/XMLSchema-instance" xmlns:xsd="http://www.w3.org/2001/XMLSchema">
  <soap:Header>
    <MessageHeader xmlns="http://www.ebxml.org/namespaces/messageHeader">
      <From>
        <PartyId d5p1:type="urn:x12.org.IO5:01" xmlns:d5p1="http://www.ebxml.org/namespaces/messageHeader">com.abacus.SWSSession</PartyId>
      </From>
      <To>
        <PartyId d5p1:type="urn:x12.org.IO5:01" xmlns:d5p1="http://www.ebxml.org/namespaces/messageHeader">webservices.sabre.com</PartyId>
      </To>
      <ConversationId>8dad8dff-8694-4589-95df-f8edec61d48c@com.abacus.SWSSession</ConversationId>
      <Service d4p1:type="Sabre Trip Management" xmlns:d4p1="http://www.ebxml.org/namespaces/messageHeader">SabreCommandLLSRQ</Service>
      <Action>SabreCommandLLSRQ</Action>
      <MessageData>
        <MessageId>3ac4a0a8-fc4a-4aec-8d03-f1e5571ed7a2@com.abacus.SWSSession</MessageId>
        <Timestamp>2026-08-03T09:06:04</Timestamp>
      </MessageData>
    </MessageHeader>
    <Security xmlns="http://schemas.xmlsoap.org/ws/2002/12/secext">
      <BinarySecurityToken>Shared/IDL:IceSess\/SessMgr:1\.0.IDL/Common/!ICESMS\/RESF!ICESMSLB\/RES.LB!1785747927971!6359!517</BinarySecurityToken>
    </Security>
  </soap:Header>
  <soap:Body>
    <SabreCommandLLSRQ Version="2.0.0" ReturnHostCommand="true" xmlns="http://webservices.sabre.com/sabreXML/2011/10">
      <Request Output="SCREEN">
        <HostCommand>EWR</HostCommand>
      </Request>
    </SabreCommandLLSRQ>
  </soap:Body>
</soap:Envelope>]]></Request><Response><![CDATA[<?xml version="1.0" encoding="UTF-8"?>
<soap-env:Envelope xmlns:soap-env="http://schemas.xmlsoap.org/soap/envelope/"><soap-env:Header><eb:MessageHeader xmlns:eb="http://www.ebxml.org/namespaces/messageHeader" eb:version="1.0" soap-env:mustUnderstand="1"><eb:From><eb:PartyId eb:type="urn:x12.org.IO5:01">webservices.sabre.com</eb:PartyId></eb:From><eb:To><eb:PartyId eb:type="urn:x12.org.IO5:01">com.abacus.SWSSession</eb:PartyId></eb:To><eb:ConversationId>8dad8dff-8694-4589-95df-f8edec61d48c@com.abacus.SWSSession</eb:ConversationId><eb:Service eb:type="Sabre Trip Management">SabreCommandLLSRQ</eb:Service><eb:Action>SabreCommandLLSRS</eb:Action><eb:MessageData><eb:MessageId>3198595327634182170</eb:MessageId><eb:Timestamp>2026-08-03T09:06:03</eb:Timestamp><eb:RefToMessageId>3ac4a0a8-fc4a-4aec-8d03-f1e5571ed7a2@com.abacus.SWSSession</eb:RefToMessageId></eb:MessageData></eb:MessageHeader><wsse:Security xmlns:wsse="http://schemas.xmlsoap.org/ws/2002/12/secext"><wsse:BinarySecurityToken valueType="String" EncodingType="wsse:Base64Binary">Shared/IDL:IceSess\/SessMgr:1\.0.IDL/Common/!ICESMS\/RESF!ICESMSLB\/RES.LB!1785747927971!6359!517</wsse:BinarySecurityToken></wsse:Security></soap-env:Header><soap-env:Body><SabreCommandLLSRS xmlns="http://webservices.sabre.com/sabreXML/2011/10" xmlns:xs="http://www.w3.org/2001/XMLSchema" xmlns:xsi="http://www.w3.org/2001/XMLSchema-instance" xmlns:stl="http://services.sabre.com/STL/v01" Version="2.0.0">
 <stl:ApplicationResults status="Complete">
  <stl:Success timeStamp="2026-08-03T09:06:03Z">
   <stl:SystemSpecificResults>
    <stl:HostCommand LNIATA="641EEE">EWR</stl:HostCommand>
   </stl:SystemSpecificResults>
  </stl:Success>
 </stl:ApplicationResults>
 <Response>ITINERARY REQUIRED TO COMPLETE TRANSACTION</Response>
</SabreCommandLLSRS></soap-env:Body></soap-env:Envelope>]]></Response></ApiLog>","PCC:HO PCC|Command:EWR|HTTP:200|Status:SUCCESS","2026-08-03 14:36:03",,,0,"2026-08-03 14:36:03",0
4781,052e59d184944592b672,QueuePolling,0,,0,,SabreQueueMCP,QUEUE,QueueTextSource,I,SUCCESS,"<ApiLog><Request><![CDATA[<?xml version="1.0" encoding="utf-8"?>
<soap:Envelope xmlns:soap="http://schemas.xmlsoap.org/soap/envelope/" xmlns:xsi="http://www.w3.org/2001/XMLSchema-instance" xmlns:xsd="http://www.w3.org/2001/XMLSchema">
  <soap:Header>
    <MessageHeader xmlns="http://www.ebxml.org/namespaces/messageHeader">
      <From>
        <PartyId d5p1:type="urn:x12.org.IO5:01" xmlns:d5p1="http://www.ebxml.org/namespaces/messageHeader">com.abacus.SWSSession</PartyId>
      </From>
      <To>
        <PartyId d5p1:type="urn:x12.org.IO5:01" xmlns:d5p1="http://www.ebxml.org/namespaces/messageHeader">webservices.sabre.com</PartyId>
      </To>
      <ConversationId>8dad8dff-8694-4589-95df-f8edec61d48c@com.abacus.SWSSession</ConversationId>
      <Service d4p1:type="Sabre Trip Management" xmlns:d4p1="http://www.ebxml.org/namespaces/messageHeader">SabreCommandLLSRQ</Service>
      <Action>SabreCommandLLSRQ</Action>
      <MessageData>
        <MessageId>d20a702d-72b3-4db5-8616-cf3f73527b85@com.abacus.SWSSession</MessageId>
        <Timestamp>2026-08-03T09:06:03</Timestamp>
      </MessageData>
    </MessageHeader>
    <Security xmlns="http://schemas.xmlsoap.org/ws/2002/12/secext">
      <BinarySecurityToken>Shared/IDL:IceSess\/SessMgr:1\.0.IDL/Common/!ICESMS\/RESF!ICESMSLB\/RES.LB!1785747927971!6359!517</BinarySecurityToken>
    </Security>
  </soap:Header>
  <soap:Body>
    <SabreCommandLLSRQ Version="2.0.0" ReturnHostCommand="true" xmlns="http://webservices.sabre.com/sabreXML/2011/10">
      <Request Output="SCREEN">
        <HostCommand>I</HostCommand>
      </Request>
    </SabreCommandLLSRQ>
  </soap:Body>
</soap:Envelope>]]></Request><Response><![CDATA[<?xml version="1.0" encoding="UTF-8"?>
<soap-env:Envelope xmlns:soap-env="http://schemas.xmlsoap.org/soap/envelope/"><soap-env:Header><eb:MessageHeader xmlns:eb="http://www.ebxml.org/namespaces/messageHeader" eb:version="1.0" soap-env:mustUnderstand="1"><eb:From><eb:PartyId eb:type="urn:x12.org.IO5:01">webservices.sabre.com</eb:PartyId></eb:From><eb:To><eb:PartyId eb:type="urn:x12.org.IO5:01">com.abacus.SWSSession</eb:PartyId></eb:To><eb:ConversationId>8dad8dff-8694-4589-95df-f8edec61d48c@com.abacus.SWSSession</eb:ConversationId><eb:Service eb:type="Sabre Trip Management">SabreCommandLLSRQ</eb:Service><eb:Action>SabreCommandLLSRS</eb:Action><eb:MessageData><eb:MessageId>3198429327617600590</eb:MessageId><eb:Timestamp>2026-08-03T09:06:01</eb:Timestamp><eb:RefToMessageId>d20a702d-72b3-4db5-8616-cf3f73527b85@com.abacus.SWSSession</eb:RefToMessageId></eb:MessageData></eb:MessageHeader><wsse:Security xmlns:wsse="http://schemas.xmlsoap.org/ws/2002/12/secext"><wsse:BinarySecurityToken valueType="String" EncodingType="wsse:Base64Binary">Shared/IDL:IceSess\/SessMgr:1\.0.IDL/Common/!ICESMS\/RESF!ICESMSLB\/RES.LB!1785747927971!6359!517</wsse:BinarySecurityToken></wsse:Security></soap-env:Header><soap-env:Body><SabreCommandLLSRS xmlns="http://webservices.sabre.com/sabreXML/2011/10" xmlns:xs="http://www.w3.org/2001/XMLSchema" xmlns:xsi="http://www.w3.org/2001/XMLSchema-instance" xmlns:stl="http://services.sabre.com/STL/v01" Version="2.0.0">
 <stl:ApplicationResults status="Complete">
  <stl:Success timeStamp="2026-08-03T09:06:01Z">
   <stl:SystemSpecificResults>
    <stl:HostCommand LNIATA="641EEE">I</stl:HostCommand>
   </stl:SystemSpecificResults>
  </stl:Success>
 </stl:ApplicationResults>
 <Response>IGD </Response>
</SabreCommandLLSRS></soap-env:Body></soap-env:Envelope>]]></Response></ApiLog>","PCC:HO PCC|Command:I|HTTP:200|Status:SUCCESS","2026-08-03 14:36:02",,,0,"2026-08-03 14:36:02",0
4782,052e59d184944592b672,QueuePolling,0,,0,,SabreQueueMCP,QUEUE,QueueTextSource,EWR,SUCCESS,"<ApiLog><Request><![CDATA[<?xml version="1.0" encoding="utf-8"?>
<soap:Envelope xmlns:soap="http://schemas.xmlsoap.org/soap/envelope/" xmlns:xsi="http://www.w3.org/2001/XMLSchema-instance" xmlns:xsd="http://www.w3.org/2001/XMLSchema">
  <soap:Header>
    <MessageHeader xmlns="http://www.ebxml.org/namespaces/messageHeader">
      <From>
        <PartyId d5p1:type="urn:x12.org.IO5:01" xmlns:d5p1="http://www.ebxml.org/namespaces/messageHeader">com.abacus.SWSSession</PartyId>
      </From>
      <To>
        <PartyId d5p1:type="urn:x12.org.IO5:01" xmlns:d5p1="http://www.ebxml.org/namespaces/messageHeader">webservices.sabre.com</PartyId>
      </To>
      <ConversationId>8dad8dff-8694-4589-95df-f8edec61d48c@com.abacus.SWSSession</ConversationId>
      <Service d4p1:type="Sabre Trip Management" xmlns:d4p1="http://www.ebxml.org/namespaces/messageHeader">SabreCommandLLSRQ</Service>
      <Action>SabreCommandLLSRQ</Action>
      <MessageData>
        <MessageId>cd957a29-76a2-45e8-9290-371bdfd8bfac@com.abacus.SWSSession</MessageId>
        <Timestamp>2026-08-03T09:06:03</Timestamp>
      </MessageData>
    </MessageHeader>
    <Security xmlns="http://schemas.xmlsoap.org/ws/2002/12/secext">
      <BinarySecurityToken>Shared/IDL:IceSess\/SessMgr:1\.0.IDL/Common/!ICESMS\/RESF!ICESMSLB\/RES.LB!1785747927971!6359!517</BinarySecurityToken>
    </Security>
  </soap:Header>
  <soap:Body>
    <SabreCommandLLSRQ Version="2.0.0" ReturnHostCommand="true" xmlns="http://webservices.sabre.com/sabreXML/2011/10">
      <Request Output="SCREEN">
        <HostCommand>EWR</HostCommand>
      </Request>
    </SabreCommandLLSRQ>
  </soap:Body>
</soap:Envelope>]]></Request><Response><![CDATA[<?xml version="1.0" encoding="UTF-8"?>
<soap-env:Envelope xmlns:soap-env="http://schemas.xmlsoap.org/soap/envelope/"><soap-env:Header><eb:MessageHeader xmlns:eb="http://www.ebxml.org/namespaces/messageHeader" eb:version="1.0" soap-env:mustUnderstand="1"><eb:From><eb:PartyId eb:type="urn:x12.org.IO5:01">webservices.sabre.com</eb:PartyId></eb:From><eb:To><eb:PartyId eb:type="urn:x12.org.IO5:01">com.abacus.SWSSession</eb:PartyId></eb:To><eb:ConversationId>8dad8dff-8694-4589-95df-f8edec61d48c@com.abacus.SWSSession</eb:ConversationId><eb:Service eb:type="Sabre Trip Management">SabreCommandLLSRQ</eb:Service><eb:Action>SabreCommandLLSRS</eb:Action><eb:MessageData><eb:MessageId>3198475327622020190</eb:MessageId><eb:Timestamp>2026-08-03T09:06:02</eb:Timestamp><eb:RefToMessageId>cd957a29-76a2-45e8-9290-371bdfd8bfac@com.abacus.SWSSession</eb:RefToMessageId></eb:MessageData></eb:MessageHeader><wsse:Security xmlns:wsse="http://schemas.xmlsoap.org/ws/2002/12/secext"><wsse:BinarySecurityToken valueType="String" EncodingType="wsse:Base64Binary">Shared/IDL:IceSess\/SessMgr:1\.0.IDL/Common/!ICESMS\/RESF!ICESMSLB\/RES.LB!1785747927971!6359!517</wsse:BinarySecurityToken></wsse:Security></soap-env:Header><soap-env:Body><SabreCommandLLSRS xmlns="http://webservices.sabre.com/sabreXML/2011/10" xmlns:xs="http://www.w3.org/2001/XMLSchema" xmlns:xsi="http://www.w3.org/2001/XMLSchema-instance" xmlns:stl="http://services.sabre.com/STL/v01" Version="2.0.0">
 <stl:ApplicationResults status="Complete">
  <stl:Success timeStamp="2026-08-03T09:06:02Z">
   <stl:SystemSpecificResults>
    <stl:HostCommand LNIATA="641EEE">EWR</stl:HostCommand>
   </stl:SystemSpecificResults>
  </stl:Success>
 </stl:ApplicationResults>
 <Response>ITINERARY REQUIRED TO COMPLETE TRANSACTION</Response>
</SabreCommandLLSRS></soap-env:Body></soap-env:Envelope>]]></Response></ApiLog>","PCC:HO PCC|Command:EWR|HTTP:200|Status:SUCCESS","2026-08-03 14:36:02",,,0,"2026-08-03 14:36:02",0
4783,052e59d184944592b672,QueuePolling,0,,0,,SabreQueueMCP,QUEUE,QueueTextSource,QR,SUCCESS,"<ApiLog><Request><![CDATA[<?xml version="1.0" encoding="utf-8"?>
<soap:Envelope xmlns:soap="http://schemas.xmlsoap.org/soap/envelope/" xmlns:xsi="http://www.w3.org/2001/XMLSchema-instance" xmlns:xsd="http://www.w3.org/2001/XMLSchema">
  <soap:Header>
    <MessageHeader xmlns="http://www.ebxml.org/namespaces/messageHeader">
      <From>
        <PartyId d5p1:type="urn:x12.org.IO5:01" xmlns:d5p1="http://www.ebxml.org/namespaces/messageHeader">com.abacus.SWSSession</PartyId>
      </From>
      <To>
        <PartyId d5p1:type="urn:x12.org.IO5:01" xmlns:d5p1="http://www.ebxml.org/namespaces/messageHeader">webservices.sabre.com</PartyId>
      </To>
      <ConversationId>8dad8dff-8694-4589-95df-f8edec61d48c@com.abacus.SWSSession</ConversationId>
      <Service d4p1:type="Sabre Trip Management" xmlns:d4p1="http://www.ebxml.org/namespaces/messageHeader">SabreCommandLLSRQ</Service>
      <Action>SabreCommandLLSRQ</Action>
      <MessageData>
        <MessageId>70a30e82-9f77-48e6-8513-ba2f13ff5dfa@com.abacus.SWSSession</MessageId>
        <Timestamp>2026-08-03T09:06:04</Timestamp>
      </MessageData>
    </MessageHeader>
    <Security xmlns="http://schemas.xmlsoap.org/ws/2002/12/secext">
      <BinarySecurityToken>Shared/IDL:IceSess\/SessMgr:1\.0.IDL/Common/!ICESMS\/RESF!ICESMSLB\/RES.LB!1785747927971!6359!517</BinarySecurityToken>
    </Security>
  </soap:Header>
  <soap:Body>
    <SabreCommandLLSRQ Version="2.0.0" ReturnHostCommand="true" xmlns="http://webservices.sabre.com/sabreXML/2011/10">
      <Request Output="SCREEN">
        <HostCommand>QR</HostCommand>
      </Request>
    </SabreCommandLLSRQ>
  </soap:Body>
</soap:Envelope>]]></Request><Response><![CDATA[<?xml version="1.0" encoding="UTF-8"?>
<soap-env:Envelope xmlns:soap-env="http://schemas.xmlsoap.org/soap/envelope/"><soap-env:Header><eb:MessageHeader xmlns:eb="http://www.ebxml.org/namespaces/messageHeader" eb:version="1.0" soap-env:mustUnderstand="1"><eb:From><eb:PartyId eb:type="urn:x12.org.IO5:01">webservices.sabre.com</eb:PartyId></eb:From><eb:To><eb:PartyId eb:type="urn:x12.org.IO5:01">com.abacus.SWSSession</eb:PartyId></eb:To><eb:ConversationId>8dad8dff-8694-4589-95df-f8edec61d48c@com.abacus.SWSSession</eb:ConversationId><eb:Service eb:type="Sabre Trip Management">SabreCommandLLSRQ</eb:Service><eb:Action>SabreCommandLLSRS</eb:Action><eb:MessageData><eb:MessageId>3198508327626200680</eb:MessageId><eb:Timestamp>2026-08-03T09:06:02</eb:Timestamp><eb:RefToMessageId>70a30e82-9f77-48e6-8513-ba2f13ff5dfa@com.abacus.SWSSession</eb:RefToMessageId></eb:MessageData></eb:MessageHeader><wsse:Security xmlns:wsse="http://schemas.xmlsoap.org/ws/2002/12/secext"><wsse:BinarySecurityToken valueType="String" EncodingType="wsse:Base64Binary">Shared/IDL:IceSess\/SessMgr:1\.0.IDL/Common/!ICESMS\/RESF!ICESMSLB\/RES.LB!1785747927971!6359!517</wsse:BinarySecurityToken></wsse:Security></soap-env:Header><soap-env:Body><SabreCommandLLSRS xmlns="http://webservices.sabre.com/sabreXML/2011/10" xmlns:xs="http://www.w3.org/2001/XMLSchema" xmlns:xsi="http://www.w3.org/2001/XMLSchema-instance" xmlns:stl="http://services.sabre.com/STL/v01" Version="2.0.0">
 <stl:ApplicationResults status="Complete">
  <stl:Success timeStamp="2026-08-03T09:06:02Z">
   <stl:SystemSpecificResults>
    <stl:HostCommand LNIATA="641EEE">QR</stl:HostCommand>
   </stl:SystemSpecificResults>
  </stl:Success>
 </stl:ApplicationResults>
 <Response>CANNOT DO THIS IF OFF QUEUE
</Response>
</SabreCommandLLSRS></soap-env:Body></soap-env:Envelope>]]></Response></ApiLog>","PCC:HO PCC|Command:QR|HTTP:200|Status:SUCCESS","2026-08-03 14:36:02",,,0,"2026-08-03 14:36:02",0
4779,052e59d184944592b672,QueuePolling,0,,0,,SabreQueueMCP,QUEUE,QueueTextSource,EWR,SUCCESS,"<ApiLog><Request><![CDATA[<?xml version="1.0" encoding="utf-8"?>
<soap:Envelope xmlns:soap="http://schemas.xmlsoap.org/soap/envelope/" xmlns:xsi="http://www.w3.org/2001/XMLSchema-instance" xmlns:xsd="http://www.w3.org/2001/XMLSchema">
  <soap:Header>
    <MessageHeader xmlns="http://www.ebxml.org/namespaces/messageHeader">
      <From>
        <PartyId d5p1:type="urn:x12.org.IO5:01" xmlns:d5p1="http://www.ebxml.org/namespaces/messageHeader">com.abacus.SWSSession</PartyId>
      </From>
      <To>
        <PartyId d5p1:type="urn:x12.org.IO5:01" xmlns:d5p1="http://www.ebxml.org/namespaces/messageHeader">webservices.sabre.com</PartyId>
      </To>
      <ConversationId>8dad8dff-8694-4589-95df-f8edec61d48c@com.abacus.SWSSession</ConversationId>
      <Service d4p1:type="Sabre Trip Management" xmlns:d4p1="http://www.ebxml.org/namespaces/messageHeader">SabreCommandLLSRQ</Service>
      <Action>SabreCommandLLSRQ</Action>
      <MessageData>
        <MessageId>a26a3232-90c2-40cc-9f8b-ccc9debe44ce@com.abacus.SWSSession</MessageId>
        <Timestamp>2026-08-03T09:06:02</Timestamp>
      </MessageData>
    </MessageHeader>
    <Security xmlns="http://schemas.xmlsoap.org/ws/2002/12/secext">
      <BinarySecurityToken>Shared/IDL:IceSess\/SessMgr:1\.0.IDL/Common/!ICESMS\/RESF!ICESMSLB\/RES.LB!1785747927971!6359!517</BinarySecurityToken>
    </Security>
  </soap:Header>
  <soap:Body>
    <SabreCommandLLSRQ Version="2.0.0" ReturnHostCommand="true" xmlns="http://webservices.sabre.com/sabreXML/2011/10">
      <Request Output="SCREEN">
        <HostCommand>EWR</HostCommand>
      </Request>
    </SabreCommandLLSRQ>
  </soap:Body>
</soap:Envelope>]]></Request><Response><![CDATA[<?xml version="1.0" encoding="UTF-8"?>
<soap-env:Envelope xmlns:soap-env="http://schemas.xmlsoap.org/soap/envelope/"><soap-env:Header><eb:MessageHeader xmlns:eb="http://www.ebxml.org/namespaces/messageHeader" eb:version="1.0" soap-env:mustUnderstand="1"><eb:From><eb:PartyId eb:type="urn:x12.org.IO5:01">webservices.sabre.com</eb:PartyId></eb:From><eb:To><eb:PartyId eb:type="urn:x12.org.IO5:01">com.abacus.SWSSession</eb:PartyId></eb:To><eb:ConversationId>8dad8dff-8694-4589-95df-f8edec61d48c@com.abacus.SWSSession</eb:ConversationId><eb:Service eb:type="Sabre Trip Management">SabreCommandLLSRQ</eb:Service><eb:Action>SabreCommandLLSRS</eb:Action><eb:MessageData><eb:MessageId>3198315327607470370</eb:MessageId><eb:Timestamp>2026-08-03T09:06:00</eb:Timestamp><eb:RefToMessageId>a26a3232-90c2-40cc-9f8b-ccc9debe44ce@com.abacus.SWSSession</eb:RefToMessageId></eb:MessageData></eb:MessageHeader><wsse:Security xmlns:wsse="http://schemas.xmlsoap.org/ws/2002/12/secext"><wsse:BinarySecurityToken valueType="String" EncodingType="wsse:Base64Binary">Shared/IDL:IceSess\/SessMgr:1\.0.IDL/Common/!ICESMS\/RESF!ICESMSLB\/RES.LB!1785747927971!6359!517</wsse:BinarySecurityToken></wsse:Security></soap-env:Header><soap-env:Body><SabreCommandLLSRS xmlns="http://webservices.sabre.com/sabreXML/2011/10" xmlns:xs="http://www.w3.org/2001/XMLSchema" xmlns:xsi="http://www.w3.org/2001/XMLSchema-instance" xmlns:stl="http://services.sabre.com/STL/v01" Version="2.0.0">
 <stl:ApplicationResults status="Complete">
  <stl:Success timeStamp="2026-08-03T09:06:00Z">
   <stl:SystemSpecificResults>
    <stl:HostCommand LNIATA="641EEE">EWR</stl:HostCommand>
   </stl:SystemSpecificResults>
  </stl:Success>
 </stl:ApplicationResults>
 <Response>ITINERARY REQUIRED TO COMPLETE TRANSACTION</Response>
</SabreCommandLLSRS></soap-env:Body></soap-env:Envelope>]]></Response></ApiLog>","PCC:HO PCC|Command:EWR|HTTP:200|Status:SUCCESS","2026-08-03 14:36:01",,,0,"2026-08-03 14:36:01",0
4780,052e59d184944592b672,QueuePolling,0,,0,,SabreQueueMCP,QUEUE,QueueTextSource,QR,SUCCESS,"<ApiLog><Request><![CDATA[<?xml version="1.0" encoding="utf-8"?>
<soap:Envelope xmlns:soap="http://schemas.xmlsoap.org/soap/envelope/" xmlns:xsi="http://www.w3.org/2001/XMLSchema-instance" xmlns:xsd="http://www.w3.org/2001/XMLSchema">
  <soap:Header>
    <MessageHeader xmlns="http://www.ebxml.org/namespaces/messageHeader">
      <From>
        <PartyId d5p1:type="urn:x12.org.IO5:01" xmlns:d5p1="http://www.ebxml.org/namespaces/messageHeader">com.abacus.SWSSession</PartyId>
      </From>
      <To>
        <PartyId d5p1:type="urn:x12.org.IO5:01" xmlns:d5p1="http://www.ebxml.org/namespaces/messageHeader">webservices.sabre.com</PartyId>
      </To>
      <ConversationId>8dad8dff-8694-4589-95df-f8edec61d48c@com.abacus.SWSSession</ConversationId>
      <Service d4p1:type="Sabre Trip Management" xmlns:d4p1="http://www.ebxml.org/namespaces/messageHeader">SabreCommandLLSRQ</Service>
      <Action>SabreCommandLLSRQ</Action>
      <MessageData>
        <MessageId>29878fcb-6d8b-412c-87f4-8eb91bb19a72@com.abacus.SWSSession</MessageId>
        <Timestamp>2026-08-03T09:06:02</Timestamp>
      </MessageData>
    </MessageHeader>
    <Security xmlns="http://schemas.xmlsoap.org/ws/2002/12/secext">
      <BinarySecurityToken>Shared/IDL:IceSess\/SessMgr:1\.0.IDL/Common/!ICESMS\/RESF!ICESMSLB\/RES.LB!1785747927971!6359!517</BinarySecurityToken>
    </Security>
  </soap:Header>
  <soap:Body>
    <SabreCommandLLSRQ Version="2.0.0" ReturnHostCommand="true" xmlns="http://webservices.sabre.com/sabreXML/2011/10">
      <Request Output="SCREEN">
        <HostCommand>QR</HostCommand>
      </Request>
    </SabreCommandLLSRQ>
  </soap:Body>
</soap:Envelope>]]></Request><Response><![CDATA[<?xml version="1.0" encoding="UTF-8"?>
<soap-env:Envelope xmlns:soap-env="http://schemas.xmlsoap.org/soap/envelope/"><soap-env:Header><eb:MessageHeader xmlns:eb="http://www.ebxml.org/namespaces/messageHeader" eb:version="1.0" soap-env:mustUnderstand="1"><eb:From><eb:PartyId eb:type="urn:x12.org.IO5:01">webservices.sabre.com</eb:PartyId></eb:From><eb:To><eb:PartyId eb:type="urn:x12.org.IO5:01">com.abacus.SWSSession</eb:PartyId></eb:To><eb:ConversationId>8dad8dff-8694-4589-95df-f8edec61d48c@com.abacus.SWSSession</eb:ConversationId><eb:Service eb:type="Sabre Trip Management">SabreCommandLLSRQ</eb:Service><eb:Action>SabreCommandLLSRS</eb:Action><eb:MessageData><eb:MessageId>3198371327611830190</eb:MessageId><eb:Timestamp>2026-08-03T09:06:01</eb:Timestamp><eb:RefToMessageId>29878fcb-6d8b-412c-87f4-8eb91bb19a72@com.abacus.SWSSession</eb:RefToMessageId></eb:MessageData></eb:MessageHeader><wsse:Security xmlns:wsse="http://schemas.xmlsoap.org/ws/2002/12/secext"><wsse:BinarySecurityToken valueType="String" EncodingType="wsse:Base64Binary">Shared/IDL:IceSess\/SessMgr:1\.0.IDL/Common/!ICESMS\/RESF!ICESMSLB\/RES.LB!1785747927971!6359!517</wsse:BinarySecurityToken></wsse:Security></soap-env:Header><soap-env:Body><SabreCommandLLSRS xmlns="http://webservices.sabre.com/sabreXML/2011/10" xmlns:xs="http://www.w3.org/2001/XMLSchema" xmlns:xsi="http://www.w3.org/2001/XMLSchema-instance" xmlns:stl="http://services.sabre.com/STL/v01" Version="2.0.0">
 <stl:ApplicationResults status="Complete">
  <stl:Success timeStamp="2026-08-03T09:06:01Z">
   <stl:SystemSpecificResults>
    <stl:HostCommand LNIATA="641EEE">QR</stl:HostCommand>
   </stl:SystemSpecificResults>
  </stl:Success>
 </stl:ApplicationResults>
 <Response>CANNOT DO THIS IF OFF QUEUE
</Response>
</SabreCommandLLSRS></soap-env:Body></soap-env:Envelope>]]></Response></ApiLog>","PCC:HO PCC|Command:QR|HTTP:200|Status:SUCCESS","2026-08-03 14:36:01",,,0,"2026-08-03 14:36:01",0
4777,052e59d184944592b672,QueuePolling,0,,0,,SabreQueueMCP,QUEUE,QueueTextSource,QR,SUCCESS,"<ApiLog><Request><![CDATA[<?xml version="1.0" encoding="utf-8"?>
<soap:Envelope xmlns:soap="http://schemas.xmlsoap.org/soap/envelope/" xmlns:xsi="http://www.w3.org/2001/XMLSchema-instance" xmlns:xsd="http://www.w3.org/2001/XMLSchema">
  <soap:Header>
    <MessageHeader xmlns="http://www.ebxml.org/namespaces/messageHeader">
      <From>
        <PartyId d5p1:type="urn:x12.org.IO5:01" xmlns:d5p1="http://www.ebxml.org/namespaces/messageHeader">com.abacus.SWSSession</PartyId>
      </From>
      <To>
        <PartyId d5p1:type="urn:x12.org.IO5:01" xmlns:d5p1="http://www.ebxml.org/namespaces/messageHeader">webservices.sabre.com</PartyId>
      </To>
      <ConversationId>8dad8dff-8694-4589-95df-f8edec61d48c@com.abacus.SWSSession</ConversationId>
      <Service d4p1:type="Sabre Trip Management" xmlns:d4p1="http://www.ebxml.org/namespaces/messageHeader">SabreCommandLLSRQ</Service>
      <Action>SabreCommandLLSRQ</Action>
      <MessageData>
        <MessageId>8f3cea59-b0ab-4aae-aa84-67b5ff3a50cc@com.abacus.SWSSession</MessageId>
        <Timestamp>2026-08-03T09:06:01</Timestamp>
      </MessageData>
    </MessageHeader>
    <Security xmlns="http://schemas.xmlsoap.org/ws/2002/12/secext">
      <BinarySecurityToken>Shared/IDL:IceSess\/SessMgr:1\.0.IDL/Common/!ICESMS\/RESF!ICESMSLB\/RES.LB!1785747927971!6359!517</BinarySecurityToken>
    </Security>
  </soap:Header>
  <soap:Body>
    <SabreCommandLLSRQ Version="2.0.0" ReturnHostCommand="true" xmlns="http://webservices.sabre.com/sabreXML/2011/10">
      <Request Output="SCREEN">
        <HostCommand>QR</HostCommand>
      </Request>
    </SabreCommandLLSRQ>
  </soap:Body>
</soap:Envelope>]]></Request><Response><![CDATA[<?xml version="1.0" encoding="UTF-8"?>
<soap-env:Envelope xmlns:soap-env="http://schemas.xmlsoap.org/soap/envelope/"><soap-env:Header><eb:MessageHeader xmlns:eb="http://www.ebxml.org/namespaces/messageHeader" eb:version="1.0" soap-env:mustUnderstand="1"><eb:From><eb:PartyId eb:type="urn:x12.org.IO5:01">webservices.sabre.com</eb:PartyId></eb:From><eb:To><eb:PartyId eb:type="urn:x12.org.IO5:01">com.abacus.SWSSession</eb:PartyId></eb:To><eb:ConversationId>8dad8dff-8694-4589-95df-f8edec61d48c@com.abacus.SWSSession</eb:ConversationId><eb:Service eb:type="Sabre Trip Management">SabreCommandLLSRQ</eb:Service><eb:Action>SabreCommandLLSRS</eb:Action><eb:MessageData><eb:MessageId>3198241327599510210</eb:MessageId><eb:Timestamp>2026-08-03T09:05:59</eb:Timestamp><eb:RefToMessageId>8f3cea59-b0ab-4aae-aa84-67b5ff3a50cc@com.abacus.SWSSession</eb:RefToMessageId></eb:MessageData></eb:MessageHeader><wsse:Security xmlns:wsse="http://schemas.xmlsoap.org/ws/2002/12/secext"><wsse:BinarySecurityToken valueType="String" EncodingType="wsse:Base64Binary">Shared/IDL:IceSess\/SessMgr:1\.0.IDL/Common/!ICESMS\/RESF!ICESMSLB\/RES.LB!1785747927971!6359!517</wsse:BinarySecurityToken></wsse:Security></soap-env:Header><soap-env:Body><SabreCommandLLSRS xmlns="http://webservices.sabre.com/sabreXML/2011/10" xmlns:xs="http://www.w3.org/2001/XMLSchema" xmlns:xsi="http://www.w3.org/2001/XMLSchema-instance" xmlns:stl="http://services.sabre.com/STL/v01" Version="2.0.0">
 <stl:ApplicationResults status="Complete">
  <stl:Success timeStamp="2026-08-03T09:05:59Z">
   <stl:SystemSpecificResults>
    <stl:HostCommand LNIATA="641EEE">QR</stl:HostCommand>
   </stl:SystemSpecificResults>
  </stl:Success>
 </stl:ApplicationResults>
 <Response>CANNOT DO THIS IF OFF QUEUE
</Response>
</SabreCommandLLSRS></soap-env:Body></soap-env:Envelope>]]></Response></ApiLog>","PCC:HO PCC|Command:QR|HTTP:200|Status:SUCCESS","2026-08-03 14:36:00",,,0,"2026-08-03 14:36:00",0
4778,052e59d184944592b672,QueuePolling,0,,0,,SabreQueueMCP,QUEUE,QueueTextSource,I,SUCCESS,"<ApiLog><Request><![CDATA[<?xml version="1.0" encoding="utf-8"?>
<soap:Envelope xmlns:soap="http://schemas.xmlsoap.org/soap/envelope/" xmlns:xsi="http://www.w3.org/2001/XMLSchema-instance" xmlns:xsd="http://www.w3.org/2001/XMLSchema">
  <soap:Header>
    <MessageHeader xmlns="http://www.ebxml.org/namespaces/messageHeader">
      <From>
        <PartyId d5p1:type="urn:x12.org.IO5:01" xmlns:d5p1="http://www.ebxml.org/namespaces/messageHeader">com.abacus.SWSSession</PartyId>
      </From>
      <To>
        <PartyId d5p1:type="urn:x12.org.IO5:01" xmlns:d5p1="http://www.ebxml.org/namespaces/messageHeader">webservices.sabre.com</PartyId>
      </To>
      <ConversationId>8dad8dff-8694-4589-95df-f8edec61d48c@com.abacus.SWSSession</ConversationId>
      <Service d4p1:type="Sabre Trip Management" xmlns:d4p1="http://www.ebxml.org/namespaces/messageHeader">SabreCommandLLSRQ</Service>
      <Action>SabreCommandLLSRQ</Action>
      <MessageData>
        <MessageId>ea2f2430-bb87-4d7f-ad0f-feaf47631e10@com.abacus.SWSSession</MessageId>
        <Timestamp>2026-08-03T09:06:01</Timestamp>
      </MessageData>
    </MessageHeader>
    <Security xmlns="http://schemas.xmlsoap.org/ws/2002/12/secext">
      <BinarySecurityToken>Shared/IDL:IceSess\/SessMgr:1\.0.IDL/Common/!ICESMS\/RESF!ICESMSLB\/RES.LB!1785747927971!6359!517</BinarySecurityToken>
    </Security>
  </soap:Header>
  <soap:Body>
    <SabreCommandLLSRQ Version="2.0.0" ReturnHostCommand="true" xmlns="http://webservices.sabre.com/sabreXML/2011/10">
      <Request Output="SCREEN">
        <HostCommand>I</HostCommand>
      </Request>
    </SabreCommandLLSRQ>
  </soap:Body>
</soap:Envelope>]]></Request><Response><![CDATA[<?xml version="1.0" encoding="UTF-8"?>
<soap-env:Envelope xmlns:soap-env="http://schemas.xmlsoap.org/soap/envelope/"><soap-env:Header><eb:MessageHeader xmlns:eb="http://www.ebxml.org/namespaces/messageHeader" eb:version="1.0" soap-env:mustUnderstand="1"><eb:From><eb:PartyId eb:type="urn:x12.org.IO5:01">webservices.sabre.com</eb:PartyId></eb:From><eb:To><eb:PartyId eb:type="urn:x12.org.IO5:01">com.abacus.SWSSession</eb:PartyId></eb:To><eb:ConversationId>8dad8dff-8694-4589-95df-f8edec61d48c@com.abacus.SWSSession</eb:ConversationId><eb:Service eb:type="Sabre Trip Management">SabreCommandLLSRQ</eb:Service><eb:Action>SabreCommandLLSRS</eb:Action><eb:MessageData><eb:MessageId>3198279327603632390</eb:MessageId><eb:Timestamp>2026-08-03T09:06:00</eb:Timestamp><eb:RefToMessageId>ea2f2430-bb87-4d7f-ad0f-feaf47631e10@com.abacus.SWSSession</eb:RefToMessageId></eb:MessageData></eb:MessageHeader><wsse:Security xmlns:wsse="http://schemas.xmlsoap.org/ws/2002/12/secext"><wsse:BinarySecurityToken valueType="String" EncodingType="wsse:Base64Binary">Shared/IDL:IceSess\/SessMgr:1\.0.IDL/Common/!ICESMS\/RESF!ICESMSLB\/RES.LB!1785747927971!6359!517</wsse:BinarySecurityToken></wsse:Security></soap-env:Header><soap-env:Body><SabreCommandLLSRS xmlns="http://webservices.sabre.com/sabreXML/2011/10" xmlns:xs="http://www.w3.org/2001/XMLSchema" xmlns:xsi="http://www.w3.org/2001/XMLSchema-instance" xmlns:stl="http://services.sabre.com/STL/v01" Version="2.0.0">
 <stl:ApplicationResults status="Complete">
  <stl:Success timeStamp="2026-08-03T09:06:00Z">
   <stl:SystemSpecificResults>
    <stl:HostCommand LNIATA="641EEE">I</stl:HostCommand>
   </stl:SystemSpecificResults>
  </stl:Success>
 </stl:ApplicationResults>
 <Response>IGD </Response>
</SabreCommandLLSRS></soap-env:Body></soap-env:Envelope>]]></Response></ApiLog>","PCC:HO PCC|Command:I|HTTP:200|Status:SUCCESS","2026-08-03 14:36:00",,,0,"2026-08-03 14:36:00",0
4775,052e59d184944592b672,QueuePolling,0,,0,,SabreQueueMCP,QUEUE,QueueTextSource,I,SUCCESS,"<ApiLog><Request><![CDATA[<?xml version="1.0" encoding="utf-8"?>
<soap:Envelope xmlns:soap="http://schemas.xmlsoap.org/soap/envelope/" xmlns:xsi="http://www.w3.org/2001/XMLSchema-instance" xmlns:xsd="http://www.w3.org/2001/XMLSchema">
  <soap:Header>
    <MessageHeader xmlns="http://www.ebxml.org/namespaces/messageHeader">
      <From>
        <PartyId d5p1:type="urn:x12.org.IO5:01" xmlns:d5p1="http://www.ebxml.org/namespaces/messageHeader">com.abacus.SWSSession</PartyId>
      </From>
      <To>
        <PartyId d5p1:type="urn:x12.org.IO5:01" xmlns:d5p1="http://www.ebxml.org/namespaces/messageHeader">webservices.sabre.com</PartyId>
      </To>
      <ConversationId>8dad8dff-8694-4589-95df-f8edec61d48c@com.abacus.SWSSession</ConversationId>
      <Service d4p1:type="Sabre Trip Management" xmlns:d4p1="http://www.ebxml.org/namespaces/messageHeader">SabreCommandLLSRQ</Service>
      <Action>SabreCommandLLSRQ</Action>
      <MessageData>
        <MessageId>0aa3333a-aabb-4988-ab85-0756215872f2@com.abacus.SWSSession</MessageId>
        <Timestamp>2026-08-03T09:06:00</Timestamp>
      </MessageData>
    </MessageHeader>
    <Security xmlns="http://schemas.xmlsoap.org/ws/2002/12/secext">
      <BinarySecurityToken>Shared/IDL:IceSess\/SessMgr:1\.0.IDL/Common/!ICESMS\/RESF!ICESMSLB\/RES.LB!1785747927971!6359!517</BinarySecurityToken>
    </Security>
  </soap:Header>
  <soap:Body>
    <SabreCommandLLSRQ Version="2.0.0" ReturnHostCommand="true" xmlns="http://webservices.sabre.com/sabreXML/2011/10">
      <Request Output="SCREEN">
        <HostCommand>I</HostCommand>
      </Request>
    </SabreCommandLLSRQ>
  </soap:Body>
</soap:Envelope>]]></Request><Response><![CDATA[<?xml version="1.0" encoding="UTF-8"?>
<soap-env:Envelope xmlns:soap-env="http://schemas.xmlsoap.org/soap/envelope/"><soap-env:Header><eb:MessageHeader xmlns:eb="http://www.ebxml.org/namespaces/messageHeader" eb:version="1.0" soap-env:mustUnderstand="1"><eb:From><eb:PartyId eb:type="urn:x12.org.IO5:01">webservices.sabre.com</eb:PartyId></eb:From><eb:To><eb:PartyId eb:type="urn:x12.org.IO5:01">com.abacus.SWSSession</eb:PartyId></eb:To><eb:ConversationId>8dad8dff-8694-4589-95df-f8edec61d48c@com.abacus.SWSSession</eb:ConversationId><eb:Service eb:type="Sabre Trip Management">SabreCommandLLSRQ</eb:Service><eb:Action>SabreCommandLLSRS</eb:Action><eb:MessageData><eb:MessageId>3198144327591192440</eb:MessageId><eb:Timestamp>2026-08-03T09:05:59</eb:Timestamp><eb:RefToMessageId>0aa3333a-aabb-4988-ab85-0756215872f2@com.abacus.SWSSession</eb:RefToMessageId></eb:MessageData></eb:MessageHeader><wsse:Security xmlns:wsse="http://schemas.xmlsoap.org/ws/2002/12/secext"><wsse:BinarySecurityToken valueType="String" EncodingType="wsse:Base64Binary">Shared/IDL:IceSess\/SessMgr:1\.0.IDL/Common/!ICESMS\/RESF!ICESMSLB\/RES.LB!1785747927971!6359!517</wsse:BinarySecurityToken></wsse:Security></soap-env:Header><soap-env:Body><SabreCommandLLSRS xmlns="http://webservices.sabre.com/sabreXML/2011/10" xmlns:xs="http://www.w3.org/2001/XMLSchema" xmlns:xsi="http://www.w3.org/2001/XMLSchema-instance" xmlns:stl="http://services.sabre.com/STL/v01" Version="2.0.0">
 <stl:ApplicationResults status="Complete">
  <stl:Success timeStamp="2026-08-03T09:05:59Z">
   <stl:SystemSpecificResults>
    <stl:HostCommand LNIATA="641EEE">I</stl:HostCommand>
   </stl:SystemSpecificResults>
  </stl:Success>
 </stl:ApplicationResults>
 <Response>IGD </Response>
</SabreCommandLLSRS></soap-env:Body></soap-env:Envelope>]]></Response></ApiLog>","PCC:HO PCC|Command:I|HTTP:200|Status:SUCCESS","2026-08-03 14:35:59",,,0,"2026-08-03 14:35:59",0
4776,052e59d184944592b672,QueuePolling,0,,0,,SabreQueueMCP,QUEUE,QueueTextSource,EWR,SUCCESS,"<ApiLog><Request><![CDATA[<?xml version="1.0" encoding="utf-8"?>
<soap:Envelope xmlns:soap="http://schemas.xmlsoap.org/soap/envelope/" xmlns:xsi="http://www.w3.org/2001/XMLSchema-instance" xmlns:xsd="http://www.w3.org/2001/XMLSchema">
  <soap:Header>
    <MessageHeader xmlns="http://www.ebxml.org/namespaces/messageHeader">
      <From>
        <PartyId d5p1:type="urn:x12.org.IO5:01" xmlns:d5p1="http://www.ebxml.org/namespaces/messageHeader">com.abacus.SWSSession</PartyId>
      </From>
      <To>
        <PartyId d5p1:type="urn:x12.org.IO5:01" xmlns:d5p1="http://www.ebxml.org/namespaces/messageHeader">webservices.sabre.com</PartyId>
      </To>
      <ConversationId>8dad8dff-8694-4589-95df-f8edec61d48c@com.abacus.SWSSession</ConversationId>
      <Service d4p1:type="Sabre Trip Management" xmlns:d4p1="http://www.ebxml.org/namespaces/messageHeader">SabreCommandLLSRQ</Service>
      <Action>SabreCommandLLSRQ</Action>
      <MessageData>
        <MessageId>90066a4b-04e5-498a-be92-ecd8c3140a46@com.abacus.SWSSession</MessageId>
        <Timestamp>2026-08-03T09:06:01</Timestamp>
      </MessageData>
    </MessageHeader>
    <Security xmlns="http://schemas.xmlsoap.org/ws/2002/12/secext">
      <BinarySecurityToken>Shared/IDL:IceSess\/SessMgr:1\.0.IDL/Common/!ICESMS\/RESF!ICESMSLB\/RES.LB!1785747927971!6359!517</BinarySecurityToken>
    </Security>
  </soap:Header>
  <soap:Body>
    <SabreCommandLLSRQ Version="2.0.0" ReturnHostCommand="true" xmlns="http://webservices.sabre.com/sabreXML/2011/10">
      <Request Output="SCREEN">
        <HostCommand>EWR</HostCommand>
      </Request>
    </SabreCommandLLSRQ>
  </soap:Body>
</soap:Envelope>]]></Request><Response><![CDATA[<?xml version="1.0" encoding="UTF-8"?>
<soap-env:Envelope xmlns:soap-env="http://schemas.xmlsoap.org/soap/envelope/"><soap-env:Header><eb:MessageHeader xmlns:eb="http://www.ebxml.org/namespaces/messageHeader" eb:version="1.0" soap-env:mustUnderstand="1"><eb:From><eb:PartyId eb:type="urn:x12.org.IO5:01">webservices.sabre.com</eb:PartyId></eb:From><eb:To><eb:PartyId eb:type="urn:x12.org.IO5:01">com.abacus.SWSSession</eb:PartyId></eb:To><eb:ConversationId>8dad8dff-8694-4589-95df-f8edec61d48c@com.abacus.SWSSession</eb:ConversationId><eb:Service eb:type="Sabre Trip Management">SabreCommandLLSRQ</eb:Service><eb:Action>SabreCommandLLSRS</eb:Action><eb:MessageData><eb:MessageId>3198198327595280780</eb:MessageId><eb:Timestamp>2026-08-03T09:05:59</eb:Timestamp><eb:RefToMessageId>90066a4b-04e5-498a-be92-ecd8c3140a46@com.abacus.SWSSession</eb:RefToMessageId></eb:MessageData></eb:MessageHeader><wsse:Security xmlns:wsse="http://schemas.xmlsoap.org/ws/2002/12/secext"><wsse:BinarySecurityToken valueType="String" EncodingType="wsse:Base64Binary">Shared/IDL:IceSess\/SessMgr:1\.0.IDL/Common/!ICESMS\/RESF!ICESMSLB\/RES.LB!1785747927971!6359!517</wsse:BinarySecurityToken></wsse:Security></soap-env:Header><soap-env:Body><SabreCommandLLSRS xmlns="http://webservices.sabre.com/sabreXML/2011/10" xmlns:xs="http://www.w3.org/2001/XMLSchema" xmlns:xsi="http://www.w3.org/2001/XMLSchema-instance" xmlns:stl="http://services.sabre.com/STL/v01" Version="2.0.0">
 <stl:ApplicationResults status="Complete">
  <stl:Success timeStamp="2026-08-03T09:05:59Z">
   <stl:SystemSpecificResults>
    <stl:HostCommand LNIATA="641EEE">EWR</stl:HostCommand>
   </stl:SystemSpecificResults>
  </stl:Success>
 </stl:ApplicationResults>
 <Response>ITINERARY REQUIRED TO COMPLETE TRANSACTION</Response>
</SabreCommandLLSRS></soap-env:Body></soap-env:Envelope>]]></Response></ApiLog>","PCC:HO PCC|Command:EWR|HTTP:200|Status:SUCCESS","2026-08-03 14:35:59",,,0,"2026-08-03 14:35:59",0
4772,052e59d184944592b672,QueuePolling,0,,0,,SabreQueueMCP,QUEUE,QueueTextSource,I,SUCCESS,"<ApiLog><Request><![CDATA[<?xml version="1.0" encoding="utf-8"?>
<soap:Envelope xmlns:soap="http://schemas.xmlsoap.org/soap/envelope/" xmlns:xsi="http://www.w3.org/2001/XMLSchema-instance" xmlns:xsd="http://www.w3.org/2001/XMLSchema">
  <soap:Header>
    <MessageHeader xmlns="http://www.ebxml.org/namespaces/messageHeader">
      <From>
        <PartyId d5p1:type="urn:x12.org.IO5:01" xmlns:d5p1="http://www.ebxml.org/namespaces/messageHeader">com.abacus.SWSSession</PartyId>
      </From>
      <To>
        <PartyId d5p1:type="urn:x12.org.IO5:01" xmlns:d5p1="http://www.ebxml.org/namespaces/messageHeader">webservices.sabre.com</PartyId>
      </To>
      <ConversationId>8dad8dff-8694-4589-95df-f8edec61d48c@com.abacus.SWSSession</ConversationId>
      <Service d4p1:type="Sabre Trip Management" xmlns:d4p1="http://www.ebxml.org/namespaces/messageHeader">SabreCommandLLSRQ</Service>
      <Action>SabreCommandLLSRQ</Action>
      <MessageData>
        <MessageId>23f7d1de-dd0f-4e75-9165-c62b3d96a27d@com.abacus.SWSSession</MessageId>
        <Timestamp>2026-08-03T09:05:59</Timestamp>
      </MessageData>
    </MessageHeader>
    <Security xmlns="http://schemas.xmlsoap.org/ws/2002/12/secext">
      <BinarySecurityToken>Shared/IDL:IceSess\/SessMgr:1\.0.IDL/Common/!ICESMS\/RESF!ICESMSLB\/RES.LB!1785747927971!6359!517</BinarySecurityToken>
    </Security>
  </soap:Header>
  <soap:Body>
    <SabreCommandLLSRQ Version="2.0.0" ReturnHostCommand="true" xmlns="http://webservices.sabre.com/sabreXML/2011/10">
      <Request Output="SCREEN">
        <HostCommand>I</HostCommand>
      </Request>
    </SabreCommandLLSRQ>
  </soap:Body>
</soap:Envelope>]]></Request><Response><![CDATA[<?xml version="1.0" encoding="UTF-8"?>
<soap-env:Envelope xmlns:soap-env="http://schemas.xmlsoap.org/soap/envelope/"><soap-env:Header><eb:MessageHeader xmlns:eb="http://www.ebxml.org/namespaces/messageHeader" eb:version="1.0" soap-env:mustUnderstand="1"><eb:From><eb:PartyId eb:type="urn:x12.org.IO5:01">webservices.sabre.com</eb:PartyId></eb:From><eb:To><eb:PartyId eb:type="urn:x12.org.IO5:01">com.abacus.SWSSession</eb:PartyId></eb:To><eb:ConversationId>8dad8dff-8694-4589-95df-f8edec61d48c@com.abacus.SWSSession</eb:ConversationId><eb:Service eb:type="Sabre Trip Management">SabreCommandLLSRQ</eb:Service><eb:Action>SabreCommandLLSRS</eb:Action><eb:MessageData><eb:MessageId>3198018327577910140</eb:MessageId><eb:Timestamp>2026-08-03T09:05:57</eb:Timestamp><eb:RefToMessageId>23f7d1de-dd0f-4e75-9165-c62b3d96a27d@com.abacus.SWSSession</eb:RefToMessageId></eb:MessageData></eb:MessageHeader><wsse:Security xmlns:wsse="http://schemas.xmlsoap.org/ws/2002/12/secext"><wsse:BinarySecurityToken valueType="String" EncodingType="wsse:Base64Binary">Shared/IDL:IceSess\/SessMgr:1\.0.IDL/Common/!ICESMS\/RESF!ICESMSLB\/RES.LB!1785747927971!6359!517</wsse:BinarySecurityToken></wsse:Security></soap-env:Header><soap-env:Body><SabreCommandLLSRS xmlns="http://webservices.sabre.com/sabreXML/2011/10" xmlns:xs="http://www.w3.org/2001/XMLSchema" xmlns:xsi="http://www.w3.org/2001/XMLSchema-instance" xmlns:stl="http://services.sabre.com/STL/v01" Version="2.0.0">
 <stl:ApplicationResults status="Complete">
  <stl:Success timeStamp="2026-08-03T09:05:57Z">
   <stl:SystemSpecificResults>
    <stl:HostCommand LNIATA="641EEE">I</stl:HostCommand>
   </stl:SystemSpecificResults>
  </stl:Success>
 </stl:ApplicationResults>
 <Response>IGD </Response>
</SabreCommandLLSRS></soap-env:Body></soap-env:Envelope>]]></Response></ApiLog>","PCC:HO PCC|Command:I|HTTP:200|Status:SUCCESS","2026-08-03 14:35:58",,,0,"2026-08-03 14:35:58",0
4773,052e59d184944592b672,QueuePolling,0,,0,,SabreQueueMCP,QUEUE,QueueTextSource,EWR,SUCCESS,"<ApiLog><Request><![CDATA[<?xml version="1.0" encoding="utf-8"?>
<soap:Envelope xmlns:soap="http://schemas.xmlsoap.org/soap/envelope/" xmlns:xsi="http://www.w3.org/2001/XMLSchema-instance" xmlns:xsd="http://www.w3.org/2001/XMLSchema">
  <soap:Header>
    <MessageHeader xmlns="http://www.ebxml.org/namespaces/messageHeader">
      <From>
        <PartyId d5p1:type="urn:x12.org.IO5:01" xmlns:d5p1="http://www.ebxml.org/namespaces/messageHeader">com.abacus.SWSSession</PartyId>
      </From>
      <To>
        <PartyId d5p1:type="urn:x12.org.IO5:01" xmlns:d5p1="http://www.ebxml.org/namespaces/messageHeader">webservices.sabre.com</PartyId>
      </To>
      <ConversationId>8dad8dff-8694-4589-95df-f8edec61d48c@com.abacus.SWSSession</ConversationId>
      <Service d4p1:type="Sabre Trip Management" xmlns:d4p1="http://www.ebxml.org/namespaces/messageHeader">SabreCommandLLSRQ</Service>
      <Action>SabreCommandLLSRQ</Action>
      <MessageData>
        <MessageId>2a552331-197c-4170-8d3c-ed5ddcfb92dd@com.abacus.SWSSession</MessageId>
        <Timestamp>2026-08-03T09:05:59</Timestamp>
      </MessageData>
    </MessageHeader>
    <Security xmlns="http://schemas.xmlsoap.org/ws/2002/12/secext">
      <BinarySecurityToken>Shared/IDL:IceSess\/SessMgr:1\.0.IDL/Common/!ICESMS\/RESF!ICESMSLB\/RES.LB!1785747927971!6359!517</BinarySecurityToken>
    </Security>
  </soap:Header>
  <soap:Body>
    <SabreCommandLLSRQ Version="2.0.0" ReturnHostCommand="true" xmlns="http://webservices.sabre.com/sabreXML/2011/10">
      <Request Output="SCREEN">
        <HostCommand>EWR</HostCommand>
      </Request>
    </SabreCommandLLSRQ>
  </soap:Body>
</soap:Envelope>]]></Request><Response><![CDATA[<?xml version="1.0" encoding="UTF-8"?>
<soap-env:Envelope xmlns:soap-env="http://schemas.xmlsoap.org/soap/envelope/"><soap-env:Header><eb:MessageHeader xmlns:eb="http://www.ebxml.org/namespaces/messageHeader" eb:version="1.0" soap-env:mustUnderstand="1"><eb:From><eb:PartyId eb:type="urn:x12.org.IO5:01">webservices.sabre.com</eb:PartyId></eb:From><eb:To><eb:PartyId eb:type="urn:x12.org.IO5:01">com.abacus.SWSSession</eb:PartyId></eb:To><eb:ConversationId>8dad8dff-8694-4589-95df-f8edec61d48c@com.abacus.SWSSession</eb:ConversationId><eb:Service eb:type="Sabre Trip Management">SabreCommandLLSRQ</eb:Service><eb:Action>SabreCommandLLSRS</eb:Action><eb:MessageData><eb:MessageId>3198055327582661480</eb:MessageId><eb:Timestamp>2026-08-03T09:05:58</eb:Timestamp><eb:RefToMessageId>2a552331-197c-4170-8d3c-ed5ddcfb92dd@com.abacus.SWSSession</eb:RefToMessageId></eb:MessageData></eb:MessageHeader><wsse:Security xmlns:wsse="http://schemas.xmlsoap.org/ws/2002/12/secext"><wsse:BinarySecurityToken valueType="String" EncodingType="wsse:Base64Binary">Shared/IDL:IceSess\/SessMgr:1\.0.IDL/Common/!ICESMS\/RESF!ICESMSLB\/RES.LB!1785747927971!6359!517</wsse:BinarySecurityToken></wsse:Security></soap-env:Header><soap-env:Body><SabreCommandLLSRS xmlns="http://webservices.sabre.com/sabreXML/2011/10" xmlns:xs="http://www.w3.org/2001/XMLSchema" xmlns:xsi="http://www.w3.org/2001/XMLSchema-instance" xmlns:stl="http://services.sabre.com/STL/v01" Version="2.0.0">
 <stl:ApplicationResults status="Complete">
  <stl:Success timeStamp="2026-08-03T09:05:58Z">
   <stl:SystemSpecificResults>
    <stl:HostCommand LNIATA="641EEE">EWR</stl:HostCommand>
   </stl:SystemSpecificResults>
  </stl:Success>
 </stl:ApplicationResults>
 <Response>ITINERARY REQUIRED TO COMPLETE TRANSACTION</Response>
</SabreCommandLLSRS></soap-env:Body></soap-env:Envelope>]]></Response></ApiLog>","PCC:HO PCC|Command:EWR|HTTP:200|Status:SUCCESS","2026-08-03 14:35:58",,,0,"2026-08-03 14:35:58",0
4774,052e59d184944592b672,QueuePolling,0,,0,,SabreQueueMCP,QUEUE,QueueTextSource,QR,SUCCESS,"<ApiLog><Request><![CDATA[<?xml version="1.0" encoding="utf-8"?>
<soap:Envelope xmlns:soap="http://schemas.xmlsoap.org/soap/envelope/" xmlns:xsi="http://www.w3.org/2001/XMLSchema-instance" xmlns:xsd="http://www.w3.org/2001/XMLSchema">
  <soap:Header>
    <MessageHeader xmlns="http://www.ebxml.org/namespaces/messageHeader">
      <From>
        <PartyId d5p1:type="urn:x12.org.IO5:01" xmlns:d5p1="http://www.ebxml.org/namespaces/messageHeader">com.abacus.SWSSession</PartyId>
      </From>
      <To>
        <PartyId d5p1:type="urn:x12.org.IO5:01" xmlns:d5p1="http://www.ebxml.org/namespaces/messageHeader">webservices.sabre.com</PartyId>
      </To>
      <ConversationId>8dad8dff-8694-4589-95df-f8edec61d48c@com.abacus.SWSSession</ConversationId>
      <Service d4p1:type="Sabre Trip Management" xmlns:d4p1="http://www.ebxml.org/namespaces/messageHeader">SabreCommandLLSRQ</Service>
      <Action>SabreCommandLLSRQ</Action>
      <MessageData>
        <MessageId>58ac447b-d6a9-438b-b26c-cb3ea2a57e6d@com.abacus.SWSSession</MessageId>
        <Timestamp>2026-08-03T09:06:00</Timestamp>
      </MessageData>
    </MessageHeader>
    <Security xmlns="http://schemas.xmlsoap.org/ws/2002/12/secext">
      <BinarySecurityToken>Shared/IDL:IceSess\/SessMgr:1\.0.IDL/Common/!ICESMS\/RESF!ICESMSLB\/RES.LB!1785747927971!6359!517</BinarySecurityToken>
    </Security>
  </soap:Header>
  <soap:Body>
    <SabreCommandLLSRQ Version="2.0.0" ReturnHostCommand="true" xmlns="http://webservices.sabre.com/sabreXML/2011/10">
      <Request Output="SCREEN">
        <HostCommand>QR</HostCommand>
      </Request>
    </SabreCommandLLSRQ>
  </soap:Body>
</soap:Envelope>]]></Request><Response><![CDATA[<?xml version="1.0" encoding="UTF-8"?>
<soap-env:Envelope xmlns:soap-env="http://schemas.xmlsoap.org/soap/envelope/"><soap-env:Header><eb:MessageHeader xmlns:eb="http://www.ebxml.org/namespaces/messageHeader" eb:version="1.0" soap-env:mustUnderstand="1"><eb:From><eb:PartyId eb:type="urn:x12.org.IO5:01">webservices.sabre.com</eb:PartyId></eb:From><eb:To><eb:PartyId eb:type="urn:x12.org.IO5:01">com.abacus.SWSSession</eb:PartyId></eb:To><eb:ConversationId>8dad8dff-8694-4589-95df-f8edec61d48c@com.abacus.SWSSession</eb:ConversationId><eb:Service eb:type="Sabre Trip Management">SabreCommandLLSRQ</eb:Service><eb:Action>SabreCommandLLSRS</eb:Action><eb:MessageData><eb:MessageId>3198108327586471070</eb:MessageId><eb:Timestamp>2026-08-03T09:05:58</eb:Timestamp><eb:RefToMessageId>58ac447b-d6a9-438b-b26c-cb3ea2a57e6d@com.abacus.SWSSession</eb:RefToMessageId></eb:MessageData></eb:MessageHeader><wsse:Security xmlns:wsse="http://schemas.xmlsoap.org/ws/2002/12/secext"><wsse:BinarySecurityToken valueType="String" EncodingType="wsse:Base64Binary">Shared/IDL:IceSess\/SessMgr:1\.0.IDL/Common/!ICESMS\/RESF!ICESMSLB\/RES.LB!1785747927971!6359!517</wsse:BinarySecurityToken></wsse:Security></soap-env:Header><soap-env:Body><SabreCommandLLSRS xmlns="http://webservices.sabre.com/sabreXML/2011/10" xmlns:xs="http://www.w3.org/2001/XMLSchema" xmlns:xsi="http://www.w3.org/2001/XMLSchema-instance" xmlns:stl="http://services.sabre.com/STL/v01" Version="2.0.0">
 <stl:ApplicationResults status="Complete">
  <stl:Success timeStamp="2026-08-03T09:05:58Z">
   <stl:SystemSpecificResults>
    <stl:HostCommand LNIATA="641EEE">QR</stl:HostCommand>
   </stl:SystemSpecificResults>
  </stl:Success>
 </stl:ApplicationResults>
 <Response>CANNOT DO THIS IF OFF QUEUE
</Response>
</SabreCommandLLSRS></soap-env:Body></soap-env:Envelope>]]></Response></ApiLog>","PCC:HO PCC|Command:QR|HTTP:200|Status:SUCCESS","2026-08-03 14:35:58",,,0,"2026-08-03 14:35:58",0
4770,052e59d184944592b672,QueuePolling,0,,0,,SabreQueueMCP,QUEUE,QueueTextSource,EWR,SUCCESS,"<ApiLog><Request><![CDATA[<?xml version="1.0" encoding="utf-8"?>
<soap:Envelope xmlns:soap="http://schemas.xmlsoap.org/soap/envelope/" xmlns:xsi="http://www.w3.org/2001/XMLSchema-instance" xmlns:xsd="http://www.w3.org/2001/XMLSchema">
  <soap:Header>
    <MessageHeader xmlns="http://www.ebxml.org/namespaces/messageHeader">
      <From>
        <PartyId d5p1:type="urn:x12.org.IO5:01" xmlns:d5p1="http://www.ebxml.org/namespaces/messageHeader">com.abacus.SWSSession</PartyId>
      </From>
      <To>
        <PartyId d5p1:type="urn:x12.org.IO5:01" xmlns:d5p1="http://www.ebxml.org/namespaces/messageHeader">webservices.sabre.com</PartyId>
      </To>
      <ConversationId>8dad8dff-8694-4589-95df-f8edec61d48c@com.abacus.SWSSession</ConversationId>
      <Service d4p1:type="Sabre Trip Management" xmlns:d4p1="http://www.ebxml.org/namespaces/messageHeader">SabreCommandLLSRQ</Service>
      <Action>SabreCommandLLSRQ</Action>
      <MessageData>
        <MessageId>0f4657f6-2720-4cf2-80fe-ae7ae89c1eab@com.abacus.SWSSession</MessageId>
        <Timestamp>2026-08-03T09:05:58</Timestamp>
      </MessageData>
    </MessageHeader>
    <Security xmlns="http://schemas.xmlsoap.org/ws/2002/12/secext">
      <BinarySecurityToken>Shared/IDL:IceSess\/SessMgr:1\.0.IDL/Common/!ICESMS\/RESF!ICESMSLB\/RES.LB!1785747927971!6359!517</BinarySecurityToken>
    </Security>
  </soap:Header>
  <soap:Body>
    <SabreCommandLLSRQ Version="2.0.0" ReturnHostCommand="true" xmlns="http://webservices.sabre.com/sabreXML/2011/10">
      <Request Output="SCREEN">
        <HostCommand>EWR</HostCommand>
      </Request>
    </SabreCommandLLSRQ>
  </soap:Body>
</soap:Envelope>]]></Request><Response><![CDATA[<?xml version="1.0" encoding="UTF-8"?>
<soap-env:Envelope xmlns:soap-env="http://schemas.xmlsoap.org/soap/envelope/"><soap-env:Header><eb:MessageHeader xmlns:eb="http://www.ebxml.org/namespaces/messageHeader" eb:version="1.0" soap-env:mustUnderstand="1"><eb:From><eb:PartyId eb:type="urn:x12.org.IO5:01">webservices.sabre.com</eb:PartyId></eb:From><eb:To><eb:PartyId eb:type="urn:x12.org.IO5:01">com.abacus.SWSSession</eb:PartyId></eb:To><eb:ConversationId>8dad8dff-8694-4589-95df-f8edec61d48c@com.abacus.SWSSession</eb:ConversationId><eb:Service eb:type="Sabre Trip Management">SabreCommandLLSRQ</eb:Service><eb:Action>SabreCommandLLSRS</eb:Action><eb:MessageData><eb:MessageId>3197925327569352440</eb:MessageId><eb:Timestamp>2026-08-03T09:05:56</eb:Timestamp><eb:RefToMessageId>0f4657f6-2720-4cf2-80fe-ae7ae89c1eab@com.abacus.SWSSession</eb:RefToMessageId></eb:MessageData></eb:MessageHeader><wsse:Security xmlns:wsse="http://schemas.xmlsoap.org/ws/2002/12/secext"><wsse:BinarySecurityToken valueType="String" EncodingType="wsse:Base64Binary">Shared/IDL:IceSess\/SessMgr:1\.0.IDL/Common/!ICESMS\/RESF!ICESMSLB\/RES.LB!1785747927971!6359!517</wsse:BinarySecurityToken></wsse:Security></soap-env:Header><soap-env:Body><SabreCommandLLSRS xmlns="http://webservices.sabre.com/sabreXML/2011/10" xmlns:xs="http://www.w3.org/2001/XMLSchema" xmlns:xsi="http://www.w3.org/2001/XMLSchema-instance" xmlns:stl="http://services.sabre.com/STL/v01" Version="2.0.0">
 <stl:ApplicationResults status="Complete">
  <stl:Success timeStamp="2026-08-03T09:05:56Z">
   <stl:SystemSpecificResults>
    <stl:HostCommand LNIATA="641EEE">EWR</stl:HostCommand>
   </stl:SystemSpecificResults>
  </stl:Success>
 </stl:ApplicationResults>
 <Response>ITINERARY REQUIRED TO COMPLETE TRANSACTION</Response>
</SabreCommandLLSRS></soap-env:Body></soap-env:Envelope>]]></Response></ApiLog>","PCC:HO PCC|Command:EWR|HTTP:200|Status:SUCCESS","2026-08-03 14:35:57",,,0,"2026-08-03 14:35:57",0
4771,052e59d184944592b672,QueuePolling,0,,0,,SabreQueueMCP,QUEUE,QueueTextSource,QR,SUCCESS,"<ApiLog><Request><![CDATA[<?xml version="1.0" encoding="utf-8"?>
<soap:Envelope xmlns:soap="http://schemas.xmlsoap.org/soap/envelope/" xmlns:xsi="http://www.w3.org/2001/XMLSchema-instance" xmlns:xsd="http://www.w3.org/2001/XMLSchema">
  <soap:Header>
    <MessageHeader xmlns="http://www.ebxml.org/namespaces/messageHeader">
      <From>
        <PartyId d5p1:type="urn:x12.org.IO5:01" xmlns:d5p1="http://www.ebxml.org/namespaces/messageHeader">com.abacus.SWSSession</PartyId>
      </From>
      <To>
        <PartyId d5p1:type="urn:x12.org.IO5:01" xmlns:d5p1="http://www.ebxml.org/namespaces/messageHeader">webservices.sabre.com</PartyId>
      </To>
      <ConversationId>8dad8dff-8694-4589-95df-f8edec61d48c@com.abacus.SWSSession</ConversationId>
      <Service d4p1:type="Sabre Trip Management" xmlns:d4p1="http://www.ebxml.org/namespaces/messageHeader">SabreCommandLLSRQ</Service>
      <Action>SabreCommandLLSRQ</Action>
      <MessageData>
        <MessageId>ad2f13cd-8beb-4062-91c6-b71fea52d194@com.abacus.SWSSession</MessageId>
        <Timestamp>2026-08-03T09:05:58</Timestamp>
      </MessageData>
    </MessageHeader>
    <Security xmlns="http://schemas.xmlsoap.org/ws/2002/12/secext">
      <BinarySecurityToken>Shared/IDL:IceSess\/SessMgr:1\.0.IDL/Common/!ICESMS\/RESF!ICESMSLB\/RES.LB!1785747927971!6359!517</BinarySecurityToken>
    </Security>
  </soap:Header>
  <soap:Body>
    <SabreCommandLLSRQ Version="2.0.0" ReturnHostCommand="true" xmlns="http://webservices.sabre.com/sabreXML/2011/10">
      <Request Output="SCREEN">
        <HostCommand>QR</HostCommand>
      </Request>
    </SabreCommandLLSRQ>
  </soap:Body>
</soap:Envelope>]]></Request><Response><![CDATA[<?xml version="1.0" encoding="UTF-8"?>
<soap-env:Envelope xmlns:soap-env="http://schemas.xmlsoap.org/soap/envelope/"><soap-env:Header><eb:MessageHeader xmlns:eb="http://www.ebxml.org/namespaces/messageHeader" eb:version="1.0" soap-env:mustUnderstand="1"><eb:From><eb:PartyId eb:type="urn:x12.org.IO5:01">webservices.sabre.com</eb:PartyId></eb:From><eb:To><eb:PartyId eb:type="urn:x12.org.IO5:01">com.abacus.SWSSession</eb:PartyId></eb:To><eb:ConversationId>8dad8dff-8694-4589-95df-f8edec61d48c@com.abacus.SWSSession</eb:ConversationId><eb:Service eb:type="Sabre Trip Management">SabreCommandLLSRQ</eb:Service><eb:Action>SabreCommandLLSRS</eb:Action><eb:MessageData><eb:MessageId>3197979327574140150</eb:MessageId><eb:Timestamp>2026-08-03T09:05:57</eb:Timestamp><eb:RefToMessageId>ad2f13cd-8beb-4062-91c6-b71fea52d194@com.abacus.SWSSession</eb:RefToMessageId></eb:MessageData></eb:MessageHeader><wsse:Security xmlns:wsse="http://schemas.xmlsoap.org/ws/2002/12/secext"><wsse:BinarySecurityToken valueType="String" EncodingType="wsse:Base64Binary">Shared/IDL:IceSess\/SessMgr:1\.0.IDL/Common/!ICESMS\/RESF!ICESMSLB\/RES.LB!1785747927971!6359!517</wsse:BinarySecurityToken></wsse:Security></soap-env:Header><soap-env:Body><SabreCommandLLSRS xmlns="http://webservices.sabre.com/sabreXML/2011/10" xmlns:xs="http://www.w3.org/2001/XMLSchema" xmlns:xsi="http://www.w3.org/2001/XMLSchema-instance" xmlns:stl="http://services.sabre.com/STL/v01" Version="2.0.0">
 <stl:ApplicationResults status="Complete">
  <stl:Success timeStamp="2026-08-03T09:05:57Z">
   <stl:SystemSpecificResults>
    <stl:HostCommand LNIATA="641EEE">QR</stl:HostCommand>
   </stl:SystemSpecificResults>
  </stl:Success>
 </stl:ApplicationResults>
 <Response>CANNOT DO THIS IF OFF QUEUE
</Response>
</SabreCommandLLSRS></soap-env:Body></soap-env:Envelope>]]></Response></ApiLog>","PCC:HO PCC|Command:QR|HTTP:200|Status:SUCCESS","2026-08-03 14:35:57",,,0,"2026-08-03 14:35:57",0
4767,052e59d184944592b672,QueuePolling,0,,0,,SabreQueueMCP,QUEUE,QueueTextSource,EWR,SUCCESS,"<ApiLog><Request><![CDATA[<?xml version="1.0" encoding="utf-8"?>
<soap:Envelope xmlns:soap="http://schemas.xmlsoap.org/soap/envelope/" xmlns:xsi="http://www.w3.org/2001/XMLSchema-instance" xmlns:xsd="http://www.w3.org/2001/XMLSchema">
  <soap:Header>
    <MessageHeader xmlns="http://www.ebxml.org/namespaces/messageHeader">
      <From>
        <PartyId d5p1:type="urn:x12.org.IO5:01" xmlns:d5p1="http://www.ebxml.org/namespaces/messageHeader">com.abacus.SWSSession</PartyId>
      </From>
      <To>
        <PartyId d5p1:type="urn:x12.org.IO5:01" xmlns:d5p1="http://www.ebxml.org/namespaces/messageHeader">webservices.sabre.com</PartyId>
      </To>
      <ConversationId>8dad8dff-8694-4589-95df-f8edec61d48c@com.abacus.SWSSession</ConversationId>
      <Service d4p1:type="Sabre Trip Management" xmlns:d4p1="http://www.ebxml.org/namespaces/messageHeader">SabreCommandLLSRQ</Service>
      <Action>SabreCommandLLSRQ</Action>
      <MessageData>
        <MessageId>2e09658a-e2f4-4d02-9476-bcf298f84f39@com.abacus.SWSSession</MessageId>
        <Timestamp>2026-08-03T09:05:57</Timestamp>
      </MessageData>
    </MessageHeader>
    <Security xmlns="http://schemas.xmlsoap.org/ws/2002/12/secext">
      <BinarySecurityToken>Shared/IDL:IceSess\/SessMgr:1\.0.IDL/Common/!ICESMS\/RESF!ICESMSLB\/RES.LB!1785747927971!6359!517</BinarySecurityToken>
    </Security>
  </soap:Header>
  <soap:Body>
    <SabreCommandLLSRQ Version="2.0.0" ReturnHostCommand="true" xmlns="http://webservices.sabre.com/sabreXML/2011/10">
      <Request Output="SCREEN">
        <HostCommand>EWR</HostCommand>
      </Request>
    </SabreCommandLLSRQ>
  </soap:Body>
</soap:Envelope>]]></Request><Response><![CDATA[<?xml version="1.0" encoding="UTF-8"?>
<soap-env:Envelope xmlns:soap-env="http://schemas.xmlsoap.org/soap/envelope/"><soap-env:Header><eb:MessageHeader xmlns:eb="http://www.ebxml.org/namespaces/messageHeader" eb:version="1.0" soap-env:mustUnderstand="1"><eb:From><eb:PartyId eb:type="urn:x12.org.IO5:01">webservices.sabre.com</eb:PartyId></eb:From><eb:To><eb:PartyId eb:type="urn:x12.org.IO5:01">com.abacus.SWSSession</eb:PartyId></eb:To><eb:ConversationId>8dad8dff-8694-4589-95df-f8edec61d48c@com.abacus.SWSSession</eb:ConversationId><eb:Service eb:type="Sabre Trip Management">SabreCommandLLSRQ</eb:Service><eb:Action>SabreCommandLLSRS</eb:Action><eb:MessageData><eb:MessageId>3197810327557590280</eb:MessageId><eb:Timestamp>2026-08-03T09:05:55</eb:Timestamp><eb:RefToMessageId>2e09658a-e2f4-4d02-9476-bcf298f84f39@com.abacus.SWSSession</eb:RefToMessageId></eb:MessageData></eb:MessageHeader><wsse:Security xmlns:wsse="http://schemas.xmlsoap.org/ws/2002/12/secext"><wsse:BinarySecurityToken valueType="String" EncodingType="wsse:Base64Binary">Shared/IDL:IceSess\/SessMgr:1\.0.IDL/Common/!ICESMS\/RESF!ICESMSLB\/RES.LB!1785747927971!6359!517</wsse:BinarySecurityToken></wsse:Security></soap-env:Header><soap-env:Body><SabreCommandLLSRS xmlns="http://webservices.sabre.com/sabreXML/2011/10" xmlns:xs="http://www.w3.org/2001/XMLSchema" xmlns:xsi="http://www.w3.org/2001/XMLSchema-instance" xmlns:stl="http://services.sabre.com/STL/v01" Version="2.0.0">
 <stl:ApplicationResults status="Complete">
  <stl:Success timeStamp="2026-08-03T09:05:55Z">
   <stl:SystemSpecificResults>
    <stl:HostCommand LNIATA="641EEE">EWR</stl:HostCommand>
   </stl:SystemSpecificResults>
  </stl:Success>
 </stl:ApplicationResults>
 <Response>ITINERARY REQUIRED TO COMPLETE TRANSACTION</Response>
</SabreCommandLLSRS></soap-env:Body></soap-env:Envelope>]]></Response></ApiLog>","PCC:HO PCC|Command:EWR|HTTP:200|Status:SUCCESS","2026-08-03 14:35:56",,,0,"2026-08-03 14:35:56",0
4768,052e59d184944592b672,QueuePolling,0,,0,,SabreQueueMCP,QUEUE,QueueTextSource,QR,SUCCESS,"<ApiLog><Request><![CDATA[<?xml version="1.0" encoding="utf-8"?>
<soap:Envelope xmlns:soap="http://schemas.xmlsoap.org/soap/envelope/" xmlns:xsi="http://www.w3.org/2001/XMLSchema-instance" xmlns:xsd="http://www.w3.org/2001/XMLSchema">
  <soap:Header>
    <MessageHeader xmlns="http://www.ebxml.org/namespaces/messageHeader">
      <From>
        <PartyId d5p1:type="urn:x12.org.IO5:01" xmlns:d5p1="http://www.ebxml.org/namespaces/messageHeader">com.abacus.SWSSession</PartyId>
      </From>
      <To>
        <PartyId d5p1:type="urn:x12.org.IO5:01" xmlns:d5p1="http://www.ebxml.org/namespaces/messageHeader">webservices.sabre.com</PartyId>
      </To>
      <ConversationId>8dad8dff-8694-4589-95df-f8edec61d48c@com.abacus.SWSSession</ConversationId>
      <Service d4p1:type="Sabre Trip Management" xmlns:d4p1="http://www.ebxml.org/namespaces/messageHeader">SabreCommandLLSRQ</Service>
      <Action>SabreCommandLLSRQ</Action>
      <MessageData>
        <MessageId>e72ffdde-b7ac-4991-8713-eb20a5bcde88@com.abacus.SWSSession</MessageId>
        <Timestamp>2026-08-03T09:05:57</Timestamp>
      </MessageData>
    </MessageHeader>
    <Security xmlns="http://schemas.xmlsoap.org/ws/2002/12/secext">
      <BinarySecurityToken>Shared/IDL:IceSess\/SessMgr:1\.0.IDL/Common/!ICESMS\/RESF!ICESMSLB\/RES.LB!1785747927971!6359!517</BinarySecurityToken>
    </Security>
  </soap:Header>
  <soap:Body>
    <SabreCommandLLSRQ Version="2.0.0" ReturnHostCommand="true" xmlns="http://webservices.sabre.com/sabreXML/2011/10">
      <Request Output="SCREEN">
        <HostCommand>QR</HostCommand>
      </Request>
    </SabreCommandLLSRQ>
  </soap:Body>
</soap:Envelope>]]></Request><Response><![CDATA[<?xml version="1.0" encoding="UTF-8"?>
<soap-env:Envelope xmlns:soap-env="http://schemas.xmlsoap.org/soap/envelope/"><soap-env:Header><eb:MessageHeader xmlns:eb="http://www.ebxml.org/namespaces/messageHeader" eb:version="1.0" soap-env:mustUnderstand="1"><eb:From><eb:PartyId eb:type="urn:x12.org.IO5:01">webservices.sabre.com</eb:PartyId></eb:From><eb:To><eb:PartyId eb:type="urn:x12.org.IO5:01">com.abacus.SWSSession</eb:PartyId></eb:To><eb:ConversationId>8dad8dff-8694-4589-95df-f8edec61d48c@com.abacus.SWSSession</eb:ConversationId><eb:Service eb:type="Sabre Trip Management">SabreCommandLLSRQ</eb:Service><eb:Action>SabreCommandLLSRS</eb:Action><eb:MessageData><eb:MessageId>3197857327561730480</eb:MessageId><eb:Timestamp>2026-08-03T09:05:56</eb:Timestamp><eb:RefToMessageId>e72ffdde-b7ac-4991-8713-eb20a5bcde88@com.abacus.SWSSession</eb:RefToMessageId></eb:MessageData></eb:MessageHeader><wsse:Security xmlns:wsse="http://schemas.xmlsoap.org/ws/2002/12/secext"><wsse:BinarySecurityToken valueType="String" EncodingType="wsse:Base64Binary">Shared/IDL:IceSess\/SessMgr:1\.0.IDL/Common/!ICESMS\/RESF!ICESMSLB\/RES.LB!1785747927971!6359!517</wsse:BinarySecurityToken></wsse:Security></soap-env:Header><soap-env:Body><SabreCommandLLSRS xmlns="http://webservices.sabre.com/sabreXML/2011/10" xmlns:xs="http://www.w3.org/2001/XMLSchema" xmlns:xsi="http://www.w3.org/2001/XMLSchema-instance" xmlns:stl="http://services.sabre.com/STL/v01" Version="2.0.0">
 <stl:ApplicationResults status="Complete">
  <stl:Success timeStamp="2026-08-03T09:05:56Z">
   <stl:SystemSpecificResults>
    <stl:HostCommand LNIATA="641EEE">QR</stl:HostCommand>
   </stl:SystemSpecificResults>
  </stl:Success>
 </stl:ApplicationResults>
 <Response>CANNOT DO THIS IF OFF QUEUE
</Response>
</SabreCommandLLSRS></soap-env:Body></soap-env:Envelope>]]></Response></ApiLog>","PCC:HO PCC|Command:QR|HTTP:200|Status:SUCCESS","2026-08-03 14:35:56",,,0,"2026-08-03 14:35:56",0
4769,052e59d184944592b672,QueuePolling,0,,0,,SabreQueueMCP,QUEUE,QueueTextSource,I,SUCCESS,"<ApiLog><Request><![CDATA[<?xml version="1.0" encoding="utf-8"?>
<soap:Envelope xmlns:soap="http://schemas.xmlsoap.org/soap/envelope/" xmlns:xsi="http://www.w3.org/2001/XMLSchema-instance" xmlns:xsd="http://www.w3.org/2001/XMLSchema">
  <soap:Header>
    <MessageHeader xmlns="http://www.ebxml.org/namespaces/messageHeader">
      <From>
        <PartyId d5p1:type="urn:x12.org.IO5:01" xmlns:d5p1="http://www.ebxml.org/namespaces/messageHeader">com.abacus.SWSSession</PartyId>
      </From>
      <To>
        <PartyId d5p1:type="urn:x12.org.IO5:01" xmlns:d5p1="http://www.ebxml.org/namespaces/messageHeader">webservices.sabre.com</PartyId>
      </To>
      <ConversationId>8dad8dff-8694-4589-95df-f8edec61d48c@com.abacus.SWSSession</ConversationId>
      <Service d4p1:type="Sabre Trip Management" xmlns:d4p1="http://www.ebxml.org/namespaces/messageHeader">SabreCommandLLSRQ</Service>
      <Action>SabreCommandLLSRQ</Action>
      <MessageData>
        <MessageId>f9525262-5155-4feb-8ef9-2f491d172084@com.abacus.SWSSession</MessageId>
        <Timestamp>2026-08-03T09:05:58</Timestamp>
      </MessageData>
    </MessageHeader>
    <Security xmlns="http://schemas.xmlsoap.org/ws/2002/12/secext">
      <BinarySecurityToken>Shared/IDL:IceSess\/SessMgr:1\.0.IDL/Common/!ICESMS\/RESF!ICESMSLB\/RES.LB!1785747927971!6359!517</BinarySecurityToken>
    </Security>
  </soap:Header>
  <soap:Body>
    <SabreCommandLLSRQ Version="2.0.0" ReturnHostCommand="true" xmlns="http://webservices.sabre.com/sabreXML/2011/10">
      <Request Output="SCREEN">
        <HostCommand>I</HostCommand>
      </Request>
    </SabreCommandLLSRQ>
  </soap:Body>
</soap:Envelope>]]></Request><Response><![CDATA[<?xml version="1.0" encoding="UTF-8"?>
<soap-env:Envelope xmlns:soap-env="http://schemas.xmlsoap.org/soap/envelope/"><soap-env:Header><eb:MessageHeader xmlns:eb="http://www.ebxml.org/namespaces/messageHeader" eb:version="1.0" soap-env:mustUnderstand="1"><eb:From><eb:PartyId eb:type="urn:x12.org.IO5:01">webservices.sabre.com</eb:PartyId></eb:From><eb:To><eb:PartyId eb:type="urn:x12.org.IO5:01">com.abacus.SWSSession</eb:PartyId></eb:To><eb:ConversationId>8dad8dff-8694-4589-95df-f8edec61d48c@com.abacus.SWSSession</eb:ConversationId><eb:Service eb:type="Sabre Trip Management">SabreCommandLLSRQ</eb:Service><eb:Action>SabreCommandLLSRS</eb:Action><eb:MessageData><eb:MessageId>3197887327565592000</eb:MessageId><eb:Timestamp>2026-08-03T09:05:56</eb:Timestamp><eb:RefToMessageId>f9525262-5155-4feb-8ef9-2f491d172084@com.abacus.SWSSession</eb:RefToMessageId></eb:MessageData></eb:MessageHeader><wsse:Security xmlns:wsse="http://schemas.xmlsoap.org/ws/2002/12/secext"><wsse:BinarySecurityToken valueType="String" EncodingType="wsse:Base64Binary">Shared/IDL:IceSess\/SessMgr:1\.0.IDL/Common/!ICESMS\/RESF!ICESMSLB\/RES.LB!1785747927971!6359!517</wsse:BinarySecurityToken></wsse:Security></soap-env:Header><soap-env:Body><SabreCommandLLSRS xmlns="http://webservices.sabre.com/sabreXML/2011/10" xmlns:xs="http://www.w3.org/2001/XMLSchema" xmlns:xsi="http://www.w3.org/2001/XMLSchema-instance" xmlns:stl="http://services.sabre.com/STL/v01" Version="2.0.0">
 <stl:ApplicationResults status="Complete">
  <stl:Success timeStamp="2026-08-03T09:05:56Z">
   <stl:SystemSpecificResults>
    <stl:HostCommand LNIATA="641EEE">I</stl:HostCommand>
   </stl:SystemSpecificResults>
  </stl:Success>
 </stl:ApplicationResults>
 <Response>IGD </Response>
</SabreCommandLLSRS></soap-env:Body></soap-env:Envelope>]]></Response></ApiLog>","PCC:HO PCC|Command:I|HTTP:200|Status:SUCCESS","2026-08-03 14:35:56",,,0,"2026-08-03 14:35:56",0
4765,052e59d184944592b672,QueuePolling,0,,0,,SabreQueueMCP,QUEUE,QueueTextSource,QR,SUCCESS,"<ApiLog><Request><![CDATA[<?xml version="1.0" encoding="utf-8"?>
<soap:Envelope xmlns:soap="http://schemas.xmlsoap.org/soap/envelope/" xmlns:xsi="http://www.w3.org/2001/XMLSchema-instance" xmlns:xsd="http://www.w3.org/2001/XMLSchema">
  <soap:Header>
    <MessageHeader xmlns="http://www.ebxml.org/namespaces/messageHeader">
      <From>
        <PartyId d5p1:type="urn:x12.org.IO5:01" xmlns:d5p1="http://www.ebxml.org/namespaces/messageHeader">com.abacus.SWSSession</PartyId>
      </From>
      <To>
        <PartyId d5p1:type="urn:x12.org.IO5:01" xmlns:d5p1="http://www.ebxml.org/namespaces/messageHeader">webservices.sabre.com</PartyId>
      </To>
      <ConversationId>8dad8dff-8694-4589-95df-f8edec61d48c@com.abacus.SWSSession</ConversationId>
      <Service d4p1:type="Sabre Trip Management" xmlns:d4p1="http://www.ebxml.org/namespaces/messageHeader">SabreCommandLLSRQ</Service>
      <Action>SabreCommandLLSRQ</Action>
      <MessageData>
        <MessageId>6efe1fff-29d4-4299-8af9-ed0c2ffe553f@com.abacus.SWSSession</MessageId>
        <Timestamp>2026-08-03T09:05:56</Timestamp>
      </MessageData>
    </MessageHeader>
    <Security xmlns="http://schemas.xmlsoap.org/ws/2002/12/secext">
      <BinarySecurityToken>Shared/IDL:IceSess\/SessMgr:1\.0.IDL/Common/!ICESMS\/RESF!ICESMSLB\/RES.LB!1785747927971!6359!517</BinarySecurityToken>
    </Security>
  </soap:Header>
  <soap:Body>
    <SabreCommandLLSRQ Version="2.0.0" ReturnHostCommand="true" xmlns="http://webservices.sabre.com/sabreXML/2011/10">
      <Request Output="SCREEN">
        <HostCommand>QR</HostCommand>
      </Request>
    </SabreCommandLLSRQ>
  </soap:Body>
</soap:Envelope>]]></Request><Response><![CDATA[<?xml version="1.0" encoding="UTF-8"?>
<soap-env:Envelope xmlns:soap-env="http://schemas.xmlsoap.org/soap/envelope/"><soap-env:Header><eb:MessageHeader xmlns:eb="http://www.ebxml.org/namespaces/messageHeader" eb:version="1.0" soap-env:mustUnderstand="1"><eb:From><eb:PartyId eb:type="urn:x12.org.IO5:01">webservices.sabre.com</eb:PartyId></eb:From><eb:To><eb:PartyId eb:type="urn:x12.org.IO5:01">com.abacus.SWSSession</eb:PartyId></eb:To><eb:ConversationId>8dad8dff-8694-4589-95df-f8edec61d48c@com.abacus.SWSSession</eb:ConversationId><eb:Service eb:type="Sabre Trip Management">SabreCommandLLSRQ</eb:Service><eb:Action>SabreCommandLLSRS</eb:Action><eb:MessageData><eb:MessageId>3197739327549300170</eb:MessageId><eb:Timestamp>2026-08-03T09:05:54</eb:Timestamp><eb:RefToMessageId>6efe1fff-29d4-4299-8af9-ed0c2ffe553f@com.abacus.SWSSession</eb:RefToMessageId></eb:MessageData></eb:MessageHeader><wsse:Security xmlns:wsse="http://schemas.xmlsoap.org/ws/2002/12/secext"><wsse:BinarySecurityToken valueType="String" EncodingType="wsse:Base64Binary">Shared/IDL:IceSess\/SessMgr:1\.0.IDL/Common/!ICESMS\/RESF!ICESMSLB\/RES.LB!1785747927971!6359!517</wsse:BinarySecurityToken></wsse:Security></soap-env:Header><soap-env:Body><SabreCommandLLSRS xmlns="http://webservices.sabre.com/sabreXML/2011/10" xmlns:xs="http://www.w3.org/2001/XMLSchema" xmlns:xsi="http://www.w3.org/2001/XMLSchema-instance" xmlns:stl="http://services.sabre.com/STL/v01" Version="2.0.0">
 <stl:ApplicationResults status="Complete">
  <stl:Success timeStamp="2026-08-03T09:05:54Z">
   <stl:SystemSpecificResults>
    <stl:HostCommand LNIATA="641EEE">QR</stl:HostCommand>
   </stl:SystemSpecificResults>
  </stl:Success>
 </stl:ApplicationResults>
 <Response>CANNOT DO THIS IF OFF QUEUE
</Response>
</SabreCommandLLSRS></soap-env:Body></soap-env:Envelope>]]></Response></ApiLog>","PCC:HO PCC|Command:QR|HTTP:200|Status:SUCCESS","2026-08-03 14:35:55",,,0,"2026-08-03 14:35:55",0
4766,052e59d184944592b672,QueuePolling,0,,0,,SabreQueueMCP,QUEUE,QueueTextSource,I,SUCCESS,"<ApiLog><Request><![CDATA[<?xml version="1.0" encoding="utf-8"?>
<soap:Envelope xmlns:soap="http://schemas.xmlsoap.org/soap/envelope/" xmlns:xsi="http://www.w3.org/2001/XMLSchema-instance" xmlns:xsd="http://www.w3.org/2001/XMLSchema">
  <soap:Header>
    <MessageHeader xmlns="http://www.ebxml.org/namespaces/messageHeader">
      <From>
        <PartyId d5p1:type="urn:x12.org.IO5:01" xmlns:d5p1="http://www.ebxml.org/namespaces/messageHeader">com.abacus.SWSSession</PartyId>
      </From>
      <To>
        <PartyId d5p1:type="urn:x12.org.IO5:01" xmlns:d5p1="http://www.ebxml.org/namespaces/messageHeader">webservices.sabre.com</PartyId>
      </To>
      <ConversationId>8dad8dff-8694-4589-95df-f8edec61d48c@com.abacus.SWSSession</ConversationId>
      <Service d4p1:type="Sabre Trip Management" xmlns:d4p1="http://www.ebxml.org/namespaces/messageHeader">SabreCommandLLSRQ</Service>
      <Action>SabreCommandLLSRQ</Action>
      <MessageData>
        <MessageId>9f390ccc-9bf9-4d6b-a3df-94bc6a8c45c5@com.abacus.SWSSession</MessageId>
        <Timestamp>2026-08-03T09:05:56</Timestamp>
      </MessageData>
    </MessageHeader>
    <Security xmlns="http://schemas.xmlsoap.org/ws/2002/12/secext">
      <BinarySecurityToken>Shared/IDL:IceSess\/SessMgr:1\.0.IDL/Common/!ICESMS\/RESF!ICESMSLB\/RES.LB!1785747927971!6359!517</BinarySecurityToken>
    </Security>
  </soap:Header>
  <soap:Body>
    <SabreCommandLLSRQ Version="2.0.0" ReturnHostCommand="true" xmlns="http://webservices.sabre.com/sabreXML/2011/10">
      <Request Output="SCREEN">
        <HostCommand>I</HostCommand>
      </Request>
    </SabreCommandLLSRQ>
  </soap:Body>
</soap:Envelope>]]></Request><Response><![CDATA[<?xml version="1.0" encoding="UTF-8"?>
<soap-env:Envelope xmlns:soap-env="http://schemas.xmlsoap.org/soap/envelope/"><soap-env:Header><eb:MessageHeader xmlns:eb="http://www.ebxml.org/namespaces/messageHeader" eb:version="1.0" soap-env:mustUnderstand="1"><eb:From><eb:PartyId eb:type="urn:x12.org.IO5:01">webservices.sabre.com</eb:PartyId></eb:From><eb:To><eb:PartyId eb:type="urn:x12.org.IO5:01">com.abacus.SWSSession</eb:PartyId></eb:To><eb:ConversationId>8dad8dff-8694-4589-95df-f8edec61d48c@com.abacus.SWSSession</eb:ConversationId><eb:Service eb:type="Sabre Trip Management">SabreCommandLLSRQ</eb:Service><eb:Action>SabreCommandLLSRS</eb:Action><eb:MessageData><eb:MessageId>3197765327553452140</eb:MessageId><eb:Timestamp>2026-08-03T09:05:55</eb:Timestamp><eb:RefToMessageId>9f390ccc-9bf9-4d6b-a3df-94bc6a8c45c5@com.abacus.SWSSession</eb:RefToMessageId></eb:MessageData></eb:MessageHeader><wsse:Security xmlns:wsse="http://schemas.xmlsoap.org/ws/2002/12/secext"><wsse:BinarySecurityToken valueType="String" EncodingType="wsse:Base64Binary">Shared/IDL:IceSess\/SessMgr:1\.0.IDL/Common/!ICESMS\/RESF!ICESMSLB\/RES.LB!1785747927971!6359!517</wsse:BinarySecurityToken></wsse:Security></soap-env:Header><soap-env:Body><SabreCommandLLSRS xmlns="http://webservices.sabre.com/sabreXML/2011/10" xmlns:xs="http://www.w3.org/2001/XMLSchema" xmlns:xsi="http://www.w3.org/2001/XMLSchema-instance" xmlns:stl="http://services.sabre.com/STL/v01" Version="2.0.0">
 <stl:ApplicationResults status="Complete">
  <stl:Success timeStamp="2026-08-03T09:05:55Z">
   <stl:SystemSpecificResults>
    <stl:HostCommand LNIATA="641EEE">I</stl:HostCommand>
   </stl:SystemSpecificResults>
  </stl:Success>
 </stl:ApplicationResults>
 <Response>IGD </Response>
</SabreCommandLLSRS></soap-env:Body></soap-env:Envelope>]]></Response></ApiLog>","PCC:HO PCC|Command:I|HTTP:200|Status:SUCCESS","2026-08-03 14:35:55",,,0,"2026-08-03 14:35:55",0
4763,052e59d184944592b672,QueuePolling,0,,0,,SabreQueueMCP,QUEUE,QueueTextSource,I,SUCCESS,"<ApiLog><Request><![CDATA[<?xml version="1.0" encoding="utf-8"?>
<soap:Envelope xmlns:soap="http://schemas.xmlsoap.org/soap/envelope/" xmlns:xsi="http://www.w3.org/2001/XMLSchema-instance" xmlns:xsd="http://www.w3.org/2001/XMLSchema">
  <soap:Header>
    <MessageHeader xmlns="http://www.ebxml.org/namespaces/messageHeader">
      <From>
        <PartyId d5p1:type="urn:x12.org.IO5:01" xmlns:d5p1="http://www.ebxml.org/namespaces/messageHeader">com.abacus.SWSSession</PartyId>
      </From>
      <To>
        <PartyId d5p1:type="urn:x12.org.IO5:01" xmlns:d5p1="http://www.ebxml.org/namespaces/messageHeader">webservices.sabre.com</PartyId>
      </To>
      <ConversationId>8dad8dff-8694-4589-95df-f8edec61d48c@com.abacus.SWSSession</ConversationId>
      <Service d4p1:type="Sabre Trip Management" xmlns:d4p1="http://www.ebxml.org/namespaces/messageHeader">SabreCommandLLSRQ</Service>
      <Action>SabreCommandLLSRQ</Action>
      <MessageData>
        <MessageId>c453e341-122e-47f1-88b1-f8d7e300d79c@com.abacus.SWSSession</MessageId>
        <Timestamp>2026-08-03T09:05:55</Timestamp>
      </MessageData>
    </MessageHeader>
    <Security xmlns="http://schemas.xmlsoap.org/ws/2002/12/secext">
      <BinarySecurityToken>Shared/IDL:IceSess\/SessMgr:1\.0.IDL/Common/!ICESMS\/RESF!ICESMSLB\/RES.LB!1785747927971!6359!517</BinarySecurityToken>
    </Security>
  </soap:Header>
  <soap:Body>
    <SabreCommandLLSRQ Version="2.0.0" ReturnHostCommand="true" xmlns="http://webservices.sabre.com/sabreXML/2011/10">
      <Request Output="SCREEN">
        <HostCommand>I</HostCommand>
      </Request>
    </SabreCommandLLSRQ>
  </soap:Body>
</soap:Envelope>]]></Request><Response><![CDATA[<?xml version="1.0" encoding="UTF-8"?>
<soap-env:Envelope xmlns:soap-env="http://schemas.xmlsoap.org/soap/envelope/"><soap-env:Header><eb:MessageHeader xmlns:eb="http://www.ebxml.org/namespaces/messageHeader" eb:version="1.0" soap-env:mustUnderstand="1"><eb:From><eb:PartyId eb:type="urn:x12.org.IO5:01">webservices.sabre.com</eb:PartyId></eb:From><eb:To><eb:PartyId eb:type="urn:x12.org.IO5:01">com.abacus.SWSSession</eb:PartyId></eb:To><eb:ConversationId>8dad8dff-8694-4589-95df-f8edec61d48c@com.abacus.SWSSession</eb:ConversationId><eb:Service eb:type="Sabre Trip Management">SabreCommandLLSRQ</eb:Service><eb:Action>SabreCommandLLSRS</eb:Action><eb:MessageData><eb:MessageId>3197649327540231110</eb:MessageId><eb:Timestamp>2026-08-03T09:05:54</eb:Timestamp><eb:RefToMessageId>c453e341-122e-47f1-88b1-f8d7e300d79c@com.abacus.SWSSession</eb:RefToMessageId></eb:MessageData></eb:MessageHeader><wsse:Security xmlns:wsse="http://schemas.xmlsoap.org/ws/2002/12/secext"><wsse:BinarySecurityToken valueType="String" EncodingType="wsse:Base64Binary">Shared/IDL:IceSess\/SessMgr:1\.0.IDL/Common/!ICESMS\/RESF!ICESMSLB\/RES.LB!1785747927971!6359!517</wsse:BinarySecurityToken></wsse:Security></soap-env:Header><soap-env:Body><SabreCommandLLSRS xmlns="http://webservices.sabre.com/sabreXML/2011/10" xmlns:xs="http://www.w3.org/2001/XMLSchema" xmlns:xsi="http://www.w3.org/2001/XMLSchema-instance" xmlns:stl="http://services.sabre.com/STL/v01" Version="2.0.0">
 <stl:ApplicationResults status="Complete">
  <stl:Success timeStamp="2026-08-03T09:05:54Z">
   <stl:SystemSpecificResults>
    <stl:HostCommand LNIATA="641EEE">I</stl:HostCommand>
   </stl:SystemSpecificResults>
  </stl:Success>
 </stl:ApplicationResults>
 <Response>IGD </Response>
</SabreCommandLLSRS></soap-env:Body></soap-env:Envelope>]]></Response></ApiLog>","PCC:HO PCC|Command:I|HTTP:200|Status:SUCCESS","2026-08-03 14:35:54",,,0,"2026-08-03 14:35:54",0
4764,052e59d184944592b672,QueuePolling,0,,0,,SabreQueueMCP,QUEUE,QueueTextSource,EWR,SUCCESS,"<ApiLog><Request><![CDATA[<?xml version="1.0" encoding="utf-8"?>
<soap:Envelope xmlns:soap="http://schemas.xmlsoap.org/soap/envelope/" xmlns:xsi="http://www.w3.org/2001/XMLSchema-instance" xmlns:xsd="http://www.w3.org/2001/XMLSchema">
  <soap:Header>
    <MessageHeader xmlns="http://www.ebxml.org/namespaces/messageHeader">
      <From>
        <PartyId d5p1:type="urn:x12.org.IO5:01" xmlns:d5p1="http://www.ebxml.org/namespaces/messageHeader">com.abacus.SWSSession</PartyId>
      </From>
      <To>
        <PartyId d5p1:type="urn:x12.org.IO5:01" xmlns:d5p1="http://www.ebxml.org/namespaces/messageHeader">webservices.sabre.com</PartyId>
      </To>
      <ConversationId>8dad8dff-8694-4589-95df-f8edec61d48c@com.abacus.SWSSession</ConversationId>
      <Service d4p1:type="Sabre Trip Management" xmlns:d4p1="http://www.ebxml.org/namespaces/messageHeader">SabreCommandLLSRQ</Service>
      <Action>SabreCommandLLSRQ</Action>
      <MessageData>
        <MessageId>c03b430d-a71b-401a-bdce-4dfd9d083878@com.abacus.SWSSession</MessageId>
        <Timestamp>2026-08-03T09:05:56</Timestamp>
      </MessageData>
    </MessageHeader>
    <Security xmlns="http://schemas.xmlsoap.org/ws/2002/12/secext">
      <BinarySecurityToken>Shared/IDL:IceSess\/SessMgr:1\.0.IDL/Common/!ICESMS\/RESF!ICESMSLB\/RES.LB!1785747927971!6359!517</BinarySecurityToken>
    </Security>
  </soap:Header>
  <soap:Body>
    <SabreCommandLLSRQ Version="2.0.0" ReturnHostCommand="true" xmlns="http://webservices.sabre.com/sabreXML/2011/10">
      <Request Output="SCREEN">
        <HostCommand>EWR</HostCommand>
      </Request>
    </SabreCommandLLSRQ>
  </soap:Body>
</soap:Envelope>]]></Request><Response><![CDATA[<?xml version="1.0" encoding="UTF-8"?>
<soap-env:Envelope xmlns:soap-env="http://schemas.xmlsoap.org/soap/envelope/"><soap-env:Header><eb:MessageHeader xmlns:eb="http://www.ebxml.org/namespaces/messageHeader" eb:version="1.0" soap-env:mustUnderstand="1"><eb:From><eb:PartyId eb:type="urn:x12.org.IO5:01">webservices.sabre.com</eb:PartyId></eb:From><eb:To><eb:PartyId eb:type="urn:x12.org.IO5:01">com.abacus.SWSSession</eb:PartyId></eb:To><eb:ConversationId>8dad8dff-8694-4589-95df-f8edec61d48c@com.abacus.SWSSession</eb:ConversationId><eb:Service eb:type="Sabre Trip Management">SabreCommandLLSRQ</eb:Service><eb:Action>SabreCommandLLSRS</eb:Action><eb:MessageData><eb:MessageId>3197687327545261450</eb:MessageId><eb:Timestamp>2026-08-03T09:05:54</eb:Timestamp><eb:RefToMessageId>c03b430d-a71b-401a-bdce-4dfd9d083878@com.abacus.SWSSession</eb:RefToMessageId></eb:MessageData></eb:MessageHeader><wsse:Security xmlns:wsse="http://schemas.xmlsoap.org/ws/2002/12/secext"><wsse:BinarySecurityToken valueType="String" EncodingType="wsse:Base64Binary">Shared/IDL:IceSess\/SessMgr:1\.0.IDL/Common/!ICESMS\/RESF!ICESMSLB\/RES.LB!1785747927971!6359!517</wsse:BinarySecurityToken></wsse:Security></soap-env:Header><soap-env:Body><SabreCommandLLSRS xmlns="http://webservices.sabre.com/sabreXML/2011/10" xmlns:xs="http://www.w3.org/2001/XMLSchema" xmlns:xsi="http://www.w3.org/2001/XMLSchema-instance" xmlns:stl="http://services.sabre.com/STL/v01" Version="2.0.0">
 <stl:ApplicationResults status="Complete">
  <stl:Success timeStamp="2026-08-03T09:05:54Z">
   <stl:SystemSpecificResults>
    <stl:HostCommand LNIATA="641EEE">EWR</stl:HostCommand>
   </stl:SystemSpecificResults>
  </stl:Success>
 </stl:ApplicationResults>
 <Response>ITINERARY REQUIRED TO COMPLETE TRANSACTION</Response>
</SabreCommandLLSRS></soap-env:Body></soap-env:Envelope>]]></Response></ApiLog>","PCC:HO PCC|Command:EWR|HTTP:200|Status:SUCCESS","2026-08-03 14:35:54",,,0,"2026-08-03 14:35:54",0
4760,052e59d184944592b672,QueuePolling,0,,0,,SabreQueueMCP,QUEUE,QueueTextSource,I,SUCCESS,"<ApiLog><Request><![CDATA[<?xml version="1.0" encoding="utf-8"?>
<soap:Envelope xmlns:soap="http://schemas.xmlsoap.org/soap/envelope/" xmlns:xsi="http://www.w3.org/2001/XMLSchema-instance" xmlns:xsd="http://www.w3.org/2001/XMLSchema">
  <soap:Header>
    <MessageHeader xmlns="http://www.ebxml.org/namespaces/messageHeader">
      <From>
        <PartyId d5p1:type="urn:x12.org.IO5:01" xmlns:d5p1="http://www.ebxml.org/namespaces/messageHeader">com.abacus.SWSSession</PartyId>
      </From>
      <To>
        <PartyId d5p1:type="urn:x12.org.IO5:01" xmlns:d5p1="http://www.ebxml.org/namespaces/messageHeader">webservices.sabre.com</PartyId>
      </To>
      <ConversationId>8dad8dff-8694-4589-95df-f8edec61d48c@com.abacus.SWSSession</ConversationId>
      <Service d4p1:type="Sabre Trip Management" xmlns:d4p1="http://www.ebxml.org/namespaces/messageHeader">SabreCommandLLSRQ</Service>
      <Action>SabreCommandLLSRQ</Action>
      <MessageData>
        <MessageId>58cb60b2-eb1d-40d6-87a8-18344c6ae1d7@com.abacus.SWSSession</MessageId>
        <Timestamp>2026-08-03T09:05:54</Timestamp>
      </MessageData>
    </MessageHeader>
    <Security xmlns="http://schemas.xmlsoap.org/ws/2002/12/secext">
      <BinarySecurityToken>Shared/IDL:IceSess\/SessMgr:1\.0.IDL/Common/!ICESMS\/RESF!ICESMSLB\/RES.LB!1785747927971!6359!517</BinarySecurityToken>
    </Security>
  </soap:Header>
  <soap:Body>
    <SabreCommandLLSRQ Version="2.0.0" ReturnHostCommand="true" xmlns="http://webservices.sabre.com/sabreXML/2011/10">
      <Request Output="SCREEN">
        <HostCommand>I</HostCommand>
      </Request>
    </SabreCommandLLSRQ>
  </soap:Body>
</soap:Envelope>]]></Request><Response><![CDATA[<?xml version="1.0" encoding="UTF-8"?>
<soap-env:Envelope xmlns:soap-env="http://schemas.xmlsoap.org/soap/envelope/"><soap-env:Header><eb:MessageHeader xmlns:eb="http://www.ebxml.org/namespaces/messageHeader" eb:version="1.0" soap-env:mustUnderstand="1"><eb:From><eb:PartyId eb:type="urn:x12.org.IO5:01">webservices.sabre.com</eb:PartyId></eb:From><eb:To><eb:PartyId eb:type="urn:x12.org.IO5:01">com.abacus.SWSSession</eb:PartyId></eb:To><eb:ConversationId>8dad8dff-8694-4589-95df-f8edec61d48c@com.abacus.SWSSession</eb:ConversationId><eb:Service eb:type="Sabre Trip Management">SabreCommandLLSRQ</eb:Service><eb:Action>SabreCommandLLSRS</eb:Action><eb:MessageData><eb:MessageId>3197511327527801880</eb:MessageId><eb:Timestamp>2026-08-03T09:05:52</eb:Timestamp><eb:RefToMessageId>58cb60b2-eb1d-40d6-87a8-18344c6ae1d7@com.abacus.SWSSession</eb:RefToMessageId></eb:MessageData></eb:MessageHeader><wsse:Security xmlns:wsse="http://schemas.xmlsoap.org/ws/2002/12/secext"><wsse:BinarySecurityToken valueType="String" EncodingType="wsse:Base64Binary">Shared/IDL:IceSess\/SessMgr:1\.0.IDL/Common/!ICESMS\/RESF!ICESMSLB\/RES.LB!1785747927971!6359!517</wsse:BinarySecurityToken></wsse:Security></soap-env:Header><soap-env:Body><SabreCommandLLSRS xmlns="http://webservices.sabre.com/sabreXML/2011/10" xmlns:xs="http://www.w3.org/2001/XMLSchema" xmlns:xsi="http://www.w3.org/2001/XMLSchema-instance" xmlns:stl="http://services.sabre.com/STL/v01" Version="2.0.0">
 <stl:ApplicationResults status="Complete">
  <stl:Success timeStamp="2026-08-03T09:05:52Z">
   <stl:SystemSpecificResults>
    <stl:HostCommand LNIATA="641EEE">I</stl:HostCommand>
   </stl:SystemSpecificResults>
  </stl:Success>
 </stl:ApplicationResults>
 <Response>IGD </Response>
</SabreCommandLLSRS></soap-env:Body></soap-env:Envelope>]]></Response></ApiLog>","PCC:HO PCC|Command:I|HTTP:200|Status:SUCCESS","2026-08-03 14:35:53",,,0,"2026-08-03 14:35:53",0
4761,052e59d184944592b672,QueuePolling,0,,0,,SabreQueueMCP,QUEUE,QueueTextSource,EWR,SUCCESS,"<ApiLog><Request><![CDATA[<?xml version="1.0" encoding="utf-8"?>
<soap:Envelope xmlns:soap="http://schemas.xmlsoap.org/soap/envelope/" xmlns:xsi="http://www.w3.org/2001/XMLSchema-instance" xmlns:xsd="http://www.w3.org/2001/XMLSchema">
  <soap:Header>
    <MessageHeader xmlns="http://www.ebxml.org/namespaces/messageHeader">
      <From>
        <PartyId d5p1:type="urn:x12.org.IO5:01" xmlns:d5p1="http://www.ebxml.org/namespaces/messageHeader">com.abacus.SWSSession</PartyId>
      </From>
      <To>
        <PartyId d5p1:type="urn:x12.org.IO5:01" xmlns:d5p1="http://www.ebxml.org/namespaces/messageHeader">webservices.sabre.com</PartyId>
      </To>
      <ConversationId>8dad8dff-8694-4589-95df-f8edec61d48c@com.abacus.SWSSession</ConversationId>
      <Service d4p1:type="Sabre Trip Management" xmlns:d4p1="http://www.ebxml.org/namespaces/messageHeader">SabreCommandLLSRQ</Service>
      <Action>SabreCommandLLSRQ</Action>
      <MessageData>
        <MessageId>5f161e5d-8861-45f7-b18d-5c80fec0d649@com.abacus.SWSSession</MessageId>
        <Timestamp>2026-08-03T09:05:54</Timestamp>
      </MessageData>
    </MessageHeader>
    <Security xmlns="http://schemas.xmlsoap.org/ws/2002/12/secext">
      <BinarySecurityToken>Shared/IDL:IceSess\/SessMgr:1\.0.IDL/Common/!ICESMS\/RESF!ICESMSLB\/RES.LB!1785747927971!6359!517</BinarySecurityToken>
    </Security>
  </soap:Header>
  <soap:Body>
    <SabreCommandLLSRQ Version="2.0.0" ReturnHostCommand="true" xmlns="http://webservices.sabre.com/sabreXML/2011/10">
      <Request Output="SCREEN">
        <HostCommand>EWR</HostCommand>
      </Request>
    </SabreCommandLLSRQ>
  </soap:Body>
</soap:Envelope>]]></Request><Response><![CDATA[<?xml version="1.0" encoding="UTF-8"?>
<soap-env:Envelope xmlns:soap-env="http://schemas.xmlsoap.org/soap/envelope/"><soap-env:Header><eb:MessageHeader xmlns:eb="http://www.ebxml.org/namespaces/messageHeader" eb:version="1.0" soap-env:mustUnderstand="1"><eb:From><eb:PartyId eb:type="urn:x12.org.IO5:01">webservices.sabre.com</eb:PartyId></eb:From><eb:To><eb:PartyId eb:type="urn:x12.org.IO5:01">com.abacus.SWSSession</eb:PartyId></eb:To><eb:ConversationId>8dad8dff-8694-4589-95df-f8edec61d48c@com.abacus.SWSSession</eb:ConversationId><eb:Service eb:type="Sabre Trip Management">SabreCommandLLSRQ</eb:Service><eb:Action>SabreCommandLLSRS</eb:Action><eb:MessageData><eb:MessageId>3197548327531821690</eb:MessageId><eb:Timestamp>2026-08-03T09:05:53</eb:Timestamp><eb:RefToMessageId>5f161e5d-8861-45f7-b18d-5c80fec0d649@com.abacus.SWSSession</eb:RefToMessageId></eb:MessageData></eb:MessageHeader><wsse:Security xmlns:wsse="http://schemas.xmlsoap.org/ws/2002/12/secext"><wsse:BinarySecurityToken valueType="String" EncodingType="wsse:Base64Binary">Shared/IDL:IceSess\/SessMgr:1\.0.IDL/Common/!ICESMS\/RESF!ICESMSLB\/RES.LB!1785747927971!6359!517</wsse:BinarySecurityToken></wsse:Security></soap-env:Header><soap-env:Body><SabreCommandLLSRS xmlns="http://webservices.sabre.com/sabreXML/2011/10" xmlns:xs="http://www.w3.org/2001/XMLSchema" xmlns:xsi="http://www.w3.org/2001/XMLSchema-instance" xmlns:stl="http://services.sabre.com/STL/v01" Version="2.0.0">
 <stl:ApplicationResults status="Complete">
  <stl:Success timeStamp="2026-08-03T09:05:53Z">
   <stl:SystemSpecificResults>
    <stl:HostCommand LNIATA="641EEE">EWR</stl:HostCommand>
   </stl:SystemSpecificResults>
  </stl:Success>
 </stl:ApplicationResults>
 <Response>ITINERARY REQUIRED TO COMPLETE TRANSACTION</Response>
</SabreCommandLLSRS></soap-env:Body></soap-env:Envelope>]]></Response></ApiLog>","PCC:HO PCC|Command:EWR|HTTP:200|Status:SUCCESS","2026-08-03 14:35:53",,,0,"2026-08-03 14:35:53",0
4762,052e59d184944592b672,QueuePolling,0,,0,,SabreQueueMCP,QUEUE,QueueTextSource,QR,SUCCESS,"<ApiLog><Request><![CDATA[<?xml version="1.0" encoding="utf-8"?>
<soap:Envelope xmlns:soap="http://schemas.xmlsoap.org/soap/envelope/" xmlns:xsi="http://www.w3.org/2001/XMLSchema-instance" xmlns:xsd="http://www.w3.org/2001/XMLSchema">
  <soap:Header>
    <MessageHeader xmlns="http://www.ebxml.org/namespaces/messageHeader">
      <From>
        <PartyId d5p1:type="urn:x12.org.IO5:01" xmlns:d5p1="http://www.ebxml.org/namespaces/messageHeader">com.abacus.SWSSession</PartyId>
      </From>
      <To>
        <PartyId d5p1:type="urn:x12.org.IO5:01" xmlns:d5p1="http://www.ebxml.org/namespaces/messageHeader">webservices.sabre.com</PartyId>
      </To>
      <ConversationId>8dad8dff-8694-4589-95df-f8edec61d48c@com.abacus.SWSSession</ConversationId>
      <Service d4p1:type="Sabre Trip Management" xmlns:d4p1="http://www.ebxml.org/namespaces/messageHeader">SabreCommandLLSRQ</Service>
      <Action>SabreCommandLLSRQ</Action>
      <MessageData>
        <MessageId>cbab991b-c0f9-4c58-bf97-1ee832fb6842@com.abacus.SWSSession</MessageId>
        <Timestamp>2026-08-03T09:05:55</Timestamp>
      </MessageData>
    </MessageHeader>
    <Security xmlns="http://schemas.xmlsoap.org/ws/2002/12/secext">
      <BinarySecurityToken>Shared/IDL:IceSess\/SessMgr:1\.0.IDL/Common/!ICESMS\/RESF!ICESMSLB\/RES.LB!1785747927971!6359!517</BinarySecurityToken>
    </Security>
  </soap:Header>
  <soap:Body>
    <SabreCommandLLSRQ Version="2.0.0" ReturnHostCommand="true" xmlns="http://webservices.sabre.com/sabreXML/2011/10">
      <Request Output="SCREEN">
        <HostCommand>QR</HostCommand>
      </Request>
    </SabreCommandLLSRQ>
  </soap:Body>
</soap:Envelope>]]></Request><Response><![CDATA[<?xml version="1.0" encoding="UTF-8"?>
<soap-env:Envelope xmlns:soap-env="http://schemas.xmlsoap.org/soap/envelope/"><soap-env:Header><eb:MessageHeader xmlns:eb="http://www.ebxml.org/namespaces/messageHeader" eb:version="1.0" soap-env:mustUnderstand="1"><eb:From><eb:PartyId eb:type="urn:x12.org.IO5:01">webservices.sabre.com</eb:PartyId></eb:From><eb:To><eb:PartyId eb:type="urn:x12.org.IO5:01">com.abacus.SWSSession</eb:PartyId></eb:To><eb:ConversationId>8dad8dff-8694-4589-95df-f8edec61d48c@com.abacus.SWSSession</eb:ConversationId><eb:Service eb:type="Sabre Trip Management">SabreCommandLLSRQ</eb:Service><eb:Action>SabreCommandLLSRS</eb:Action><eb:MessageData><eb:MessageId>3197595327536040630</eb:MessageId><eb:Timestamp>2026-08-03T09:05:53</eb:Timestamp><eb:RefToMessageId>cbab991b-c0f9-4c58-bf97-1ee832fb6842@com.abacus.SWSSession</eb:RefToMessageId></eb:MessageData></eb:MessageHeader><wsse:Security xmlns:wsse="http://schemas.xmlsoap.org/ws/2002/12/secext"><wsse:BinarySecurityToken valueType="String" EncodingType="wsse:Base64Binary">Shared/IDL:IceSess\/SessMgr:1\.0.IDL/Common/!ICESMS\/RESF!ICESMSLB\/RES.LB!1785747927971!6359!517</wsse:BinarySecurityToken></wsse:Security></soap-env:Header><soap-env:Body><SabreCommandLLSRS xmlns="http://webservices.sabre.com/sabreXML/2011/10" xmlns:xs="http://www.w3.org/2001/XMLSchema" xmlns:xsi="http://www.w3.org/2001/XMLSchema-instance" xmlns:stl="http://services.sabre.com/STL/v01" Version="2.0.0">
 <stl:ApplicationResults status="Complete">
  <stl:Success timeStamp="2026-08-03T09:05:53Z">
   <stl:SystemSpecificResults>
    <stl:HostCommand LNIATA="641EEE">QR</stl:HostCommand>
   </stl:SystemSpecificResults>
  </stl:Success>
 </stl:ApplicationResults>
 <Response>CANNOT DO THIS IF OFF QUEUE
</Response>
</SabreCommandLLSRS></soap-env:Body></soap-env:Envelope>]]></Response></ApiLog>","PCC:HO PCC|Command:QR|HTTP:200|Status:SUCCESS","2026-08-03 14:35:53",,,0,"2026-08-03 14:35:53",0
4758,052e59d184944592b672,QueuePolling,0,,0,,SabreQueueMCP,QUEUE,QueueTextSource,EWR,SUCCESS,"<ApiLog><Request><![CDATA[<?xml version="1.0" encoding="utf-8"?>
<soap:Envelope xmlns:soap="http://schemas.xmlsoap.org/soap/envelope/" xmlns:xsi="http://www.w3.org/2001/XMLSchema-instance" xmlns:xsd="http://www.w3.org/2001/XMLSchema">
  <soap:Header>
    <MessageHeader xmlns="http://www.ebxml.org/namespaces/messageHeader">
      <From>
        <PartyId d5p1:type="urn:x12.org.IO5:01" xmlns:d5p1="http://www.ebxml.org/namespaces/messageHeader">com.abacus.SWSSession</PartyId>
      </From>
      <To>
        <PartyId d5p1:type="urn:x12.org.IO5:01" xmlns:d5p1="http://www.ebxml.org/namespaces/messageHeader">webservices.sabre.com</PartyId>
      </To>
      <ConversationId>8dad8dff-8694-4589-95df-f8edec61d48c@com.abacus.SWSSession</ConversationId>
      <Service d4p1:type="Sabre Trip Management" xmlns:d4p1="http://www.ebxml.org/namespaces/messageHeader">SabreCommandLLSRQ</Service>
      <Action>SabreCommandLLSRQ</Action>
      <MessageData>
        <MessageId>4e0f1241-8c7d-40a5-9af9-87b47bb4fed2@com.abacus.SWSSession</MessageId>
        <Timestamp>2026-08-03T09:05:53</Timestamp>
      </MessageData>
    </MessageHeader>
    <Security xmlns="http://schemas.xmlsoap.org/ws/2002/12/secext">
      <BinarySecurityToken>Shared/IDL:IceSess\/SessMgr:1\.0.IDL/Common/!ICESMS\/RESF!ICESMSLB\/RES.LB!1785747927971!6359!517</BinarySecurityToken>
    </Security>
  </soap:Header>
  <soap:Body>
    <SabreCommandLLSRQ Version="2.0.0" ReturnHostCommand="true" xmlns="http://webservices.sabre.com/sabreXML/2011/10">
      <Request Output="SCREEN">
        <HostCommand>EWR</HostCommand>
      </Request>
    </SabreCommandLLSRQ>
  </soap:Body>
</soap:Envelope>]]></Request><Response><![CDATA[<?xml version="1.0" encoding="UTF-8"?>
<soap-env:Envelope xmlns:soap-env="http://schemas.xmlsoap.org/soap/envelope/"><soap-env:Header><eb:MessageHeader xmlns:eb="http://www.ebxml.org/namespaces/messageHeader" eb:version="1.0" soap-env:mustUnderstand="1"><eb:From><eb:PartyId eb:type="urn:x12.org.IO5:01">webservices.sabre.com</eb:PartyId></eb:From><eb:To><eb:PartyId eb:type="urn:x12.org.IO5:01">com.abacus.SWSSession</eb:PartyId></eb:To><eb:ConversationId>8dad8dff-8694-4589-95df-f8edec61d48c@com.abacus.SWSSession</eb:ConversationId><eb:Service eb:type="Sabre Trip Management">SabreCommandLLSRQ</eb:Service><eb:Action>SabreCommandLLSRS</eb:Action><eb:MessageData><eb:MessageId>3197421327518620280</eb:MessageId><eb:Timestamp>2026-08-03T09:05:51</eb:Timestamp><eb:RefToMessageId>4e0f1241-8c7d-40a5-9af9-87b47bb4fed2@com.abacus.SWSSession</eb:RefToMessageId></eb:MessageData></eb:MessageHeader><wsse:Security xmlns:wsse="http://schemas.xmlsoap.org/ws/2002/12/secext"><wsse:BinarySecurityToken valueType="String" EncodingType="wsse:Base64Binary">Shared/IDL:IceSess\/SessMgr:1\.0.IDL/Common/!ICESMS\/RESF!ICESMSLB\/RES.LB!1785747927971!6359!517</wsse:BinarySecurityToken></wsse:Security></soap-env:Header><soap-env:Body><SabreCommandLLSRS xmlns="http://webservices.sabre.com/sabreXML/2011/10" xmlns:xs="http://www.w3.org/2001/XMLSchema" xmlns:xsi="http://www.w3.org/2001/XMLSchema-instance" xmlns:stl="http://services.sabre.com/STL/v01" Version="2.0.0">
 <stl:ApplicationResults status="Complete">
  <stl:Success timeStamp="2026-08-03T09:05:51Z">
   <stl:SystemSpecificResults>
    <stl:HostCommand LNIATA="641EEE">EWR</stl:HostCommand>
   </stl:SystemSpecificResults>
  </stl:Success>
 </stl:ApplicationResults>
 <Response>ITINERARY REQUIRED TO COMPLETE TRANSACTION</Response>
</SabreCommandLLSRS></soap-env:Body></soap-env:Envelope>]]></Response></ApiLog>","PCC:HO PCC|Command:EWR|HTTP:200|Status:SUCCESS","2026-08-03 14:35:52",,,0,"2026-08-03 14:35:52",0
4759,052e59d184944592b672,QueuePolling,0,,0,,SabreQueueMCP,QUEUE,QueueTextSource,QR,SUCCESS,"<ApiLog><Request><![CDATA[<?xml version="1.0" encoding="utf-8"?>
<soap:Envelope xmlns:soap="http://schemas.xmlsoap.org/soap/envelope/" xmlns:xsi="http://www.w3.org/2001/XMLSchema-instance" xmlns:xsd="http://www.w3.org/2001/XMLSchema">
  <soap:Header>
    <MessageHeader xmlns="http://www.ebxml.org/namespaces/messageHeader">
      <From>
        <PartyId d5p1:type="urn:x12.org.IO5:01" xmlns:d5p1="http://www.ebxml.org/namespaces/messageHeader">com.abacus.SWSSession</PartyId>
      </From>
      <To>
        <PartyId d5p1:type="urn:x12.org.IO5:01" xmlns:d5p1="http://www.ebxml.org/namespaces/messageHeader">webservices.sabre.com</PartyId>
      </To>
      <ConversationId>8dad8dff-8694-4589-95df-f8edec61d48c@com.abacus.SWSSession</ConversationId>
      <Service d4p1:type="Sabre Trip Management" xmlns:d4p1="http://www.ebxml.org/namespaces/messageHeader">SabreCommandLLSRQ</Service>
      <Action>SabreCommandLLSRQ</Action>
      <MessageData>
        <MessageId>1cae4a15-865b-4cf5-a2b2-cb1bd7f47e6c@com.abacus.SWSSession</MessageId>
        <Timestamp>2026-08-03T09:05:53</Timestamp>
      </MessageData>
    </MessageHeader>
    <Security xmlns="http://schemas.xmlsoap.org/ws/2002/12/secext">
      <BinarySecurityToken>Shared/IDL:IceSess\/SessMgr:1\.0.IDL/Common/!ICESMS\/RESF!ICESMSLB\/RES.LB!1785747927971!6359!517</BinarySecurityToken>
    </Security>
  </soap:Header>
  <soap:Body>
    <SabreCommandLLSRQ Version="2.0.0" ReturnHostCommand="true" xmlns="http://webservices.sabre.com/sabreXML/2011/10">
      <Request Output="SCREEN">
        <HostCommand>QR</HostCommand>
      </Request>
    </SabreCommandLLSRQ>
  </soap:Body>
</soap:Envelope>]]></Request><Response><![CDATA[<?xml version="1.0" encoding="UTF-8"?>
<soap-env:Envelope xmlns:soap-env="http://schemas.xmlsoap.org/soap/envelope/"><soap-env:Header><eb:MessageHeader xmlns:eb="http://www.ebxml.org/namespaces/messageHeader" eb:version="1.0" soap-env:mustUnderstand="1"><eb:From><eb:PartyId eb:type="urn:x12.org.IO5:01">webservices.sabre.com</eb:PartyId></eb:From><eb:To><eb:PartyId eb:type="urn:x12.org.IO5:01">com.abacus.SWSSession</eb:PartyId></eb:To><eb:ConversationId>8dad8dff-8694-4589-95df-f8edec61d48c@com.abacus.SWSSession</eb:ConversationId><eb:Service eb:type="Sabre Trip Management">SabreCommandLLSRQ</eb:Service><eb:Action>SabreCommandLLSRS</eb:Action><eb:MessageData><eb:MessageId>3197464327523741490</eb:MessageId><eb:Timestamp>2026-08-03T09:05:52</eb:Timestamp><eb:RefToMessageId>1cae4a15-865b-4cf5-a2b2-cb1bd7f47e6c@com.abacus.SWSSession</eb:RefToMessageId></eb:MessageData></eb:MessageHeader><wsse:Security xmlns:wsse="http://schemas.xmlsoap.org/ws/2002/12/secext"><wsse:BinarySecurityToken valueType="String" EncodingType="wsse:Base64Binary">Shared/IDL:IceSess\/SessMgr:1\.0.IDL/Common/!ICESMS\/RESF!ICESMSLB\/RES.LB!1785747927971!6359!517</wsse:BinarySecurityToken></wsse:Security></soap-env:Header><soap-env:Body><SabreCommandLLSRS xmlns="http://webservices.sabre.com/sabreXML/2011/10" xmlns:xs="http://www.w3.org/2001/XMLSchema" xmlns:xsi="http://www.w3.org/2001/XMLSchema-instance" xmlns:stl="http://services.sabre.com/STL/v01" Version="2.0.0">
 <stl:ApplicationResults status="Complete">
  <stl:Success timeStamp="2026-08-03T09:05:52Z">
   <stl:SystemSpecificResults>
    <stl:HostCommand LNIATA="641EEE">QR</stl:HostCommand>
   </stl:SystemSpecificResults>
  </stl:Success>
 </stl:ApplicationResults>
 <Response>CANNOT DO THIS IF OFF QUEUE
</Response>
</SabreCommandLLSRS></soap-env:Body></soap-env:Envelope>]]></Response></ApiLog>","PCC:HO PCC|Command:QR|HTTP:200|Status:SUCCESS","2026-08-03 14:35:52",,,0,"2026-08-03 14:35:52",0
4756,052e59d184944592b672,QueuePolling,0,,0,,SabreQueueMCP,QUEUE,QueueTextSource,QR,SUCCESS,"<ApiLog><Request><![CDATA[<?xml version="1.0" encoding="utf-8"?>
<soap:Envelope xmlns:soap="http://schemas.xmlsoap.org/soap/envelope/" xmlns:xsi="http://www.w3.org/2001/XMLSchema-instance" xmlns:xsd="http://www.w3.org/2001/XMLSchema">
  <soap:Header>
    <MessageHeader xmlns="http://www.ebxml.org/namespaces/messageHeader">
      <From>
        <PartyId d5p1:type="urn:x12.org.IO5:01" xmlns:d5p1="http://www.ebxml.org/namespaces/messageHeader">com.abacus.SWSSession</PartyId>
      </From>
      <To>
        <PartyId d5p1:type="urn:x12.org.IO5:01" xmlns:d5p1="http://www.ebxml.org/namespaces/messageHeader">webservices.sabre.com</PartyId>
      </To>
      <ConversationId>8dad8dff-8694-4589-95df-f8edec61d48c@com.abacus.SWSSession</ConversationId>
      <Service d4p1:type="Sabre Trip Management" xmlns:d4p1="http://www.ebxml.org/namespaces/messageHeader">SabreCommandLLSRQ</Service>
      <Action>SabreCommandLLSRQ</Action>
      <MessageData>
        <MessageId>f381da9f-2b19-48a7-9437-4f52e1b3033b@com.abacus.SWSSession</MessageId>
        <Timestamp>2026-08-03T09:05:52</Timestamp>
      </MessageData>
    </MessageHeader>
    <Security xmlns="http://schemas.xmlsoap.org/ws/2002/12/secext">
      <BinarySecurityToken>Shared/IDL:IceSess\/SessMgr:1\.0.IDL/Common/!ICESMS\/RESF!ICESMSLB\/RES.LB!1785747927971!6359!517</BinarySecurityToken>
    </Security>
  </soap:Header>
  <soap:Body>
    <SabreCommandLLSRQ Version="2.0.0" ReturnHostCommand="true" xmlns="http://webservices.sabre.com/sabreXML/2011/10">
      <Request Output="SCREEN">
        <HostCommand>QR</HostCommand>
      </Request>
    </SabreCommandLLSRQ>
  </soap:Body>
</soap:Envelope>]]></Request><Response><![CDATA[<?xml version="1.0" encoding="UTF-8"?>
<soap-env:Envelope xmlns:soap-env="http://schemas.xmlsoap.org/soap/envelope/"><soap-env:Header><eb:MessageHeader xmlns:eb="http://www.ebxml.org/namespaces/messageHeader" eb:version="1.0" soap-env:mustUnderstand="1"><eb:From><eb:PartyId eb:type="urn:x12.org.IO5:01">webservices.sabre.com</eb:PartyId></eb:From><eb:To><eb:PartyId eb:type="urn:x12.org.IO5:01">com.abacus.SWSSession</eb:PartyId></eb:To><eb:ConversationId>8dad8dff-8694-4589-95df-f8edec61d48c@com.abacus.SWSSession</eb:ConversationId><eb:Service eb:type="Sabre Trip Management">SabreCommandLLSRQ</eb:Service><eb:Action>SabreCommandLLSRS</eb:Action><eb:MessageData><eb:MessageId>3197336327509840210</eb:MessageId><eb:Timestamp>2026-08-03T09:05:51</eb:Timestamp><eb:RefToMessageId>f381da9f-2b19-48a7-9437-4f52e1b3033b@com.abacus.SWSSession</eb:RefToMessageId></eb:MessageData></eb:MessageHeader><wsse:Security xmlns:wsse="http://schemas.xmlsoap.org/ws/2002/12/secext"><wsse:BinarySecurityToken valueType="String" EncodingType="wsse:Base64Binary">Shared/IDL:IceSess\/SessMgr:1\.0.IDL/Common/!ICESMS\/RESF!ICESMSLB\/RES.LB!1785747927971!6359!517</wsse:BinarySecurityToken></wsse:Security></soap-env:Header><soap-env:Body><SabreCommandLLSRS xmlns="http://webservices.sabre.com/sabreXML/2011/10" xmlns:xs="http://www.w3.org/2001/XMLSchema" xmlns:xsi="http://www.w3.org/2001/XMLSchema-instance" xmlns:stl="http://services.sabre.com/STL/v01" Version="2.0.0">
 <stl:ApplicationResults status="Complete">
  <stl:Success timeStamp="2026-08-03T09:05:51Z">
   <stl:SystemSpecificResults>
    <stl:HostCommand LNIATA="641EEE">QR</stl:HostCommand>
   </stl:SystemSpecificResults>
  </stl:Success>
 </stl:ApplicationResults>
 <Response>CANNOT DO THIS IF OFF QUEUE
</Response>
</SabreCommandLLSRS></soap-env:Body></soap-env:Envelope>]]></Response></ApiLog>","PCC:HO PCC|Command:QR|HTTP:200|Status:SUCCESS","2026-08-03 14:35:51",,,0,"2026-08-03 14:35:51",0
4757,052e59d184944592b672,QueuePolling,0,,0,,SabreQueueMCP,QUEUE,QueueTextSource,I,SUCCESS,"<ApiLog><Request><![CDATA[<?xml version="1.0" encoding="utf-8"?>
<soap:Envelope xmlns:soap="http://schemas.xmlsoap.org/soap/envelope/" xmlns:xsi="http://www.w3.org/2001/XMLSchema-instance" xmlns:xsd="http://www.w3.org/2001/XMLSchema">
  <soap:Header>
    <MessageHeader xmlns="http://www.ebxml.org/namespaces/messageHeader">
      <From>
        <PartyId d5p1:type="urn:x12.org.IO5:01" xmlns:d5p1="http://www.ebxml.org/namespaces/messageHeader">com.abacus.SWSSession</PartyId>
      </From>
      <To>
        <PartyId d5p1:type="urn:x12.org.IO5:01" xmlns:d5p1="http://www.ebxml.org/namespaces/messageHeader">webservices.sabre.com</PartyId>
      </To>
      <ConversationId>8dad8dff-8694-4589-95df-f8edec61d48c@com.abacus.SWSSession</ConversationId>
      <Service d4p1:type="Sabre Trip Management" xmlns:d4p1="http://www.ebxml.org/namespaces/messageHeader">SabreCommandLLSRQ</Service>
      <Action>SabreCommandLLSRQ</Action>
      <MessageData>
        <MessageId>a5fa20fd-58bd-4ef3-b7e9-301be102e395@com.abacus.SWSSession</MessageId>
        <Timestamp>2026-08-03T09:05:52</Timestamp>
      </MessageData>
    </MessageHeader>
    <Security xmlns="http://schemas.xmlsoap.org/ws/2002/12/secext">
      <BinarySecurityToken>Shared/IDL:IceSess\/SessMgr:1\.0.IDL/Common/!ICESMS\/RESF!ICESMSLB\/RES.LB!1785747927971!6359!517</BinarySecurityToken>
    </Security>
  </soap:Header>
  <soap:Body>
    <SabreCommandLLSRQ Version="2.0.0" ReturnHostCommand="true" xmlns="http://webservices.sabre.com/sabreXML/2011/10">
      <Request Output="SCREEN">
        <HostCommand>I</HostCommand>
      </Request>
    </SabreCommandLLSRQ>
  </soap:Body>
</soap:Envelope>]]></Request><Response><![CDATA[<?xml version="1.0" encoding="UTF-8"?>
<soap-env:Envelope xmlns:soap-env="http://schemas.xmlsoap.org/soap/envelope/"><soap-env:Header><eb:MessageHeader xmlns:eb="http://www.ebxml.org/namespaces/messageHeader" eb:version="1.0" soap-env:mustUnderstand="1"><eb:From><eb:PartyId eb:type="urn:x12.org.IO5:01">webservices.sabre.com</eb:PartyId></eb:From><eb:To><eb:PartyId eb:type="urn:x12.org.IO5:01">com.abacus.SWSSession</eb:PartyId></eb:To><eb:ConversationId>8dad8dff-8694-4589-95df-f8edec61d48c@com.abacus.SWSSession</eb:ConversationId><eb:Service eb:type="Sabre Trip Management">SabreCommandLLSRQ</eb:Service><eb:Action>SabreCommandLLSRS</eb:Action><eb:MessageData><eb:MessageId>3197382327513670170</eb:MessageId><eb:Timestamp>2026-08-03T09:05:51</eb:Timestamp><eb:RefToMessageId>a5fa20fd-58bd-4ef3-b7e9-301be102e395@com.abacus.SWSSession</eb:RefToMessageId></eb:MessageData></eb:MessageHeader><wsse:Security xmlns:wsse="http://schemas.xmlsoap.org/ws/2002/12/secext"><wsse:BinarySecurityToken valueType="String" EncodingType="wsse:Base64Binary">Shared/IDL:IceSess\/SessMgr:1\.0.IDL/Common/!ICESMS\/RESF!ICESMSLB\/RES.LB!1785747927971!6359!517</wsse:BinarySecurityToken></wsse:Security></soap-env:Header><soap-env:Body><SabreCommandLLSRS xmlns="http://webservices.sabre.com/sabreXML/2011/10" xmlns:xs="http://www.w3.org/2001/XMLSchema" xmlns:xsi="http://www.w3.org/2001/XMLSchema-instance" xmlns:stl="http://services.sabre.com/STL/v01" Version="2.0.0">
 <stl:ApplicationResults status="Complete">
  <stl:Success timeStamp="2026-08-03T09:05:51Z">
   <stl:SystemSpecificResults>
    <stl:HostCommand LNIATA="641EEE">I</stl:HostCommand>
   </stl:SystemSpecificResults>
  </stl:Success>
 </stl:ApplicationResults>
 <Response>IGD </Response>
</SabreCommandLLSRS></soap-env:Body></soap-env:Envelope>]]></Response></ApiLog>","PCC:HO PCC|Command:I|HTTP:200|Status:SUCCESS","2026-08-03 14:35:51",,,0,"2026-08-03 14:35:51",0
4753,052e59d184944592b672,QueuePolling,0,,0,,SabreQueueMCP,QUEUE,QueueTextSource,QR,SUCCESS,"<ApiLog><Request><![CDATA[<?xml version="1.0" encoding="utf-8"?>
<soap:Envelope xmlns:soap="http://schemas.xmlsoap.org/soap/envelope/" xmlns:xsi="http://www.w3.org/2001/XMLSchema-instance" xmlns:xsd="http://www.w3.org/2001/XMLSchema">
  <soap:Header>
    <MessageHeader xmlns="http://www.ebxml.org/namespaces/messageHeader">
      <From>
        <PartyId d5p1:type="urn:x12.org.IO5:01" xmlns:d5p1="http://www.ebxml.org/namespaces/messageHeader">com.abacus.SWSSession</PartyId>
      </From>
      <To>
        <PartyId d5p1:type="urn:x12.org.IO5:01" xmlns:d5p1="http://www.ebxml.org/namespaces/messageHeader">webservices.sabre.com</PartyId>
      </To>
      <ConversationId>8dad8dff-8694-4589-95df-f8edec61d48c@com.abacus.SWSSession</ConversationId>
      <Service d4p1:type="Sabre Trip Management" xmlns:d4p1="http://www.ebxml.org/namespaces/messageHeader">SabreCommandLLSRQ</Service>
      <Action>SabreCommandLLSRQ</Action>
      <MessageData>
        <MessageId>701155c2-f510-4e10-a2ef-bac76a1b965b@com.abacus.SWSSession</MessageId>
        <Timestamp>2026-08-03T09:05:51</Timestamp>
      </MessageData>
    </MessageHeader>
    <Security xmlns="http://schemas.xmlsoap.org/ws/2002/12/secext">
      <BinarySecurityToken>Shared/IDL:IceSess\/SessMgr:1\.0.IDL/Common/!ICESMS\/RESF!ICESMSLB\/RES.LB!1785747927971!6359!517</BinarySecurityToken>
    </Security>
  </soap:Header>
  <soap:Body>
    <SabreCommandLLSRQ Version="2.0.0" ReturnHostCommand="true" xmlns="http://webservices.sabre.com/sabreXML/2011/10">
      <Request Output="SCREEN">
        <HostCommand>QR</HostCommand>
      </Request>
    </SabreCommandLLSRQ>
  </soap:Body>
</soap:Envelope>]]></Request><Response><![CDATA[<?xml version="1.0" encoding="UTF-8"?>
<soap-env:Envelope xmlns:soap-env="http://schemas.xmlsoap.org/soap/envelope/"><soap-env:Header><eb:MessageHeader xmlns:eb="http://www.ebxml.org/namespaces/messageHeader" eb:version="1.0" soap-env:mustUnderstand="1"><eb:From><eb:PartyId eb:type="urn:x12.org.IO5:01">webservices.sabre.com</eb:PartyId></eb:From><eb:To><eb:PartyId eb:type="urn:x12.org.IO5:01">com.abacus.SWSSession</eb:PartyId></eb:To><eb:ConversationId>8dad8dff-8694-4589-95df-f8edec61d48c@com.abacus.SWSSession</eb:ConversationId><eb:Service eb:type="Sabre Trip Management">SabreCommandLLSRQ</eb:Service><eb:Action>SabreCommandLLSRS</eb:Action><eb:MessageData><eb:MessageId>3197213327497660230</eb:MessageId><eb:Timestamp>2026-08-03T09:05:49</eb:Timestamp><eb:RefToMessageId>701155c2-f510-4e10-a2ef-bac76a1b965b@com.abacus.SWSSession</eb:RefToMessageId></eb:MessageData></eb:MessageHeader><wsse:Security xmlns:wsse="http://schemas.xmlsoap.org/ws/2002/12/secext"><wsse:BinarySecurityToken valueType="String" EncodingType="wsse:Base64Binary">Shared/IDL:IceSess\/SessMgr:1\.0.IDL/Common/!ICESMS\/RESF!ICESMSLB\/RES.LB!1785747927971!6359!517</wsse:BinarySecurityToken></wsse:Security></soap-env:Header><soap-env:Body><SabreCommandLLSRS xmlns="http://webservices.sabre.com/sabreXML/2011/10" xmlns:xs="http://www.w3.org/2001/XMLSchema" xmlns:xsi="http://www.w3.org/2001/XMLSchema-instance" xmlns:stl="http://services.sabre.com/STL/v01" Version="2.0.0">
 <stl:ApplicationResults status="Complete">
  <stl:Success timeStamp="2026-08-03T09:05:49Z">
   <stl:SystemSpecificResults>
    <stl:HostCommand LNIATA="641EEE">QR</stl:HostCommand>
   </stl:SystemSpecificResults>
  </stl:Success>
 </stl:ApplicationResults>
 <Response>CANNOT DO THIS IF OFF QUEUE
</Response>
</SabreCommandLLSRS></soap-env:Body></soap-env:Envelope>]]></Response></ApiLog>","PCC:HO PCC|Command:QR|HTTP:200|Status:SUCCESS","2026-08-03 14:35:50",,,0,"2026-08-03 14:35:50",0
4754,052e59d184944592b672,QueuePolling,0,,0,,SabreQueueMCP,QUEUE,QueueTextSource,I,SUCCESS,"<ApiLog><Request><![CDATA[<?xml version="1.0" encoding="utf-8"?>
<soap:Envelope xmlns:soap="http://schemas.xmlsoap.org/soap/envelope/" xmlns:xsi="http://www.w3.org/2001/XMLSchema-instance" xmlns:xsd="http://www.w3.org/2001/XMLSchema">
  <soap:Header>
    <MessageHeader xmlns="http://www.ebxml.org/namespaces/messageHeader">
      <From>
        <PartyId d5p1:type="urn:x12.org.IO5:01" xmlns:d5p1="http://www.ebxml.org/namespaces/messageHeader">com.abacus.SWSSession</PartyId>
      </From>
      <To>
        <PartyId d5p1:type="urn:x12.org.IO5:01" xmlns:d5p1="http://www.ebxml.org/namespaces/messageHeader">webservices.sabre.com</PartyId>
      </To>
      <ConversationId>8dad8dff-8694-4589-95df-f8edec61d48c@com.abacus.SWSSession</ConversationId>
      <Service d4p1:type="Sabre Trip Management" xmlns:d4p1="http://www.ebxml.org/namespaces/messageHeader">SabreCommandLLSRQ</Service>
      <Action>SabreCommandLLSRQ</Action>
      <MessageData>
        <MessageId>c270bb02-8f49-43fa-8527-7bcdaa949905@com.abacus.SWSSession</MessageId>
        <Timestamp>2026-08-03T09:05:51</Timestamp>
      </MessageData>
    </MessageHeader>
    <Security xmlns="http://schemas.xmlsoap.org/ws/2002/12/secext">
      <BinarySecurityToken>Shared/IDL:IceSess\/SessMgr:1\.0.IDL/Common/!ICESMS\/RESF!ICESMSLB\/RES.LB!1785747927971!6359!517</BinarySecurityToken>
    </Security>
  </soap:Header>
  <soap:Body>
    <SabreCommandLLSRQ Version="2.0.0" ReturnHostCommand="true" xmlns="http://webservices.sabre.com/sabreXML/2011/10">
      <Request Output="SCREEN">
        <HostCommand>I</HostCommand>
      </Request>
    </SabreCommandLLSRQ>
  </soap:Body>
</soap:Envelope>]]></Request><Response><![CDATA[<?xml version="1.0" encoding="UTF-8"?>
<soap-env:Envelope xmlns:soap-env="http://schemas.xmlsoap.org/soap/envelope/"><soap-env:Header><eb:MessageHeader xmlns:eb="http://www.ebxml.org/namespaces/messageHeader" eb:version="1.0" soap-env:mustUnderstand="1"><eb:From><eb:PartyId eb:type="urn:x12.org.IO5:01">webservices.sabre.com</eb:PartyId></eb:From><eb:To><eb:PartyId eb:type="urn:x12.org.IO5:01">com.abacus.SWSSession</eb:PartyId></eb:To><eb:ConversationId>8dad8dff-8694-4589-95df-f8edec61d48c@com.abacus.SWSSession</eb:ConversationId><eb:Service eb:type="Sabre Trip Management">SabreCommandLLSRQ</eb:Service><eb:Action>SabreCommandLLSRS</eb:Action><eb:MessageData><eb:MessageId>3197263327502210210</eb:MessageId><eb:Timestamp>2026-08-03T09:05:50</eb:Timestamp><eb:RefToMessageId>c270bb02-8f49-43fa-8527-7bcdaa949905@com.abacus.SWSSession</eb:RefToMessageId></eb:MessageData></eb:MessageHeader><wsse:Security xmlns:wsse="http://schemas.xmlsoap.org/ws/2002/12/secext"><wsse:BinarySecurityToken valueType="String" EncodingType="wsse:Base64Binary">Shared/IDL:IceSess\/SessMgr:1\.0.IDL/Common/!ICESMS\/RESF!ICESMSLB\/RES.LB!1785747927971!6359!517</wsse:BinarySecurityToken></wsse:Security></soap-env:Header><soap-env:Body><SabreCommandLLSRS xmlns="http://webservices.sabre.com/sabreXML/2011/10" xmlns:xs="http://www.w3.org/2001/XMLSchema" xmlns:xsi="http://www.w3.org/2001/XMLSchema-instance" xmlns:stl="http://services.sabre.com/STL/v01" Version="2.0.0">
 <stl:ApplicationResults status="Complete">
  <stl:Success timeStamp="2026-08-03T09:05:50Z">
   <stl:SystemSpecificResults>
    <stl:HostCommand LNIATA="641EEE">I</stl:HostCommand>
   </stl:SystemSpecificResults>
  </stl:Success>
 </stl:ApplicationResults>
 <Response>IGD </Response>
</SabreCommandLLSRS></soap-env:Body></soap-env:Envelope>]]></Response></ApiLog>","PCC:HO PCC|Command:I|HTTP:200|Status:SUCCESS","2026-08-03 14:35:50",,,0,"2026-08-03 14:35:50",0
4755,052e59d184944592b672,QueuePolling,0,,0,,SabreQueueMCP,QUEUE,QueueTextSource,EWR,SUCCESS,"<ApiLog><Request><![CDATA[<?xml version="1.0" encoding="utf-8"?>
<soap:Envelope xmlns:soap="http://schemas.xmlsoap.org/soap/envelope/" xmlns:xsi="http://www.w3.org/2001/XMLSchema-instance" xmlns:xsd="http://www.w3.org/2001/XMLSchema">
  <soap:Header>
    <MessageHeader xmlns="http://www.ebxml.org/namespaces/messageHeader">
      <From>
        <PartyId d5p1:type="urn:x12.org.IO5:01" xmlns:d5p1="http://www.ebxml.org/namespaces/messageHeader">com.abacus.SWSSession</PartyId>
      </From>
      <To>
        <PartyId d5p1:type="urn:x12.org.IO5:01" xmlns:d5p1="http://www.ebxml.org/namespaces/messageHeader">webservices.sabre.com</PartyId>
      </To>
      <ConversationId>8dad8dff-8694-4589-95df-f8edec61d48c@com.abacus.SWSSession</ConversationId>
      <Service d4p1:type="Sabre Trip Management" xmlns:d4p1="http://www.ebxml.org/namespaces/messageHeader">SabreCommandLLSRQ</Service>
      <Action>SabreCommandLLSRQ</Action>
      <MessageData>
        <MessageId>49cd6daf-b092-4659-9861-d79ccee00eda@com.abacus.SWSSession</MessageId>
        <Timestamp>2026-08-03T09:05:52</Timestamp>
      </MessageData>
    </MessageHeader>
    <Security xmlns="http://schemas.xmlsoap.org/ws/2002/12/secext">
      <BinarySecurityToken>Shared/IDL:IceSess\/SessMgr:1\.0.IDL/Common/!ICESMS\/RESF!ICESMSLB\/RES.LB!1785747927971!6359!517</BinarySecurityToken>
    </Security>
  </soap:Header>
  <soap:Body>
    <SabreCommandLLSRQ Version="2.0.0" ReturnHostCommand="true" xmlns="http://webservices.sabre.com/sabreXML/2011/10">
      <Request Output="SCREEN">
        <HostCommand>EWR</HostCommand>
      </Request>
    </SabreCommandLLSRQ>
  </soap:Body>
</soap:Envelope>]]></Request><Response><![CDATA[<?xml version="1.0" encoding="UTF-8"?>
<soap-env:Envelope xmlns:soap-env="http://schemas.xmlsoap.org/soap/envelope/"><soap-env:Header><eb:MessageHeader xmlns:eb="http://www.ebxml.org/namespaces/messageHeader" eb:version="1.0" soap-env:mustUnderstand="1"><eb:From><eb:PartyId eb:type="urn:x12.org.IO5:01">webservices.sabre.com</eb:PartyId></eb:From><eb:To><eb:PartyId eb:type="urn:x12.org.IO5:01">com.abacus.SWSSession</eb:PartyId></eb:To><eb:ConversationId>8dad8dff-8694-4589-95df-f8edec61d48c@com.abacus.SWSSession</eb:ConversationId><eb:Service eb:type="Sabre Trip Management">SabreCommandLLSRQ</eb:Service><eb:Action>SabreCommandLLSRS</eb:Action><eb:MessageData><eb:MessageId>3197295327506110880</eb:MessageId><eb:Timestamp>2026-08-03T09:05:50</eb:Timestamp><eb:RefToMessageId>49cd6daf-b092-4659-9861-d79ccee00eda@com.abacus.SWSSession</eb:RefToMessageId></eb:MessageData></eb:MessageHeader><wsse:Security xmlns:wsse="http://schemas.xmlsoap.org/ws/2002/12/secext"><wsse:BinarySecurityToken valueType="String" EncodingType="wsse:Base64Binary">Shared/IDL:IceSess\/SessMgr:1\.0.IDL/Common/!ICESMS\/RESF!ICESMSLB\/RES.LB!1785747927971!6359!517</wsse:BinarySecurityToken></wsse:Security></soap-env:Header><soap-env:Body><SabreCommandLLSRS xmlns="http://webservices.sabre.com/sabreXML/2011/10" xmlns:xs="http://www.w3.org/2001/XMLSchema" xmlns:xsi="http://www.w3.org/2001/XMLSchema-instance" xmlns:stl="http://services.sabre.com/STL/v01" Version="2.0.0">
 <stl:ApplicationResults status="Complete">
  <stl:Success timeStamp="2026-08-03T09:05:50Z">
   <stl:SystemSpecificResults>
    <stl:HostCommand LNIATA="641EEE">EWR</stl:HostCommand>
   </stl:SystemSpecificResults>
  </stl:Success>
 </stl:ApplicationResults>
 <Response>ITINERARY REQUIRED TO COMPLETE TRANSACTION</Response>
</SabreCommandLLSRS></soap-env:Body></soap-env:Envelope>]]></Response></ApiLog>","PCC:HO PCC|Command:EWR|HTTP:200|Status:SUCCESS","2026-08-03 14:35:50",,,0,"2026-08-03 14:35:50",0
4751,052e59d184944592b672,QueuePolling,0,,0,,SabreQueueMCP,QUEUE,QueueTextSource,I,SUCCESS,"<ApiLog><Request><![CDATA[<?xml version="1.0" encoding="utf-8"?>
<soap:Envelope xmlns:soap="http://schemas.xmlsoap.org/soap/envelope/" xmlns:xsi="http://www.w3.org/2001/XMLSchema-instance" xmlns:xsd="http://www.w3.org/2001/XMLSchema">
  <soap:Header>
    <MessageHeader xmlns="http://www.ebxml.org/namespaces/messageHeader">
      <From>
        <PartyId d5p1:type="urn:x12.org.IO5:01" xmlns:d5p1="http://www.ebxml.org/namespaces/messageHeader">com.abacus.SWSSession</PartyId>
      </From>
      <To>
        <PartyId d5p1:type="urn:x12.org.IO5:01" xmlns:d5p1="http://www.ebxml.org/namespaces/messageHeader">webservices.sabre.com</PartyId>
      </To>
      <ConversationId>8dad8dff-8694-4589-95df-f8edec61d48c@com.abacus.SWSSession</ConversationId>
      <Service d4p1:type="Sabre Trip Management" xmlns:d4p1="http://www.ebxml.org/namespaces/messageHeader">SabreCommandLLSRQ</Service>
      <Action>SabreCommandLLSRQ</Action>
      <MessageData>
        <MessageId>3e077c80-253b-4186-9a92-44ba0c840b0a@com.abacus.SWSSession</MessageId>
        <Timestamp>2026-08-03T09:05:50</Timestamp>
      </MessageData>
    </MessageHeader>
    <Security xmlns="http://schemas.xmlsoap.org/ws/2002/12/secext">
      <BinarySecurityToken>Shared/IDL:IceSess\/SessMgr:1\.0.IDL/Common/!ICESMS\/RESF!ICESMSLB\/RES.LB!1785747927971!6359!517</BinarySecurityToken>
    </Security>
  </soap:Header>
  <soap:Body>
    <SabreCommandLLSRQ Version="2.0.0" ReturnHostCommand="true" xmlns="http://webservices.sabre.com/sabreXML/2011/10">
      <Request Output="SCREEN">
        <HostCommand>I</HostCommand>
      </Request>
    </SabreCommandLLSRQ>
  </soap:Body>
</soap:Envelope>]]></Request><Response><![CDATA[<?xml version="1.0" encoding="UTF-8"?>
<soap-env:Envelope xmlns:soap-env="http://schemas.xmlsoap.org/soap/envelope/"><soap-env:Header><eb:MessageHeader xmlns:eb="http://www.ebxml.org/namespaces/messageHeader" eb:version="1.0" soap-env:mustUnderstand="1"><eb:From><eb:PartyId eb:type="urn:x12.org.IO5:01">webservices.sabre.com</eb:PartyId></eb:From><eb:To><eb:PartyId eb:type="urn:x12.org.IO5:01">com.abacus.SWSSession</eb:PartyId></eb:To><eb:ConversationId>8dad8dff-8694-4589-95df-f8edec61d48c@com.abacus.SWSSession</eb:ConversationId><eb:Service eb:type="Sabre Trip Management">SabreCommandLLSRQ</eb:Service><eb:Action>SabreCommandLLSRS</eb:Action><eb:MessageData><eb:MessageId>3197130327489911010</eb:MessageId><eb:Timestamp>2026-08-03T09:05:49</eb:Timestamp><eb:RefToMessageId>3e077c80-253b-4186-9a92-44ba0c840b0a@com.abacus.SWSSession</eb:RefToMessageId></eb:MessageData></eb:MessageHeader><wsse:Security xmlns:wsse="http://schemas.xmlsoap.org/ws/2002/12/secext"><wsse:BinarySecurityToken valueType="String" EncodingType="wsse:Base64Binary">Shared/IDL:IceSess\/SessMgr:1\.0.IDL/Common/!ICESMS\/RESF!ICESMSLB\/RES.LB!1785747927971!6359!517</wsse:BinarySecurityToken></wsse:Security></soap-env:Header><soap-env:Body><SabreCommandLLSRS xmlns="http://webservices.sabre.com/sabreXML/2011/10" xmlns:xs="http://www.w3.org/2001/XMLSchema" xmlns:xsi="http://www.w3.org/2001/XMLSchema-instance" xmlns:stl="http://services.sabre.com/STL/v01" Version="2.0.0">
 <stl:ApplicationResults status="Complete">
  <stl:Success timeStamp="2026-08-03T09:05:49Z">
   <stl:SystemSpecificResults>
    <stl:HostCommand LNIATA="641EEE">I</stl:HostCommand>
   </stl:SystemSpecificResults>
  </stl:Success>
 </stl:ApplicationResults>
 <Response>IGD </Response>
</SabreCommandLLSRS></soap-env:Body></soap-env:Envelope>]]></Response></ApiLog>","PCC:HO PCC|Command:I|HTTP:200|Status:SUCCESS","2026-08-03 14:35:49",,,0,"2026-08-03 14:35:49",0
4752,052e59d184944592b672,QueuePolling,0,,0,,SabreQueueMCP,QUEUE,QueueTextSource,EWR,SUCCESS,"<ApiLog><Request><![CDATA[<?xml version="1.0" encoding="utf-8"?>
<soap:Envelope xmlns:soap="http://schemas.xmlsoap.org/soap/envelope/" xmlns:xsi="http://www.w3.org/2001/XMLSchema-instance" xmlns:xsd="http://www.w3.org/2001/XMLSchema">
  <soap:Header>
    <MessageHeader xmlns="http://www.ebxml.org/namespaces/messageHeader">
      <From>
        <PartyId d5p1:type="urn:x12.org.IO5:01" xmlns:d5p1="http://www.ebxml.org/namespaces/messageHeader">com.abacus.SWSSession</PartyId>
      </From>
      <To>
        <PartyId d5p1:type="urn:x12.org.IO5:01" xmlns:d5p1="http://www.ebxml.org/namespaces/messageHeader">webservices.sabre.com</PartyId>
      </To>
      <ConversationId>8dad8dff-8694-4589-95df-f8edec61d48c@com.abacus.SWSSession</ConversationId>
      <Service d4p1:type="Sabre Trip Management" xmlns:d4p1="http://www.ebxml.org/namespaces/messageHeader">SabreCommandLLSRQ</Service>
      <Action>SabreCommandLLSRQ</Action>
      <MessageData>
        <MessageId>ea53dbc0-3f49-4d8e-b1e8-cebd08190e6b@com.abacus.SWSSession</MessageId>
        <Timestamp>2026-08-03T09:05:50</Timestamp>
      </MessageData>
    </MessageHeader>
    <Security xmlns="http://schemas.xmlsoap.org/ws/2002/12/secext">
      <BinarySecurityToken>Shared/IDL:IceSess\/SessMgr:1\.0.IDL/Common/!ICESMS\/RESF!ICESMSLB\/RES.LB!1785747927971!6359!517</BinarySecurityToken>
    </Security>
  </soap:Header>
  <soap:Body>
    <SabreCommandLLSRQ Version="2.0.0" ReturnHostCommand="true" xmlns="http://webservices.sabre.com/sabreXML/2011/10">
      <Request Output="SCREEN">
        <HostCommand>EWR</HostCommand>
      </Request>
    </SabreCommandLLSRQ>
  </soap:Body>
</soap:Envelope>]]></Request><Response><![CDATA[<?xml version="1.0" encoding="UTF-8"?>
<soap-env:Envelope xmlns:soap-env="http://schemas.xmlsoap.org/soap/envelope/"><soap-env:Header><eb:MessageHeader xmlns:eb="http://www.ebxml.org/namespaces/messageHeader" eb:version="1.0" soap-env:mustUnderstand="1"><eb:From><eb:PartyId eb:type="urn:x12.org.IO5:01">webservices.sabre.com</eb:PartyId></eb:From><eb:To><eb:PartyId eb:type="urn:x12.org.IO5:01">com.abacus.SWSSession</eb:PartyId></eb:To><eb:ConversationId>8dad8dff-8694-4589-95df-f8edec61d48c@com.abacus.SWSSession</eb:ConversationId><eb:Service eb:type="Sabre Trip Management">SabreCommandLLSRQ</eb:Service><eb:Action>SabreCommandLLSRS</eb:Action><eb:MessageData><eb:MessageId>3197179327494091070</eb:MessageId><eb:Timestamp>2026-08-03T09:05:49</eb:Timestamp><eb:RefToMessageId>ea53dbc0-3f49-4d8e-b1e8-cebd08190e6b@com.abacus.SWSSession</eb:RefToMessageId></eb:MessageData></eb:MessageHeader><wsse:Security xmlns:wsse="http://schemas.xmlsoap.org/ws/2002/12/secext"><wsse:BinarySecurityToken valueType="String" EncodingType="wsse:Base64Binary">Shared/IDL:IceSess\/SessMgr:1\.0.IDL/Common/!ICESMS\/RESF!ICESMSLB\/RES.LB!1785747927971!6359!517</wsse:BinarySecurityToken></wsse:Security></soap-env:Header><soap-env:Body><SabreCommandLLSRS xmlns="http://webservices.sabre.com/sabreXML/2011/10" xmlns:xs="http://www.w3.org/2001/XMLSchema" xmlns:xsi="http://www.w3.org/2001/XMLSchema-instance" xmlns:stl="http://services.sabre.com/STL/v01" Version="2.0.0">
 <stl:ApplicationResults status="Complete">
  <stl:Success timeStamp="2026-08-03T09:05:49Z">
   <stl:SystemSpecificResults>
    <stl:HostCommand LNIATA="641EEE">EWR</stl:HostCommand>
   </stl:SystemSpecificResults>
  </stl:Success>
 </stl:ApplicationResults>
 <Response>ITINERARY REQUIRED TO COMPLETE TRANSACTION</Response>
</SabreCommandLLSRS></soap-env:Body></soap-env:Envelope>]]></Response></ApiLog>","PCC:HO PCC|Command:EWR|HTTP:200|Status:SUCCESS","2026-08-03 14:35:49",,,0,"2026-08-03 14:35:49",0
4749,052e59d184944592b672,QueuePolling,0,,0,,SabreQueueMCP,QUEUE,QueueTextSource,EWR,SUCCESS,"<ApiLog><Request><![CDATA[<?xml version="1.0" encoding="utf-8"?>
<soap:Envelope xmlns:soap="http://schemas.xmlsoap.org/soap/envelope/" xmlns:xsi="http://www.w3.org/2001/XMLSchema-instance" xmlns:xsd="http://www.w3.org/2001/XMLSchema">
  <soap:Header>
    <MessageHeader xmlns="http://www.ebxml.org/namespaces/messageHeader">
      <From>
        <PartyId d5p1:type="urn:x12.org.IO5:01" xmlns:d5p1="http://www.ebxml.org/namespaces/messageHeader">com.abacus.SWSSession</PartyId>
      </From>
      <To>
        <PartyId d5p1:type="urn:x12.org.IO5:01" xmlns:d5p1="http://www.ebxml.org/namespaces/messageHeader">webservices.sabre.com</PartyId>
      </To>
      <ConversationId>8dad8dff-8694-4589-95df-f8edec61d48c@com.abacus.SWSSession</ConversationId>
      <Service d4p1:type="Sabre Trip Management" xmlns:d4p1="http://www.ebxml.org/namespaces/messageHeader">SabreCommandLLSRQ</Service>
      <Action>SabreCommandLLSRQ</Action>
      <MessageData>
        <MessageId>6d822a06-ad39-4445-a9fc-d4c97a630500@com.abacus.SWSSession</MessageId>
        <Timestamp>2026-08-03T09:05:49</Timestamp>
      </MessageData>
    </MessageHeader>
    <Security xmlns="http://schemas.xmlsoap.org/ws/2002/12/secext">
      <BinarySecurityToken>Shared/IDL:IceSess\/SessMgr:1\.0.IDL/Common/!ICESMS\/RESF!ICESMSLB\/RES.LB!1785747927971!6359!517</BinarySecurityToken>
    </Security>
  </soap:Header>
  <soap:Body>
    <SabreCommandLLSRQ Version="2.0.0" ReturnHostCommand="true" xmlns="http://webservices.sabre.com/sabreXML/2011/10">
      <Request Output="SCREEN">
        <HostCommand>EWR</HostCommand>
      </Request>
    </SabreCommandLLSRQ>
  </soap:Body>
</soap:Envelope>]]></Request><Response><![CDATA[<?xml version="1.0" encoding="UTF-8"?>
<soap-env:Envelope xmlns:soap-env="http://schemas.xmlsoap.org/soap/envelope/"><soap-env:Header><eb:MessageHeader xmlns:eb="http://www.ebxml.org/namespaces/messageHeader" eb:version="1.0" soap-env:mustUnderstand="1"><eb:From><eb:PartyId eb:type="urn:x12.org.IO5:01">webservices.sabre.com</eb:PartyId></eb:From><eb:To><eb:PartyId eb:type="urn:x12.org.IO5:01">com.abacus.SWSSession</eb:PartyId></eb:To><eb:ConversationId>8dad8dff-8694-4589-95df-f8edec61d48c@com.abacus.SWSSession</eb:ConversationId><eb:Service eb:type="Sabre Trip Management">SabreCommandLLSRQ</eb:Service><eb:Action>SabreCommandLLSRS</eb:Action><eb:MessageData><eb:MessageId>3197038327480751290</eb:MessageId><eb:Timestamp>2026-08-03T09:05:48</eb:Timestamp><eb:RefToMessageId>6d822a06-ad39-4445-a9fc-d4c97a630500@com.abacus.SWSSession</eb:RefToMessageId></eb:MessageData></eb:MessageHeader><wsse:Security xmlns:wsse="http://schemas.xmlsoap.org/ws/2002/12/secext"><wsse:BinarySecurityToken valueType="String" EncodingType="wsse:Base64Binary">Shared/IDL:IceSess\/SessMgr:1\.0.IDL/Common/!ICESMS\/RESF!ICESMSLB\/RES.LB!1785747927971!6359!517</wsse:BinarySecurityToken></wsse:Security></soap-env:Header><soap-env:Body><SabreCommandLLSRS xmlns="http://webservices.sabre.com/sabreXML/2011/10" xmlns:xs="http://www.w3.org/2001/XMLSchema" xmlns:xsi="http://www.w3.org/2001/XMLSchema-instance" xmlns:stl="http://services.sabre.com/STL/v01" Version="2.0.0">
 <stl:ApplicationResults status="Complete">
  <stl:Success timeStamp="2026-08-03T09:05:48Z">
   <stl:SystemSpecificResults>
    <stl:HostCommand LNIATA="641EEE">EWR</stl:HostCommand>
   </stl:SystemSpecificResults>
  </stl:Success>
 </stl:ApplicationResults>
 <Response>ITINERARY REQUIRED TO COMPLETE TRANSACTION</Response>
</SabreCommandLLSRS></soap-env:Body></soap-env:Envelope>]]></Response></ApiLog>","PCC:HO PCC|Command:EWR|HTTP:200|Status:SUCCESS","2026-08-03 14:35:48",,,0,"2026-08-03 14:35:48",0
4750,052e59d184944592b672,QueuePolling,0,,0,,SabreQueueMCP,QUEUE,QueueTextSource,QR,SUCCESS,"<ApiLog><Request><![CDATA[<?xml version="1.0" encoding="utf-8"?>
<soap:Envelope xmlns:soap="http://schemas.xmlsoap.org/soap/envelope/" xmlns:xsi="http://www.w3.org/2001/XMLSchema-instance" xmlns:xsd="http://www.w3.org/2001/XMLSchema">
  <soap:Header>
    <MessageHeader xmlns="http://www.ebxml.org/namespaces/messageHeader">
      <From>
        <PartyId d5p1:type="urn:x12.org.IO5:01" xmlns:d5p1="http://www.ebxml.org/namespaces/messageHeader">com.abacus.SWSSession</PartyId>
      </From>
      <To>
        <PartyId d5p1:type="urn:x12.org.IO5:01" xmlns:d5p1="http://www.ebxml.org/namespaces/messageHeader">webservices.sabre.com</PartyId>
      </To>
      <ConversationId>8dad8dff-8694-4589-95df-f8edec61d48c@com.abacus.SWSSession</ConversationId>
      <Service d4p1:type="Sabre Trip Management" xmlns:d4p1="http://www.ebxml.org/namespaces/messageHeader">SabreCommandLLSRQ</Service>
      <Action>SabreCommandLLSRQ</Action>
      <MessageData>
        <MessageId>74783370-421a-4948-8521-c51b35ac5e32@com.abacus.SWSSession</MessageId>
        <Timestamp>2026-08-03T09:05:50</Timestamp>
      </MessageData>
    </MessageHeader>
    <Security xmlns="http://schemas.xmlsoap.org/ws/2002/12/secext">
      <BinarySecurityToken>Shared/IDL:IceSess\/SessMgr:1\.0.IDL/Common/!ICESMS\/RESF!ICESMSLB\/RES.LB!1785747927971!6359!517</BinarySecurityToken>
    </Security>
  </soap:Header>
  <soap:Body>
    <SabreCommandLLSRQ Version="2.0.0" ReturnHostCommand="true" xmlns="http://webservices.sabre.com/sabreXML/2011/10">
      <Request Output="SCREEN">
        <HostCommand>QR</HostCommand>
      </Request>
    </SabreCommandLLSRQ>
  </soap:Body>
</soap:Envelope>]]></Request><Response><![CDATA[<?xml version="1.0" encoding="UTF-8"?>
<soap-env:Envelope xmlns:soap-env="http://schemas.xmlsoap.org/soap/envelope/"><soap-env:Header><eb:MessageHeader xmlns:eb="http://www.ebxml.org/namespaces/messageHeader" eb:version="1.0" soap-env:mustUnderstand="1"><eb:From><eb:PartyId eb:type="urn:x12.org.IO5:01">webservices.sabre.com</eb:PartyId></eb:From><eb:To><eb:PartyId eb:type="urn:x12.org.IO5:01">com.abacus.SWSSession</eb:PartyId></eb:To><eb:ConversationId>8dad8dff-8694-4589-95df-f8edec61d48c@com.abacus.SWSSession</eb:ConversationId><eb:Service eb:type="Sabre Trip Management">SabreCommandLLSRQ</eb:Service><eb:Action>SabreCommandLLSRS</eb:Action><eb:MessageData><eb:MessageId>3197090327485832300</eb:MessageId><eb:Timestamp>2026-08-03T09:05:48</eb:Timestamp><eb:RefToMessageId>74783370-421a-4948-8521-c51b35ac5e32@com.abacus.SWSSession</eb:RefToMessageId></eb:MessageData></eb:MessageHeader><wsse:Security xmlns:wsse="http://schemas.xmlsoap.org/ws/2002/12/secext"><wsse:BinarySecurityToken valueType="String" EncodingType="wsse:Base64Binary">Shared/IDL:IceSess\/SessMgr:1\.0.IDL/Common/!ICESMS\/RESF!ICESMSLB\/RES.LB!1785747927971!6359!517</wsse:BinarySecurityToken></wsse:Security></soap-env:Header><soap-env:Body><SabreCommandLLSRS xmlns="http://webservices.sabre.com/sabreXML/2011/10" xmlns:xs="http://www.w3.org/2001/XMLSchema" xmlns:xsi="http://www.w3.org/2001/XMLSchema-instance" xmlns:stl="http://services.sabre.com/STL/v01" Version="2.0.0">
 <stl:ApplicationResults status="Complete">
  <stl:Success timeStamp="2026-08-03T09:05:48Z">
   <stl:SystemSpecificResults>
    <stl:HostCommand LNIATA="641EEE">QR</stl:HostCommand>
   </stl:SystemSpecificResults>
  </stl:Success>
 </stl:ApplicationResults>
 <Response>CANNOT DO THIS IF OFF QUEUE
</Response>
</SabreCommandLLSRS></soap-env:Body></soap-env:Envelope>]]></Response></ApiLog>","PCC:HO PCC|Command:QR|HTTP:200|Status:SUCCESS","2026-08-03 14:35:48",,,0,"2026-08-03 14:35:48",0
4746,052e59d184944592b672,QueuePolling,0,,0,,SabreQueueMCP,QUEUE,QueueTextSource,EWR,SUCCESS,"<ApiLog><Request><![CDATA[<?xml version="1.0" encoding="utf-8"?>
<soap:Envelope xmlns:soap="http://schemas.xmlsoap.org/soap/envelope/" xmlns:xsi="http://www.w3.org/2001/XMLSchema-instance" xmlns:xsd="http://www.w3.org/2001/XMLSchema">
  <soap:Header>
    <MessageHeader xmlns="http://www.ebxml.org/namespaces/messageHeader">
      <From>
        <PartyId d5p1:type="urn:x12.org.IO5:01" xmlns:d5p1="http://www.ebxml.org/namespaces/messageHeader">com.abacus.SWSSession</PartyId>
      </From>
      <To>
        <PartyId d5p1:type="urn:x12.org.IO5:01" xmlns:d5p1="http://www.ebxml.org/namespaces/messageHeader">webservices.sabre.com</PartyId>
      </To>
      <ConversationId>8dad8dff-8694-4589-95df-f8edec61d48c@com.abacus.SWSSession</ConversationId>
      <Service d4p1:type="Sabre Trip Management" xmlns:d4p1="http://www.ebxml.org/namespaces/messageHeader">SabreCommandLLSRQ</Service>
      <Action>SabreCommandLLSRQ</Action>
      <MessageData>
        <MessageId>0c517cde-5d88-4836-b64d-0f19f428b39f@com.abacus.SWSSession</MessageId>
        <Timestamp>2026-08-03T09:05:48</Timestamp>
      </MessageData>
    </MessageHeader>
    <Security xmlns="http://schemas.xmlsoap.org/ws/2002/12/secext">
      <BinarySecurityToken>Shared/IDL:IceSess\/SessMgr:1\.0.IDL/Common/!ICESMS\/RESF!ICESMSLB\/RES.LB!1785747927971!6359!517</BinarySecurityToken>
    </Security>
  </soap:Header>
  <soap:Body>
    <SabreCommandLLSRQ Version="2.0.0" ReturnHostCommand="true" xmlns="http://webservices.sabre.com/sabreXML/2011/10">
      <Request Output="SCREEN">
        <HostCommand>EWR</HostCommand>
      </Request>
    </SabreCommandLLSRQ>
  </soap:Body>
</soap:Envelope>]]></Request><Response><![CDATA[<?xml version="1.0" encoding="UTF-8"?>
<soap-env:Envelope xmlns:soap-env="http://schemas.xmlsoap.org/soap/envelope/"><soap-env:Header><eb:MessageHeader xmlns:eb="http://www.ebxml.org/namespaces/messageHeader" eb:version="1.0" soap-env:mustUnderstand="1"><eb:From><eb:PartyId eb:type="urn:x12.org.IO5:01">webservices.sabre.com</eb:PartyId></eb:From><eb:To><eb:PartyId eb:type="urn:x12.org.IO5:01">com.abacus.SWSSession</eb:PartyId></eb:To><eb:ConversationId>8dad8dff-8694-4589-95df-f8edec61d48c@com.abacus.SWSSession</eb:ConversationId><eb:Service eb:type="Sabre Trip Management">SabreCommandLLSRQ</eb:Service><eb:Action>SabreCommandLLSRS</eb:Action><eb:MessageData><eb:MessageId>3196893327468570620</eb:MessageId><eb:Timestamp>2026-08-03T09:05:46</eb:Timestamp><eb:RefToMessageId>0c517cde-5d88-4836-b64d-0f19f428b39f@com.abacus.SWSSession</eb:RefToMessageId></eb:MessageData></eb:MessageHeader><wsse:Security xmlns:wsse="http://schemas.xmlsoap.org/ws/2002/12/secext"><wsse:BinarySecurityToken valueType="String" EncodingType="wsse:Base64Binary">Shared/IDL:IceSess\/SessMgr:1\.0.IDL/Common/!ICESMS\/RESF!ICESMSLB\/RES.LB!1785747927971!6359!517</wsse:BinarySecurityToken></wsse:Security></soap-env:Header><soap-env:Body><SabreCommandLLSRS xmlns="http://webservices.sabre.com/sabreXML/2011/10" xmlns:xs="http://www.w3.org/2001/XMLSchema" xmlns:xsi="http://www.w3.org/2001/XMLSchema-instance" xmlns:stl="http://services.sabre.com/STL/v01" Version="2.0.0">
 <stl:ApplicationResults status="Complete">
  <stl:Success timeStamp="2026-08-03T09:05:46Z">
   <stl:SystemSpecificResults>
    <stl:HostCommand LNIATA="641EEE">EWR</stl:HostCommand>
   </stl:SystemSpecificResults>
  </stl:Success>
 </stl:ApplicationResults>
 <Response>ITINERARY REQUIRED TO COMPLETE TRANSACTION</Response>
</SabreCommandLLSRS></soap-env:Body></soap-env:Envelope>]]></Response></ApiLog>","PCC:HO PCC|Command:EWR|HTTP:200|Status:SUCCESS","2026-08-03 14:35:47",,,0,"2026-08-03 14:35:47",0
4747,052e59d184944592b672,QueuePolling,0,,0,,SabreQueueMCP,QUEUE,QueueTextSource,QR,SUCCESS,"<ApiLog><Request><![CDATA[<?xml version="1.0" encoding="utf-8"?>
<soap:Envelope xmlns:soap="http://schemas.xmlsoap.org/soap/envelope/" xmlns:xsi="http://www.w3.org/2001/XMLSchema-instance" xmlns:xsd="http://www.w3.org/2001/XMLSchema">
  <soap:Header>
    <MessageHeader xmlns="http://www.ebxml.org/namespaces/messageHeader">
      <From>
        <PartyId d5p1:type="urn:x12.org.IO5:01" xmlns:d5p1="http://www.ebxml.org/namespaces/messageHeader">com.abacus.SWSSession</PartyId>
      </From>
      <To>
        <PartyId d5p1:type="urn:x12.org.IO5:01" xmlns:d5p1="http://www.ebxml.org/namespaces/messageHeader">webservices.sabre.com</PartyId>
      </To>
      <ConversationId>8dad8dff-8694-4589-95df-f8edec61d48c@com.abacus.SWSSession</ConversationId>
      <Service d4p1:type="Sabre Trip Management" xmlns:d4p1="http://www.ebxml.org/namespaces/messageHeader">SabreCommandLLSRQ</Service>
      <Action>SabreCommandLLSRQ</Action>
      <MessageData>
        <MessageId>3fab0c9f-0735-48f0-bb8d-07f1d817e9e9@com.abacus.SWSSession</MessageId>
        <Timestamp>2026-08-03T09:05:48</Timestamp>
      </MessageData>
    </MessageHeader>
    <Security xmlns="http://schemas.xmlsoap.org/ws/2002/12/secext">
      <BinarySecurityToken>Shared/IDL:IceSess\/SessMgr:1\.0.IDL/Common/!ICESMS\/RESF!ICESMSLB\/RES.LB!1785747927971!6359!517</BinarySecurityToken>
    </Security>
  </soap:Header>
  <soap:Body>
    <SabreCommandLLSRQ Version="2.0.0" ReturnHostCommand="true" xmlns="http://webservices.sabre.com/sabreXML/2011/10">
      <Request Output="SCREEN">
        <HostCommand>QR</HostCommand>
      </Request>
    </SabreCommandLLSRQ>
  </soap:Body>
</soap:Envelope>]]></Request><Response><![CDATA[<?xml version="1.0" encoding="UTF-8"?>
<soap-env:Envelope xmlns:soap-env="http://schemas.xmlsoap.org/soap/envelope/"><soap-env:Header><eb:MessageHeader xmlns:eb="http://www.ebxml.org/namespaces/messageHeader" eb:version="1.0" soap-env:mustUnderstand="1"><eb:From><eb:PartyId eb:type="urn:x12.org.IO5:01">webservices.sabre.com</eb:PartyId></eb:From><eb:To><eb:PartyId eb:type="urn:x12.org.IO5:01">com.abacus.SWSSession</eb:PartyId></eb:To><eb:ConversationId>8dad8dff-8694-4589-95df-f8edec61d48c@com.abacus.SWSSession</eb:ConversationId><eb:Service eb:type="Sabre Trip Management">SabreCommandLLSRQ</eb:Service><eb:Action>SabreCommandLLSRS</eb:Action><eb:MessageData><eb:MessageId>3196946327472501890</eb:MessageId><eb:Timestamp>2026-08-03T09:05:47</eb:Timestamp><eb:RefToMessageId>3fab0c9f-0735-48f0-bb8d-07f1d817e9e9@com.abacus.SWSSession</eb:RefToMessageId></eb:MessageData></eb:MessageHeader><wsse:Security xmlns:wsse="http://schemas.xmlsoap.org/ws/2002/12/secext"><wsse:BinarySecurityToken valueType="String" EncodingType="wsse:Base64Binary">Shared/IDL:IceSess\/SessMgr:1\.0.IDL/Common/!ICESMS\/RESF!ICESMSLB\/RES.LB!1785747927971!6359!517</wsse:BinarySecurityToken></wsse:Security></soap-env:Header><soap-env:Body><SabreCommandLLSRS xmlns="http://webservices.sabre.com/sabreXML/2011/10" xmlns:xs="http://www.w3.org/2001/XMLSchema" xmlns:xsi="http://www.w3.org/2001/XMLSchema-instance" xmlns:stl="http://services.sabre.com/STL/v01" Version="2.0.0">
 <stl:ApplicationResults status="Complete">
  <stl:Success timeStamp="2026-08-03T09:05:47Z">
   <stl:SystemSpecificResults>
    <stl:HostCommand LNIATA="641EEE">QR</stl:HostCommand>
   </stl:SystemSpecificResults>
  </stl:Success>
 </stl:ApplicationResults>
 <Response>CANNOT DO THIS IF OFF QUEUE
</Response>
</SabreCommandLLSRS></soap-env:Body></soap-env:Envelope>]]></Response></ApiLog>","PCC:HO PCC|Command:QR|HTTP:200|Status:SUCCESS","2026-08-03 14:35:47",,,0,"2026-08-03 14:35:47",0
4748,052e59d184944592b672,QueuePolling,0,,0,,SabreQueueMCP,QUEUE,QueueTextSource,I,SUCCESS,"<ApiLog><Request><![CDATA[<?xml version="1.0" encoding="utf-8"?>
<soap:Envelope xmlns:soap="http://schemas.xmlsoap.org/soap/envelope/" xmlns:xsi="http://www.w3.org/2001/XMLSchema-instance" xmlns:xsd="http://www.w3.org/2001/XMLSchema">
  <soap:Header>
    <MessageHeader xmlns="http://www.ebxml.org/namespaces/messageHeader">
      <From>
        <PartyId d5p1:type="urn:x12.org.IO5:01" xmlns:d5p1="http://www.ebxml.org/namespaces/messageHeader">com.abacus.SWSSession</PartyId>
      </From>
      <To>
        <PartyId d5p1:type="urn:x12.org.IO5:01" xmlns:d5p1="http://www.ebxml.org/namespaces/messageHeader">webservices.sabre.com</PartyId>
      </To>
      <ConversationId>8dad8dff-8694-4589-95df-f8edec61d48c@com.abacus.SWSSession</ConversationId>
      <Service d4p1:type="Sabre Trip Management" xmlns:d4p1="http://www.ebxml.org/namespaces/messageHeader">SabreCommandLLSRQ</Service>
      <Action>SabreCommandLLSRQ</Action>
      <MessageData>
        <MessageId>7c8c0188-f7e8-4962-a30b-cde827281e3f@com.abacus.SWSSession</MessageId>
        <Timestamp>2026-08-03T09:05:49</Timestamp>
      </MessageData>
    </MessageHeader>
    <Security xmlns="http://schemas.xmlsoap.org/ws/2002/12/secext">
      <BinarySecurityToken>Shared/IDL:IceSess\/SessMgr:1\.0.IDL/Common/!ICESMS\/RESF!ICESMSLB\/RES.LB!1785747927971!6359!517</BinarySecurityToken>
    </Security>
  </soap:Header>
  <soap:Body>
    <SabreCommandLLSRQ Version="2.0.0" ReturnHostCommand="true" xmlns="http://webservices.sabre.com/sabreXML/2011/10">
      <Request Output="SCREEN">
        <HostCommand>I</HostCommand>
      </Request>
    </SabreCommandLLSRQ>
  </soap:Body>
</soap:Envelope>]]></Request><Response><![CDATA[<?xml version="1.0" encoding="UTF-8"?>
<soap-env:Envelope xmlns:soap-env="http://schemas.xmlsoap.org/soap/envelope/"><soap-env:Header><eb:MessageHeader xmlns:eb="http://www.ebxml.org/namespaces/messageHeader" eb:version="1.0" soap-env:mustUnderstand="1"><eb:From><eb:PartyId eb:type="urn:x12.org.IO5:01">webservices.sabre.com</eb:PartyId></eb:From><eb:To><eb:PartyId eb:type="urn:x12.org.IO5:01">com.abacus.SWSSession</eb:PartyId></eb:To><eb:ConversationId>8dad8dff-8694-4589-95df-f8edec61d48c@com.abacus.SWSSession</eb:ConversationId><eb:Service eb:type="Sabre Trip Management">SabreCommandLLSRQ</eb:Service><eb:Action>SabreCommandLLSRS</eb:Action><eb:MessageData><eb:MessageId>3196986327476591500</eb:MessageId><eb:Timestamp>2026-08-03T09:05:47</eb:Timestamp><eb:RefToMessageId>7c8c0188-f7e8-4962-a30b-cde827281e3f@com.abacus.SWSSession</eb:RefToMessageId></eb:MessageData></eb:MessageHeader><wsse:Security xmlns:wsse="http://schemas.xmlsoap.org/ws/2002/12/secext"><wsse:BinarySecurityToken valueType="String" EncodingType="wsse:Base64Binary">Shared/IDL:IceSess\/SessMgr:1\.0.IDL/Common/!ICESMS\/RESF!ICESMSLB\/RES.LB!1785747927971!6359!517</wsse:BinarySecurityToken></wsse:Security></soap-env:Header><soap-env:Body><SabreCommandLLSRS xmlns="http://webservices.sabre.com/sabreXML/2011/10" xmlns:xs="http://www.w3.org/2001/XMLSchema" xmlns:xsi="http://www.w3.org/2001/XMLSchema-instance" xmlns:stl="http://services.sabre.com/STL/v01" Version="2.0.0">
 <stl:ApplicationResults status="Complete">
  <stl:Success timeStamp="2026-08-03T09:05:47Z">
   <stl:SystemSpecificResults>
    <stl:HostCommand LNIATA="641EEE">I</stl:HostCommand>
   </stl:SystemSpecificResults>
  </stl:Success>
 </stl:ApplicationResults>
 <Response>IGD </Response>
</SabreCommandLLSRS></soap-env:Body></soap-env:Envelope>]]></Response></ApiLog>","PCC:HO PCC|Command:I|HTTP:200|Status:SUCCESS","2026-08-03 14:35:47",,,0,"2026-08-03 14:35:47",0
4744,052e59d184944592b672,QueuePolling,0,,0,,SabreQueueMCP,QUEUE,QueueTextSource,QR,SUCCESS,"<ApiLog><Request><![CDATA[<?xml version="1.0" encoding="utf-8"?>
<soap:Envelope xmlns:soap="http://schemas.xmlsoap.org/soap/envelope/" xmlns:xsi="http://www.w3.org/2001/XMLSchema-instance" xmlns:xsd="http://www.w3.org/2001/XMLSchema">
  <soap:Header>
    <MessageHeader xmlns="http://www.ebxml.org/namespaces/messageHeader">
      <From>
        <PartyId d5p1:type="urn:x12.org.IO5:01" xmlns:d5p1="http://www.ebxml.org/namespaces/messageHeader">com.abacus.SWSSession</PartyId>
      </From>
      <To>
        <PartyId d5p1:type="urn:x12.org.IO5:01" xmlns:d5p1="http://www.ebxml.org/namespaces/messageHeader">webservices.sabre.com</PartyId>
      </To>
      <ConversationId>8dad8dff-8694-4589-95df-f8edec61d48c@com.abacus.SWSSession</ConversationId>
      <Service d4p1:type="Sabre Trip Management" xmlns:d4p1="http://www.ebxml.org/namespaces/messageHeader">SabreCommandLLSRQ</Service>
      <Action>SabreCommandLLSRQ</Action>
      <MessageData>
        <MessageId>bea6a412-23d3-4032-a5aa-2c645065277e@com.abacus.SWSSession</MessageId>
        <Timestamp>2026-08-03T09:05:47</Timestamp>
      </MessageData>
    </MessageHeader>
    <Security xmlns="http://schemas.xmlsoap.org/ws/2002/12/secext">
      <BinarySecurityToken>Shared/IDL:IceSess\/SessMgr:1\.0.IDL/Common/!ICESMS\/RESF!ICESMSLB\/RES.LB!1785747927971!6359!517</BinarySecurityToken>
    </Security>
  </soap:Header>
  <soap:Body>
    <SabreCommandLLSRQ Version="2.0.0" ReturnHostCommand="true" xmlns="http://webservices.sabre.com/sabreXML/2011/10">
      <Request Output="SCREEN">
        <HostCommand>QR</HostCommand>
      </Request>
    </SabreCommandLLSRQ>
  </soap:Body>
</soap:Envelope>]]></Request><Response><![CDATA[<?xml version="1.0" encoding="UTF-8"?>
<soap-env:Envelope xmlns:soap-env="http://schemas.xmlsoap.org/soap/envelope/"><soap-env:Header><eb:MessageHeader xmlns:eb="http://www.ebxml.org/namespaces/messageHeader" eb:version="1.0" soap-env:mustUnderstand="1"><eb:From><eb:PartyId eb:type="urn:x12.org.IO5:01">webservices.sabre.com</eb:PartyId></eb:From><eb:To><eb:PartyId eb:type="urn:x12.org.IO5:01">com.abacus.SWSSession</eb:PartyId></eb:To><eb:ConversationId>8dad8dff-8694-4589-95df-f8edec61d48c@com.abacus.SWSSession</eb:ConversationId><eb:Service eb:type="Sabre Trip Management">SabreCommandLLSRQ</eb:Service><eb:Action>SabreCommandLLSRS</eb:Action><eb:MessageData><eb:MessageId>3196806327460310620</eb:MessageId><eb:Timestamp>2026-08-03T09:05:46</eb:Timestamp><eb:RefToMessageId>bea6a412-23d3-4032-a5aa-2c645065277e@com.abacus.SWSSession</eb:RefToMessageId></eb:MessageData></eb:MessageHeader><wsse:Security xmlns:wsse="http://schemas.xmlsoap.org/ws/2002/12/secext"><wsse:BinarySecurityToken valueType="String" EncodingType="wsse:Base64Binary">Shared/IDL:IceSess\/SessMgr:1\.0.IDL/Common/!ICESMS\/RESF!ICESMSLB\/RES.LB!1785747927971!6359!517</wsse:BinarySecurityToken></wsse:Security></soap-env:Header><soap-env:Body><SabreCommandLLSRS xmlns="http://webservices.sabre.com/sabreXML/2011/10" xmlns:xs="http://www.w3.org/2001/XMLSchema" xmlns:xsi="http://www.w3.org/2001/XMLSchema-instance" xmlns:stl="http://services.sabre.com/STL/v01" Version="2.0.0">
 <stl:ApplicationResults status="Complete">
  <stl:Success timeStamp="2026-08-03T09:05:46Z">
   <stl:SystemSpecificResults>
    <stl:HostCommand LNIATA="641EEE">QR</stl:HostCommand>
   </stl:SystemSpecificResults>
  </stl:Success>
 </stl:ApplicationResults>
 <Response>CANNOT DO THIS IF OFF QUEUE
</Response>
</SabreCommandLLSRS></soap-env:Body></soap-env:Envelope>]]></Response></ApiLog>","PCC:HO PCC|Command:QR|HTTP:200|Status:SUCCESS","2026-08-03 14:35:46",,,0,"2026-08-03 14:35:46",0
4745,052e59d184944592b672,QueuePolling,0,,0,,SabreQueueMCP,QUEUE,QueueTextSource,I,SUCCESS,"<ApiLog><Request><![CDATA[<?xml version="1.0" encoding="utf-8"?>
<soap:Envelope xmlns:soap="http://schemas.xmlsoap.org/soap/envelope/" xmlns:xsi="http://www.w3.org/2001/XMLSchema-instance" xmlns:xsd="http://www.w3.org/2001/XMLSchema">
  <soap:Header>
    <MessageHeader xmlns="http://www.ebxml.org/namespaces/messageHeader">
      <From>
        <PartyId d5p1:type="urn:x12.org.IO5:01" xmlns:d5p1="http://www.ebxml.org/namespaces/messageHeader">com.abacus.SWSSession</PartyId>
      </From>
      <To>
        <PartyId d5p1:type="urn:x12.org.IO5:01" xmlns:d5p1="http://www.ebxml.org/namespaces/messageHeader">webservices.sabre.com</PartyId>
      </To>
      <ConversationId>8dad8dff-8694-4589-95df-f8edec61d48c@com.abacus.SWSSession</ConversationId>
      <Service d4p1:type="Sabre Trip Management" xmlns:d4p1="http://www.ebxml.org/namespaces/messageHeader">SabreCommandLLSRQ</Service>
      <Action>SabreCommandLLSRQ</Action>
      <MessageData>
        <MessageId>fba8e707-e4e2-42f0-91d9-bf69fe000156@com.abacus.SWSSession</MessageId>
        <Timestamp>2026-08-03T09:05:47</Timestamp>
      </MessageData>
    </MessageHeader>
    <Security xmlns="http://schemas.xmlsoap.org/ws/2002/12/secext">
      <BinarySecurityToken>Shared/IDL:IceSess\/SessMgr:1\.0.IDL/Common/!ICESMS\/RESF!ICESMSLB\/RES.LB!1785747927971!6359!517</BinarySecurityToken>
    </Security>
  </soap:Header>
  <soap:Body>
    <SabreCommandLLSRQ Version="2.0.0" ReturnHostCommand="true" xmlns="http://webservices.sabre.com/sabreXML/2011/10">
      <Request Output="SCREEN">
        <HostCommand>I</HostCommand>
      </Request>
    </SabreCommandLLSRQ>
  </soap:Body>
</soap:Envelope>]]></Request><Response><![CDATA[<?xml version="1.0" encoding="UTF-8"?>
<soap-env:Envelope xmlns:soap-env="http://schemas.xmlsoap.org/soap/envelope/"><soap-env:Header><eb:MessageHeader xmlns:eb="http://www.ebxml.org/namespaces/messageHeader" eb:version="1.0" soap-env:mustUnderstand="1"><eb:From><eb:PartyId eb:type="urn:x12.org.IO5:01">webservices.sabre.com</eb:PartyId></eb:From><eb:To><eb:PartyId eb:type="urn:x12.org.IO5:01">com.abacus.SWSSession</eb:PartyId></eb:To><eb:ConversationId>8dad8dff-8694-4589-95df-f8edec61d48c@com.abacus.SWSSession</eb:ConversationId><eb:Service eb:type="Sabre Trip Management">SabreCommandLLSRQ</eb:Service><eb:Action>SabreCommandLLSRS</eb:Action><eb:MessageData><eb:MessageId>3196865327464422070</eb:MessageId><eb:Timestamp>2026-08-03T09:05:46</eb:Timestamp><eb:RefToMessageId>fba8e707-e4e2-42f0-91d9-bf69fe000156@com.abacus.SWSSession</eb:RefToMessageId></eb:MessageData></eb:MessageHeader><wsse:Security xmlns:wsse="http://schemas.xmlsoap.org/ws/2002/12/secext"><wsse:BinarySecurityToken valueType="String" EncodingType="wsse:Base64Binary">Shared/IDL:IceSess\/SessMgr:1\.0.IDL/Common/!ICESMS\/RESF!ICESMSLB\/RES.LB!1785747927971!6359!517</wsse:BinarySecurityToken></wsse:Security></soap-env:Header><soap-env:Body><SabreCommandLLSRS xmlns="http://webservices.sabre.com/sabreXML/2011/10" xmlns:xs="http://www.w3.org/2001/XMLSchema" xmlns:xsi="http://www.w3.org/2001/XMLSchema-instance" xmlns:stl="http://services.sabre.com/STL/v01" Version="2.0.0">
 <stl:ApplicationResults status="Complete">
  <stl:Success timeStamp="2026-08-03T09:05:46Z">
   <stl:SystemSpecificResults>
    <stl:HostCommand LNIATA="641EEE">I</stl:HostCommand>
   </stl:SystemSpecificResults>
  </stl:Success>
 </stl:ApplicationResults>
 <Response>IGD </Response>
</SabreCommandLLSRS></soap-env:Body></soap-env:Envelope>]]></Response></ApiLog>","PCC:HO PCC|Command:I|HTTP:200|Status:SUCCESS","2026-08-03 14:35:46",,,0,"2026-08-03 14:35:46",0
4741,052e59d184944592b672,QueuePolling,0,,0,,SabreQueueMCP,QUEUE,QueueTextSource,QR,SUCCESS,"<ApiLog><Request><![CDATA[<?xml version="1.0" encoding="utf-8"?>
<soap:Envelope xmlns:soap="http://schemas.xmlsoap.org/soap/envelope/" xmlns:xsi="http://www.w3.org/2001/XMLSchema-instance" xmlns:xsd="http://www.w3.org/2001/XMLSchema">
  <soap:Header>
    <MessageHeader xmlns="http://www.ebxml.org/namespaces/messageHeader">
      <From>
        <PartyId d5p1:type="urn:x12.org.IO5:01" xmlns:d5p1="http://www.ebxml.org/namespaces/messageHeader">com.abacus.SWSSession</PartyId>
      </From>
      <To>
        <PartyId d5p1:type="urn:x12.org.IO5:01" xmlns:d5p1="http://www.ebxml.org/namespaces/messageHeader">webservices.sabre.com</PartyId>
      </To>
      <ConversationId>8dad8dff-8694-4589-95df-f8edec61d48c@com.abacus.SWSSession</ConversationId>
      <Service d4p1:type="Sabre Trip Management" xmlns:d4p1="http://www.ebxml.org/namespaces/messageHeader">SabreCommandLLSRQ</Service>
      <Action>SabreCommandLLSRQ</Action>
      <MessageData>
        <MessageId>74b6859f-6145-44f2-b9b6-327a594f4485@com.abacus.SWSSession</MessageId>
        <Timestamp>2026-08-03T09:05:46</Timestamp>
      </MessageData>
    </MessageHeader>
    <Security xmlns="http://schemas.xmlsoap.org/ws/2002/12/secext">
      <BinarySecurityToken>Shared/IDL:IceSess\/SessMgr:1\.0.IDL/Common/!ICESMS\/RESF!ICESMSLB\/RES.LB!1785747927971!6359!517</BinarySecurityToken>
    </Security>
  </soap:Header>
  <soap:Body>
    <SabreCommandLLSRQ Version="2.0.0" ReturnHostCommand="true" xmlns="http://webservices.sabre.com/sabreXML/2011/10">
      <Request Output="SCREEN">
        <HostCommand>QR</HostCommand>
      </Request>
    </SabreCommandLLSRQ>
  </soap:Body>
</soap:Envelope>]]></Request><Response><![CDATA[<?xml version="1.0" encoding="UTF-8"?>
<soap-env:Envelope xmlns:soap-env="http://schemas.xmlsoap.org/soap/envelope/"><soap-env:Header><eb:MessageHeader xmlns:eb="http://www.ebxml.org/namespaces/messageHeader" eb:version="1.0" soap-env:mustUnderstand="1"><eb:From><eb:PartyId eb:type="urn:x12.org.IO5:01">webservices.sabre.com</eb:PartyId></eb:From><eb:To><eb:PartyId eb:type="urn:x12.org.IO5:01">com.abacus.SWSSession</eb:PartyId></eb:To><eb:ConversationId>8dad8dff-8694-4589-95df-f8edec61d48c@com.abacus.SWSSession</eb:ConversationId><eb:Service eb:type="Sabre Trip Management">SabreCommandLLSRQ</eb:Service><eb:Action>SabreCommandLLSRS</eb:Action><eb:MessageData><eb:MessageId>3196704327448720140</eb:MessageId><eb:Timestamp>2026-08-03T09:05:44</eb:Timestamp><eb:RefToMessageId>74b6859f-6145-44f2-b9b6-327a594f4485@com.abacus.SWSSession</eb:RefToMessageId></eb:MessageData></eb:MessageHeader><wsse:Security xmlns:wsse="http://schemas.xmlsoap.org/ws/2002/12/secext"><wsse:BinarySecurityToken valueType="String" EncodingType="wsse:Base64Binary">Shared/IDL:IceSess\/SessMgr:1\.0.IDL/Common/!ICESMS\/RESF!ICESMSLB\/RES.LB!1785747927971!6359!517</wsse:BinarySecurityToken></wsse:Security></soap-env:Header><soap-env:Body><SabreCommandLLSRS xmlns="http://webservices.sabre.com/sabreXML/2011/10" xmlns:xs="http://www.w3.org/2001/XMLSchema" xmlns:xsi="http://www.w3.org/2001/XMLSchema-instance" xmlns:stl="http://services.sabre.com/STL/v01" Version="2.0.0">
 <stl:ApplicationResults status="Complete">
  <stl:Success timeStamp="2026-08-03T09:05:44Z">
   <stl:SystemSpecificResults>
    <stl:HostCommand LNIATA="641EEE">QR</stl:HostCommand>
   </stl:SystemSpecificResults>
  </stl:Success>
 </stl:ApplicationResults>
 <Response>CANNOT DO THIS IF OFF QUEUE
</Response>
</SabreCommandLLSRS></soap-env:Body></soap-env:Envelope>]]></Response></ApiLog>","PCC:HO PCC|Command:QR|HTTP:200|Status:SUCCESS","2026-08-03 14:35:45",,,0,"2026-08-03 14:35:45",0
4742,052e59d184944592b672,QueuePolling,0,,0,,SabreQueueMCP,QUEUE,QueueTextSource,I,SUCCESS,"<ApiLog><Request><![CDATA[<?xml version="1.0" encoding="utf-8"?>
<soap:Envelope xmlns:soap="http://schemas.xmlsoap.org/soap/envelope/" xmlns:xsi="http://www.w3.org/2001/XMLSchema-instance" xmlns:xsd="http://www.w3.org/2001/XMLSchema">
  <soap:Header>
    <MessageHeader xmlns="http://www.ebxml.org/namespaces/messageHeader">
      <From>
        <PartyId d5p1:type="urn:x12.org.IO5:01" xmlns:d5p1="http://www.ebxml.org/namespaces/messageHeader">com.abacus.SWSSession</PartyId>
      </From>
      <To>
        <PartyId d5p1:type="urn:x12.org.IO5:01" xmlns:d5p1="http://www.ebxml.org/namespaces/messageHeader">webservices.sabre.com</PartyId>
      </To>
      <ConversationId>8dad8dff-8694-4589-95df-f8edec61d48c@com.abacus.SWSSession</ConversationId>
      <Service d4p1:type="Sabre Trip Management" xmlns:d4p1="http://www.ebxml.org/namespaces/messageHeader">SabreCommandLLSRQ</Service>
      <Action>SabreCommandLLSRQ</Action>
      <MessageData>
        <MessageId>d6bf1825-2093-46f5-a9aa-3f241f18a54a@com.abacus.SWSSession</MessageId>
        <Timestamp>2026-08-03T09:05:46</Timestamp>
      </MessageData>
    </MessageHeader>
    <Security xmlns="http://schemas.xmlsoap.org/ws/2002/12/secext">
      <BinarySecurityToken>Shared/IDL:IceSess\/SessMgr:1\.0.IDL/Common/!ICESMS\/RESF!ICESMSLB\/RES.LB!1785747927971!6359!517</BinarySecurityToken>
    </Security>
  </soap:Header>
  <soap:Body>
    <SabreCommandLLSRQ Version="2.0.0" ReturnHostCommand="true" xmlns="http://webservices.sabre.com/sabreXML/2011/10">
      <Request Output="SCREEN">
        <HostCommand>I</HostCommand>
      </Request>
    </SabreCommandLLSRQ>
  </soap:Body>
</soap:Envelope>]]></Request><Response><![CDATA[<?xml version="1.0" encoding="UTF-8"?>
<soap-env:Envelope xmlns:soap-env="http://schemas.xmlsoap.org/soap/envelope/"><soap-env:Header><eb:MessageHeader xmlns:eb="http://www.ebxml.org/namespaces/messageHeader" eb:version="1.0" soap-env:mustUnderstand="1"><eb:From><eb:PartyId eb:type="urn:x12.org.IO5:01">webservices.sabre.com</eb:PartyId></eb:From><eb:To><eb:PartyId eb:type="urn:x12.org.IO5:01">com.abacus.SWSSession</eb:PartyId></eb:To><eb:ConversationId>8dad8dff-8694-4589-95df-f8edec61d48c@com.abacus.SWSSession</eb:ConversationId><eb:Service eb:type="Sabre Trip Management">SabreCommandLLSRQ</eb:Service><eb:Action>SabreCommandLLSRS</eb:Action><eb:MessageData><eb:MessageId>3196729327452252300</eb:MessageId><eb:Timestamp>2026-08-03T09:05:45</eb:Timestamp><eb:RefToMessageId>d6bf1825-2093-46f5-a9aa-3f241f18a54a@com.abacus.SWSSession</eb:RefToMessageId></eb:MessageData></eb:MessageHeader><wsse:Security xmlns:wsse="http://schemas.xmlsoap.org/ws/2002/12/secext"><wsse:BinarySecurityToken valueType="String" EncodingType="wsse:Base64Binary">Shared/IDL:IceSess\/SessMgr:1\.0.IDL/Common/!ICESMS\/RESF!ICESMSLB\/RES.LB!1785747927971!6359!517</wsse:BinarySecurityToken></wsse:Security></soap-env:Header><soap-env:Body><SabreCommandLLSRS xmlns="http://webservices.sabre.com/sabreXML/2011/10" xmlns:xs="http://www.w3.org/2001/XMLSchema" xmlns:xsi="http://www.w3.org/2001/XMLSchema-instance" xmlns:stl="http://services.sabre.com/STL/v01" Version="2.0.0">
 <stl:ApplicationResults status="Complete">
  <stl:Success timeStamp="2026-08-03T09:05:45Z">
   <stl:SystemSpecificResults>
    <stl:HostCommand LNIATA="641EEE">I</stl:HostCommand>
   </stl:SystemSpecificResults>
  </stl:Success>
 </stl:ApplicationResults>
 <Response>IGD </Response>
</SabreCommandLLSRS></soap-env:Body></soap-env:Envelope>]]></Response></ApiLog>","PCC:HO PCC|Command:I|HTTP:200|Status:SUCCESS","2026-08-03 14:35:45",,,0,"2026-08-03 14:35:45",0
4743,052e59d184944592b672,QueuePolling,0,,0,,SabreQueueMCP,QUEUE,QueueTextSource,EWR,SUCCESS,"<ApiLog><Request><![CDATA[<?xml version="1.0" encoding="utf-8"?>
<soap:Envelope xmlns:soap="http://schemas.xmlsoap.org/soap/envelope/" xmlns:xsi="http://www.w3.org/2001/XMLSchema-instance" xmlns:xsd="http://www.w3.org/2001/XMLSchema">
  <soap:Header>
    <MessageHeader xmlns="http://www.ebxml.org/namespaces/messageHeader">
      <From>
        <PartyId d5p1:type="urn:x12.org.IO5:01" xmlns:d5p1="http://www.ebxml.org/namespaces/messageHeader">com.abacus.SWSSession</PartyId>
      </From>
      <To>
        <PartyId d5p1:type="urn:x12.org.IO5:01" xmlns:d5p1="http://www.ebxml.org/namespaces/messageHeader">webservices.sabre.com</PartyId>
      </To>
      <ConversationId>8dad8dff-8694-4589-95df-f8edec61d48c@com.abacus.SWSSession</ConversationId>
      <Service d4p1:type="Sabre Trip Management" xmlns:d4p1="http://www.ebxml.org/namespaces/messageHeader">SabreCommandLLSRQ</Service>
      <Action>SabreCommandLLSRQ</Action>
      <MessageData>
        <MessageId>2b3ef89b-78aa-49ca-a7c5-112bfe517d48@com.abacus.SWSSession</MessageId>
        <Timestamp>2026-08-03T09:05:47</Timestamp>
      </MessageData>
    </MessageHeader>
    <Security xmlns="http://schemas.xmlsoap.org/ws/2002/12/secext">
      <BinarySecurityToken>Shared/IDL:IceSess\/SessMgr:1\.0.IDL/Common/!ICESMS\/RESF!ICESMSLB\/RES.LB!1785747927971!6359!517</BinarySecurityToken>
    </Security>
  </soap:Header>
  <soap:Body>
    <SabreCommandLLSRQ Version="2.0.0" ReturnHostCommand="true" xmlns="http://webservices.sabre.com/sabreXML/2011/10">
      <Request Output="SCREEN">
        <HostCommand>EWR</HostCommand>
      </Request>
    </SabreCommandLLSRQ>
  </soap:Body>
</soap:Envelope>]]></Request><Response><![CDATA[<?xml version="1.0" encoding="UTF-8"?>
<soap-env:Envelope xmlns:soap-env="http://schemas.xmlsoap.org/soap/envelope/"><soap-env:Header><eb:MessageHeader xmlns:eb="http://www.ebxml.org/namespaces/messageHeader" eb:version="1.0" soap-env:mustUnderstand="1"><eb:From><eb:PartyId eb:type="urn:x12.org.IO5:01">webservices.sabre.com</eb:PartyId></eb:From><eb:To><eb:PartyId eb:type="urn:x12.org.IO5:01">com.abacus.SWSSession</eb:PartyId></eb:To><eb:ConversationId>8dad8dff-8694-4589-95df-f8edec61d48c@com.abacus.SWSSession</eb:ConversationId><eb:Service eb:type="Sabre Trip Management">SabreCommandLLSRQ</eb:Service><eb:Action>SabreCommandLLSRS</eb:Action><eb:MessageData><eb:MessageId>3196772327456360160</eb:MessageId><eb:Timestamp>2026-08-03T09:05:45</eb:Timestamp><eb:RefToMessageId>2b3ef89b-78aa-49ca-a7c5-112bfe517d48@com.abacus.SWSSession</eb:RefToMessageId></eb:MessageData></eb:MessageHeader><wsse:Security xmlns:wsse="http://schemas.xmlsoap.org/ws/2002/12/secext"><wsse:BinarySecurityToken valueType="String" EncodingType="wsse:Base64Binary">Shared/IDL:IceSess\/SessMgr:1\.0.IDL/Common/!ICESMS\/RESF!ICESMSLB\/RES.LB!1785747927971!6359!517</wsse:BinarySecurityToken></wsse:Security></soap-env:Header><soap-env:Body><SabreCommandLLSRS xmlns="http://webservices.sabre.com/sabreXML/2011/10" xmlns:xs="http://www.w3.org/2001/XMLSchema" xmlns:xsi="http://www.w3.org/2001/XMLSchema-instance" xmlns:stl="http://services.sabre.com/STL/v01" Version="2.0.0">
 <stl:ApplicationResults status="Complete">
  <stl:Success timeStamp="2026-08-03T09:05:45Z">
   <stl:SystemSpecificResults>
    <stl:HostCommand LNIATA="641EEE">EWR</stl:HostCommand>
   </stl:SystemSpecificResults>
  </stl:Success>
 </stl:ApplicationResults>
 <Response>ITINERARY REQUIRED TO COMPLETE TRANSACTION</Response>
</SabreCommandLLSRS></soap-env:Body></soap-env:Envelope>]]></Response></ApiLog>","PCC:HO PCC|Command:EWR|HTTP:200|Status:SUCCESS","2026-08-03 14:35:45",,,0,"2026-08-03 14:35:45",0
4739,052e59d184944592b672,QueuePolling,0,,0,,SabreQueueMCP,QUEUE,QueueTextSource,I,SUCCESS,"<ApiLog><Request><![CDATA[<?xml version="1.0" encoding="utf-8"?>
<soap:Envelope xmlns:soap="http://schemas.xmlsoap.org/soap/envelope/" xmlns:xsi="http://www.w3.org/2001/XMLSchema-instance" xmlns:xsd="http://www.w3.org/2001/XMLSchema">
  <soap:Header>
    <MessageHeader xmlns="http://www.ebxml.org/namespaces/messageHeader">
      <From>
        <PartyId d5p1:type="urn:x12.org.IO5:01" xmlns:d5p1="http://www.ebxml.org/namespaces/messageHeader">com.abacus.SWSSession</PartyId>
      </From>
      <To>
        <PartyId d5p1:type="urn:x12.org.IO5:01" xmlns:d5p1="http://www.ebxml.org/namespaces/messageHeader">webservices.sabre.com</PartyId>
      </To>
      <ConversationId>8dad8dff-8694-4589-95df-f8edec61d48c@com.abacus.SWSSession</ConversationId>
      <Service d4p1:type="Sabre Trip Management" xmlns:d4p1="http://www.ebxml.org/namespaces/messageHeader">SabreCommandLLSRQ</Service>
      <Action>SabreCommandLLSRQ</Action>
      <MessageData>
        <MessageId>5b2db1cc-c82e-4e15-9cbf-fed170a9bc59@com.abacus.SWSSession</MessageId>
        <Timestamp>2026-08-03T09:05:45</Timestamp>
      </MessageData>
    </MessageHeader>
    <Security xmlns="http://schemas.xmlsoap.org/ws/2002/12/secext">
      <BinarySecurityToken>Shared/IDL:IceSess\/SessMgr:1\.0.IDL/Common/!ICESMS\/RESF!ICESMSLB\/RES.LB!1785747927971!6359!517</BinarySecurityToken>
    </Security>
  </soap:Header>
  <soap:Body>
    <SabreCommandLLSRQ Version="2.0.0" ReturnHostCommand="true" xmlns="http://webservices.sabre.com/sabreXML/2011/10">
      <Request Output="SCREEN">
        <HostCommand>I</HostCommand>
      </Request>
    </SabreCommandLLSRQ>
  </soap:Body>
</soap:Envelope>]]></Request><Response><![CDATA[<?xml version="1.0" encoding="UTF-8"?>
<soap-env:Envelope xmlns:soap-env="http://schemas.xmlsoap.org/soap/envelope/"><soap-env:Header><eb:MessageHeader xmlns:eb="http://www.ebxml.org/namespaces/messageHeader" eb:version="1.0" soap-env:mustUnderstand="1"><eb:From><eb:PartyId eb:type="urn:x12.org.IO5:01">webservices.sabre.com</eb:PartyId></eb:From><eb:To><eb:PartyId eb:type="urn:x12.org.IO5:01">com.abacus.SWSSession</eb:PartyId></eb:To><eb:ConversationId>8dad8dff-8694-4589-95df-f8edec61d48c@com.abacus.SWSSession</eb:ConversationId><eb:Service eb:type="Sabre Trip Management">SabreCommandLLSRQ</eb:Service><eb:Action>SabreCommandLLSRS</eb:Action><eb:MessageData><eb:MessageId>3196611327441031150</eb:MessageId><eb:Timestamp>2026-08-03T09:05:44</eb:Timestamp><eb:RefToMessageId>5b2db1cc-c82e-4e15-9cbf-fed170a9bc59@com.abacus.SWSSession</eb:RefToMessageId></eb:MessageData></eb:MessageHeader><wsse:Security xmlns:wsse="http://schemas.xmlsoap.org/ws/2002/12/secext"><wsse:BinarySecurityToken valueType="String" EncodingType="wsse:Base64Binary">Shared/IDL:IceSess\/SessMgr:1\.0.IDL/Common/!ICESMS\/RESF!ICESMSLB\/RES.LB!1785747927971!6359!517</wsse:BinarySecurityToken></wsse:Security></soap-env:Header><soap-env:Body><SabreCommandLLSRS xmlns="http://webservices.sabre.com/sabreXML/2011/10" xmlns:xs="http://www.w3.org/2001/XMLSchema" xmlns:xsi="http://www.w3.org/2001/XMLSchema-instance" xmlns:stl="http://services.sabre.com/STL/v01" Version="2.0.0">
 <stl:ApplicationResults status="Complete">
  <stl:Success timeStamp="2026-08-03T09:05:44Z">
   <stl:SystemSpecificResults>
    <stl:HostCommand LNIATA="641EEE">I</stl:HostCommand>
   </stl:SystemSpecificResults>
  </stl:Success>
 </stl:ApplicationResults>
 <Response>IGD </Response>
</SabreCommandLLSRS></soap-env:Body></soap-env:Envelope>]]></Response></ApiLog>","PCC:HO PCC|Command:I|HTTP:200|Status:SUCCESS","2026-08-03 14:35:44",,,0,"2026-08-03 14:35:44",0
4740,052e59d184944592b672,QueuePolling,0,,0,,SabreQueueMCP,QUEUE,QueueTextSource,EWR,SUCCESS,"<ApiLog><Request><![CDATA[<?xml version="1.0" encoding="utf-8"?>
<soap:Envelope xmlns:soap="http://schemas.xmlsoap.org/soap/envelope/" xmlns:xsi="http://www.w3.org/2001/XMLSchema-instance" xmlns:xsd="http://www.w3.org/2001/XMLSchema">
  <soap:Header>
    <MessageHeader xmlns="http://www.ebxml.org/namespaces/messageHeader">
      <From>
        <PartyId d5p1:type="urn:x12.org.IO5:01" xmlns:d5p1="http://www.ebxml.org/namespaces/messageHeader">com.abacus.SWSSession</PartyId>
      </From>
      <To>
        <PartyId d5p1:type="urn:x12.org.IO5:01" xmlns:d5p1="http://www.ebxml.org/namespaces/messageHeader">webservices.sabre.com</PartyId>
      </To>
      <ConversationId>8dad8dff-8694-4589-95df-f8edec61d48c@com.abacus.SWSSession</ConversationId>
      <Service d4p1:type="Sabre Trip Management" xmlns:d4p1="http://www.ebxml.org/namespaces/messageHeader">SabreCommandLLSRQ</Service>
      <Action>SabreCommandLLSRQ</Action>
      <MessageData>
        <MessageId>1ff03268-3624-4f06-b9d0-a619f137e014@com.abacus.SWSSession</MessageId>
        <Timestamp>2026-08-03T09:05:45</Timestamp>
      </MessageData>
    </MessageHeader>
    <Security xmlns="http://schemas.xmlsoap.org/ws/2002/12/secext">
      <BinarySecurityToken>Shared/IDL:IceSess\/SessMgr:1\.0.IDL/Common/!ICESMS\/RESF!ICESMSLB\/RES.LB!1785747927971!6359!517</BinarySecurityToken>
    </Security>
  </soap:Header>
  <soap:Body>
    <SabreCommandLLSRQ Version="2.0.0" ReturnHostCommand="true" xmlns="http://webservices.sabre.com/sabreXML/2011/10">
      <Request Output="SCREEN">
        <HostCommand>EWR</HostCommand>
      </Request>
    </SabreCommandLLSRQ>
  </soap:Body>
</soap:Envelope>]]></Request><Response><![CDATA[<?xml version="1.0" encoding="UTF-8"?>
<soap-env:Envelope xmlns:soap-env="http://schemas.xmlsoap.org/soap/envelope/"><soap-env:Header><eb:MessageHeader xmlns:eb="http://www.ebxml.org/namespaces/messageHeader" eb:version="1.0" soap-env:mustUnderstand="1"><eb:From><eb:PartyId eb:type="urn:x12.org.IO5:01">webservices.sabre.com</eb:PartyId></eb:From><eb:To><eb:PartyId eb:type="urn:x12.org.IO5:01">com.abacus.SWSSession</eb:PartyId></eb:To><eb:ConversationId>8dad8dff-8694-4589-95df-f8edec61d48c@com.abacus.SWSSession</eb:ConversationId><eb:Service eb:type="Sabre Trip Management">SabreCommandLLSRQ</eb:Service><eb:Action>SabreCommandLLSRS</eb:Action><eb:MessageData><eb:MessageId>3196658327444860220</eb:MessageId><eb:Timestamp>2026-08-03T09:05:44</eb:Timestamp><eb:RefToMessageId>1ff03268-3624-4f06-b9d0-a619f137e014@com.abacus.SWSSession</eb:RefToMessageId></eb:MessageData></eb:MessageHeader><wsse:Security xmlns:wsse="http://schemas.xmlsoap.org/ws/2002/12/secext"><wsse:BinarySecurityToken valueType="String" EncodingType="wsse:Base64Binary">Shared/IDL:IceSess\/SessMgr:1\.0.IDL/Common/!ICESMS\/RESF!ICESMSLB\/RES.LB!1785747927971!6359!517</wsse:BinarySecurityToken></wsse:Security></soap-env:Header><soap-env:Body><SabreCommandLLSRS xmlns="http://webservices.sabre.com/sabreXML/2011/10" xmlns:xs="http://www.w3.org/2001/XMLSchema" xmlns:xsi="http://www.w3.org/2001/XMLSchema-instance" xmlns:stl="http://services.sabre.com/STL/v01" Version="2.0.0">
 <stl:ApplicationResults status="Complete">
  <stl:Success timeStamp="2026-08-03T09:05:44Z">
   <stl:SystemSpecificResults>
    <stl:HostCommand LNIATA="641EEE">EWR</stl:HostCommand>
   </stl:SystemSpecificResults>
  </stl:Success>
 </stl:ApplicationResults>
 <Response>ITINERARY REQUIRED TO COMPLETE TRANSACTION</Response>
</SabreCommandLLSRS></soap-env:Body></soap-env:Envelope>]]></Response></ApiLog>","PCC:HO PCC|Command:EWR|HTTP:200|Status:SUCCESS","2026-08-03 14:35:44",,,0,"2026-08-03 14:35:44",0
4736,052e59d184944592b672,QueuePolling,0,,0,,SabreQueueMCP,QUEUE,QueueTextSource,I,SUCCESS,"<ApiLog><Request><![CDATA[<?xml version="1.0" encoding="utf-8"?>
<soap:Envelope xmlns:soap="http://schemas.xmlsoap.org/soap/envelope/" xmlns:xsi="http://www.w3.org/2001/XMLSchema-instance" xmlns:xsd="http://www.w3.org/2001/XMLSchema">
  <soap:Header>
    <MessageHeader xmlns="http://www.ebxml.org/namespaces/messageHeader">
      <From>
        <PartyId d5p1:type="urn:x12.org.IO5:01" xmlns:d5p1="http://www.ebxml.org/namespaces/messageHeader">com.abacus.SWSSession</PartyId>
      </From>
      <To>
        <PartyId d5p1:type="urn:x12.org.IO5:01" xmlns:d5p1="http://www.ebxml.org/namespaces/messageHeader">webservices.sabre.com</PartyId>
      </To>
      <ConversationId>8dad8dff-8694-4589-95df-f8edec61d48c@com.abacus.SWSSession</ConversationId>
      <Service d4p1:type="Sabre Trip Management" xmlns:d4p1="http://www.ebxml.org/namespaces/messageHeader">SabreCommandLLSRQ</Service>
      <Action>SabreCommandLLSRQ</Action>
      <MessageData>
        <MessageId>8843ed86-25f8-497c-b8af-65dfc8cdb335@com.abacus.SWSSession</MessageId>
        <Timestamp>2026-08-03T09:05:44</Timestamp>
      </MessageData>
    </MessageHeader>
    <Security xmlns="http://schemas.xmlsoap.org/ws/2002/12/secext">
      <BinarySecurityToken>Shared/IDL:IceSess\/SessMgr:1\.0.IDL/Common/!ICESMS\/RESF!ICESMSLB\/RES.LB!1785747927971!6359!517</BinarySecurityToken>
    </Security>
  </soap:Header>
  <soap:Body>
    <SabreCommandLLSRQ Version="2.0.0" ReturnHostCommand="true" xmlns="http://webservices.sabre.com/sabreXML/2011/10">
      <Request Output="SCREEN">
        <HostCommand>I</HostCommand>
      </Request>
    </SabreCommandLLSRQ>
  </soap:Body>
</soap:Envelope>]]></Request><Response><![CDATA[<?xml version="1.0" encoding="UTF-8"?>
<soap-env:Envelope xmlns:soap-env="http://schemas.xmlsoap.org/soap/envelope/"><soap-env:Header><eb:MessageHeader xmlns:eb="http://www.ebxml.org/namespaces/messageHeader" eb:version="1.0" soap-env:mustUnderstand="1"><eb:From><eb:PartyId eb:type="urn:x12.org.IO5:01">webservices.sabre.com</eb:PartyId></eb:From><eb:To><eb:PartyId eb:type="urn:x12.org.IO5:01">com.abacus.SWSSession</eb:PartyId></eb:To><eb:ConversationId>8dad8dff-8694-4589-95df-f8edec61d48c@com.abacus.SWSSession</eb:ConversationId><eb:Service eb:type="Sabre Trip Management">SabreCommandLLSRQ</eb:Service><eb:Action>SabreCommandLLSRS</eb:Action><eb:MessageData><eb:MessageId>3196477327427661150</eb:MessageId><eb:Timestamp>2026-08-03T09:05:42</eb:Timestamp><eb:RefToMessageId>8843ed86-25f8-497c-b8af-65dfc8cdb335@com.abacus.SWSSession</eb:RefToMessageId></eb:MessageData></eb:MessageHeader><wsse:Security xmlns:wsse="http://schemas.xmlsoap.org/ws/2002/12/secext"><wsse:BinarySecurityToken valueType="String" EncodingType="wsse:Base64Binary">Shared/IDL:IceSess\/SessMgr:1\.0.IDL/Common/!ICESMS\/RESF!ICESMSLB\/RES.LB!1785747927971!6359!517</wsse:BinarySecurityToken></wsse:Security></soap-env:Header><soap-env:Body><SabreCommandLLSRS xmlns="http://webservices.sabre.com/sabreXML/2011/10" xmlns:xs="http://www.w3.org/2001/XMLSchema" xmlns:xsi="http://www.w3.org/2001/XMLSchema-instance" xmlns:stl="http://services.sabre.com/STL/v01" Version="2.0.0">
 <stl:ApplicationResults status="Complete">
  <stl:Success timeStamp="2026-08-03T09:05:42Z">
   <stl:SystemSpecificResults>
    <stl:HostCommand LNIATA="641EEE">I</stl:HostCommand>
   </stl:SystemSpecificResults>
  </stl:Success>
 </stl:ApplicationResults>
 <Response>IGD </Response>
</SabreCommandLLSRS></soap-env:Body></soap-env:Envelope>]]></Response></ApiLog>","PCC:HO PCC|Command:I|HTTP:200|Status:SUCCESS","2026-08-03 14:35:43",,,0,"2026-08-03 14:35:43",0
4737,052e59d184944592b672,QueuePolling,0,,0,,SabreQueueMCP,QUEUE,QueueTextSource,EWR,SUCCESS,"<ApiLog><Request><![CDATA[<?xml version="1.0" encoding="utf-8"?>
<soap:Envelope xmlns:soap="http://schemas.xmlsoap.org/soap/envelope/" xmlns:xsi="http://www.w3.org/2001/XMLSchema-instance" xmlns:xsd="http://www.w3.org/2001/XMLSchema">
  <soap:Header>
    <MessageHeader xmlns="http://www.ebxml.org/namespaces/messageHeader">
      <From>
        <PartyId d5p1:type="urn:x12.org.IO5:01" xmlns:d5p1="http://www.ebxml.org/namespaces/messageHeader">com.abacus.SWSSession</PartyId>
      </From>
      <To>
        <PartyId d5p1:type="urn:x12.org.IO5:01" xmlns:d5p1="http://www.ebxml.org/namespaces/messageHeader">webservices.sabre.com</PartyId>
      </To>
      <ConversationId>8dad8dff-8694-4589-95df-f8edec61d48c@com.abacus.SWSSession</ConversationId>
      <Service d4p1:type="Sabre Trip Management" xmlns:d4p1="http://www.ebxml.org/namespaces/messageHeader">SabreCommandLLSRQ</Service>
      <Action>SabreCommandLLSRQ</Action>
      <MessageData>
        <MessageId>6e0232f9-60f8-40b2-9330-a2c823ee5c3b@com.abacus.SWSSession</MessageId>
        <Timestamp>2026-08-03T09:05:44</Timestamp>
      </MessageData>
    </MessageHeader>
    <Security xmlns="http://schemas.xmlsoap.org/ws/2002/12/secext">
      <BinarySecurityToken>Shared/IDL:IceSess\/SessMgr:1\.0.IDL/Common/!ICESMS\/RESF!ICESMSLB\/RES.LB!1785747927971!6359!517</BinarySecurityToken>
    </Security>
  </soap:Header>
  <soap:Body>
    <SabreCommandLLSRQ Version="2.0.0" ReturnHostCommand="true" xmlns="http://webservices.sabre.com/sabreXML/2011/10">
      <Request Output="SCREEN">
        <HostCommand>EWR</HostCommand>
      </Request>
    </SabreCommandLLSRQ>
  </soap:Body>
</soap:Envelope>]]></Request><Response><![CDATA[<?xml version="1.0" encoding="UTF-8"?>
<soap-env:Envelope xmlns:soap-env="http://schemas.xmlsoap.org/soap/envelope/"><soap-env:Header><eb:MessageHeader xmlns:eb="http://www.ebxml.org/namespaces/messageHeader" eb:version="1.0" soap-env:mustUnderstand="1"><eb:From><eb:PartyId eb:type="urn:x12.org.IO5:01">webservices.sabre.com</eb:PartyId></eb:From><eb:To><eb:PartyId eb:type="urn:x12.org.IO5:01">com.abacus.SWSSession</eb:PartyId></eb:To><eb:ConversationId>8dad8dff-8694-4589-95df-f8edec61d48c@com.abacus.SWSSession</eb:ConversationId><eb:Service eb:type="Sabre Trip Management">SabreCommandLLSRQ</eb:Service><eb:Action>SabreCommandLLSRS</eb:Action><eb:MessageData><eb:MessageId>3196540327432500910</eb:MessageId><eb:Timestamp>2026-08-03T09:05:43</eb:Timestamp><eb:RefToMessageId>6e0232f9-60f8-40b2-9330-a2c823ee5c3b@com.abacus.SWSSession</eb:RefToMessageId></eb:MessageData></eb:MessageHeader><wsse:Security xmlns:wsse="http://schemas.xmlsoap.org/ws/2002/12/secext"><wsse:BinarySecurityToken valueType="String" EncodingType="wsse:Base64Binary">Shared/IDL:IceSess\/SessMgr:1\.0.IDL/Common/!ICESMS\/RESF!ICESMSLB\/RES.LB!1785747927971!6359!517</wsse:BinarySecurityToken></wsse:Security></soap-env:Header><soap-env:Body><SabreCommandLLSRS xmlns="http://webservices.sabre.com/sabreXML/2011/10" xmlns:xs="http://www.w3.org/2001/XMLSchema" xmlns:xsi="http://www.w3.org/2001/XMLSchema-instance" xmlns:stl="http://services.sabre.com/STL/v01" Version="2.0.0">
 <stl:ApplicationResults status="Complete">
  <stl:Success timeStamp="2026-08-03T09:05:43Z">
   <stl:SystemSpecificResults>
    <stl:HostCommand LNIATA="641EEE">EWR</stl:HostCommand>
   </stl:SystemSpecificResults>
  </stl:Success>
 </stl:ApplicationResults>
 <Response>ITINERARY REQUIRED TO COMPLETE TRANSACTION</Response>
</SabreCommandLLSRS></soap-env:Body></soap-env:Envelope>]]></Response></ApiLog>","PCC:HO PCC|Command:EWR|HTTP:200|Status:SUCCESS","2026-08-03 14:35:43",,,0,"2026-08-03 14:35:43",0
4738,052e59d184944592b672,QueuePolling,0,,0,,SabreQueueMCP,QUEUE,QueueTextSource,QR,SUCCESS,"<ApiLog><Request><![CDATA[<?xml version="1.0" encoding="utf-8"?>
<soap:Envelope xmlns:soap="http://schemas.xmlsoap.org/soap/envelope/" xmlns:xsi="http://www.w3.org/2001/XMLSchema-instance" xmlns:xsd="http://www.w3.org/2001/XMLSchema">
  <soap:Header>
    <MessageHeader xmlns="http://www.ebxml.org/namespaces/messageHeader">
      <From>
        <PartyId d5p1:type="urn:x12.org.IO5:01" xmlns:d5p1="http://www.ebxml.org/namespaces/messageHeader">com.abacus.SWSSession</PartyId>
      </From>
      <To>
        <PartyId d5p1:type="urn:x12.org.IO5:01" xmlns:d5p1="http://www.ebxml.org/namespaces/messageHeader">webservices.sabre.com</PartyId>
      </To>
      <ConversationId>8dad8dff-8694-4589-95df-f8edec61d48c@com.abacus.SWSSession</ConversationId>
      <Service d4p1:type="Sabre Trip Management" xmlns:d4p1="http://www.ebxml.org/namespaces/messageHeader">SabreCommandLLSRQ</Service>
      <Action>SabreCommandLLSRQ</Action>
      <MessageData>
        <MessageId>a74188b9-9659-466c-a0fe-b67f6ae7d7aa@com.abacus.SWSSession</MessageId>
        <Timestamp>2026-08-03T09:05:45</Timestamp>
      </MessageData>
    </MessageHeader>
    <Security xmlns="http://schemas.xmlsoap.org/ws/2002/12/secext">
      <BinarySecurityToken>Shared/IDL:IceSess\/SessMgr:1\.0.IDL/Common/!ICESMS\/RESF!ICESMSLB\/RES.LB!1785747927971!6359!517</BinarySecurityToken>
    </Security>
  </soap:Header>
  <soap:Body>
    <SabreCommandLLSRQ Version="2.0.0" ReturnHostCommand="true" xmlns="http://webservices.sabre.com/sabreXML/2011/10">
      <Request Output="SCREEN">
        <HostCommand>QR</HostCommand>
      </Request>
    </SabreCommandLLSRQ>
  </soap:Body>
</soap:Envelope>]]></Request><Response><![CDATA[<?xml version="1.0" encoding="UTF-8"?>
<soap-env:Envelope xmlns:soap-env="http://schemas.xmlsoap.org/soap/envelope/"><soap-env:Header><eb:MessageHeader xmlns:eb="http://www.ebxml.org/namespaces/messageHeader" eb:version="1.0" soap-env:mustUnderstand="1"><eb:From><eb:PartyId eb:type="urn:x12.org.IO5:01">webservices.sabre.com</eb:PartyId></eb:From><eb:To><eb:PartyId eb:type="urn:x12.org.IO5:01">com.abacus.SWSSession</eb:PartyId></eb:To><eb:ConversationId>8dad8dff-8694-4589-95df-f8edec61d48c@com.abacus.SWSSession</eb:ConversationId><eb:Service eb:type="Sabre Trip Management">SabreCommandLLSRQ</eb:Service><eb:Action>SabreCommandLLSRS</eb:Action><eb:MessageData><eb:MessageId>3196579327436691970</eb:MessageId><eb:Timestamp>2026-08-03T09:05:43</eb:Timestamp><eb:RefToMessageId>a74188b9-9659-466c-a0fe-b67f6ae7d7aa@com.abacus.SWSSession</eb:RefToMessageId></eb:MessageData></eb:MessageHeader><wsse:Security xmlns:wsse="http://schemas.xmlsoap.org/ws/2002/12/secext"><wsse:BinarySecurityToken valueType="String" EncodingType="wsse:Base64Binary">Shared/IDL:IceSess\/SessMgr:1\.0.IDL/Common/!ICESMS\/RESF!ICESMSLB\/RES.LB!1785747927971!6359!517</wsse:BinarySecurityToken></wsse:Security></soap-env:Header><soap-env:Body><SabreCommandLLSRS xmlns="http://webservices.sabre.com/sabreXML/2011/10" xmlns:xs="http://www.w3.org/2001/XMLSchema" xmlns:xsi="http://www.w3.org/2001/XMLSchema-instance" xmlns:stl="http://services.sabre.com/STL/v01" Version="2.0.0">
 <stl:ApplicationResults status="Complete">
  <stl:Success timeStamp="2026-08-03T09:05:43Z">
   <stl:SystemSpecificResults>
    <stl:HostCommand LNIATA="641EEE">QR</stl:HostCommand>
   </stl:SystemSpecificResults>
  </stl:Success>
 </stl:ApplicationResults>
 <Response>CANNOT DO THIS IF OFF QUEUE
</Response>
</SabreCommandLLSRS></soap-env:Body></soap-env:Envelope>]]></Response></ApiLog>","PCC:HO PCC|Command:QR|HTTP:200|Status:SUCCESS","2026-08-03 14:35:43",,,0,"2026-08-03 14:35:43",0
4734,052e59d184944592b672,QueuePolling,0,,0,,SabreQueueMCP,QUEUE,QueueTextSource,EWR,SUCCESS,"<ApiLog><Request><![CDATA[<?xml version="1.0" encoding="utf-8"?>
<soap:Envelope xmlns:soap="http://schemas.xmlsoap.org/soap/envelope/" xmlns:xsi="http://www.w3.org/2001/XMLSchema-instance" xmlns:xsd="http://www.w3.org/2001/XMLSchema">
  <soap:Header>
    <MessageHeader xmlns="http://www.ebxml.org/namespaces/messageHeader">
      <From>
        <PartyId d5p1:type="urn:x12.org.IO5:01" xmlns:d5p1="http://www.ebxml.org/namespaces/messageHeader">com.abacus.SWSSession</PartyId>
      </From>
      <To>
        <PartyId d5p1:type="urn:x12.org.IO5:01" xmlns:d5p1="http://www.ebxml.org/namespaces/messageHeader">webservices.sabre.com</PartyId>
      </To>
      <ConversationId>8dad8dff-8694-4589-95df-f8edec61d48c@com.abacus.SWSSession</ConversationId>
      <Service d4p1:type="Sabre Trip Management" xmlns:d4p1="http://www.ebxml.org/namespaces/messageHeader">SabreCommandLLSRQ</Service>
      <Action>SabreCommandLLSRQ</Action>
      <MessageData>
        <MessageId>531aa414-88a2-4954-bdda-f2a8118003c0@com.abacus.SWSSession</MessageId>
        <Timestamp>2026-08-03T09:05:43</Timestamp>
      </MessageData>
    </MessageHeader>
    <Security xmlns="http://schemas.xmlsoap.org/ws/2002/12/secext">
      <BinarySecurityToken>Shared/IDL:IceSess\/SessMgr:1\.0.IDL/Common/!ICESMS\/RESF!ICESMSLB\/RES.LB!1785747927971!6359!517</BinarySecurityToken>
    </Security>
  </soap:Header>
  <soap:Body>
    <SabreCommandLLSRQ Version="2.0.0" ReturnHostCommand="true" xmlns="http://webservices.sabre.com/sabreXML/2011/10">
      <Request Output="SCREEN">
        <HostCommand>EWR</HostCommand>
      </Request>
    </SabreCommandLLSRQ>
  </soap:Body>
</soap:Envelope>]]></Request><Response><![CDATA[<?xml version="1.0" encoding="UTF-8"?>
<soap-env:Envelope xmlns:soap-env="http://schemas.xmlsoap.org/soap/envelope/"><soap-env:Header><eb:MessageHeader xmlns:eb="http://www.ebxml.org/namespaces/messageHeader" eb:version="1.0" soap-env:mustUnderstand="1"><eb:From><eb:PartyId eb:type="urn:x12.org.IO5:01">webservices.sabre.com</eb:PartyId></eb:From><eb:To><eb:PartyId eb:type="urn:x12.org.IO5:01">com.abacus.SWSSession</eb:PartyId></eb:To><eb:ConversationId>8dad8dff-8694-4589-95df-f8edec61d48c@com.abacus.SWSSession</eb:ConversationId><eb:Service eb:type="Sabre Trip Management">SabreCommandLLSRQ</eb:Service><eb:Action>SabreCommandLLSRS</eb:Action><eb:MessageData><eb:MessageId>3196400327419131890</eb:MessageId><eb:Timestamp>2026-08-03T09:05:41</eb:Timestamp><eb:RefToMessageId>531aa414-88a2-4954-bdda-f2a8118003c0@com.abacus.SWSSession</eb:RefToMessageId></eb:MessageData></eb:MessageHeader><wsse:Security xmlns:wsse="http://schemas.xmlsoap.org/ws/2002/12/secext"><wsse:BinarySecurityToken valueType="String" EncodingType="wsse:Base64Binary">Shared/IDL:IceSess\/SessMgr:1\.0.IDL/Common/!ICESMS\/RESF!ICESMSLB\/RES.LB!1785747927971!6359!517</wsse:BinarySecurityToken></wsse:Security></soap-env:Header><soap-env:Body><SabreCommandLLSRS xmlns="http://webservices.sabre.com/sabreXML/2011/10" xmlns:xs="http://www.w3.org/2001/XMLSchema" xmlns:xsi="http://www.w3.org/2001/XMLSchema-instance" xmlns:stl="http://services.sabre.com/STL/v01" Version="2.0.0">
 <stl:ApplicationResults status="Complete">
  <stl:Success timeStamp="2026-08-03T09:05:41Z">
   <stl:SystemSpecificResults>
    <stl:HostCommand LNIATA="641EEE">EWR</stl:HostCommand>
   </stl:SystemSpecificResults>
  </stl:Success>
 </stl:ApplicationResults>
 <Response>ITINERARY REQUIRED TO COMPLETE TRANSACTION</Response>
</SabreCommandLLSRS></soap-env:Body></soap-env:Envelope>]]></Response></ApiLog>","PCC:HO PCC|Command:EWR|HTTP:200|Status:SUCCESS","2026-08-03 14:35:42",,,0,"2026-08-03 14:35:42",0
4735,052e59d184944592b672,QueuePolling,0,,0,,SabreQueueMCP,QUEUE,QueueTextSource,QR,SUCCESS,"<ApiLog><Request><![CDATA[<?xml version="1.0" encoding="utf-8"?>
<soap:Envelope xmlns:soap="http://schemas.xmlsoap.org/soap/envelope/" xmlns:xsi="http://www.w3.org/2001/XMLSchema-instance" xmlns:xsd="http://www.w3.org/2001/XMLSchema">
  <soap:Header>
    <MessageHeader xmlns="http://www.ebxml.org/namespaces/messageHeader">
      <From>
        <PartyId d5p1:type="urn:x12.org.IO5:01" xmlns:d5p1="http://www.ebxml.org/namespaces/messageHeader">com.abacus.SWSSession</PartyId>
      </From>
      <To>
        <PartyId d5p1:type="urn:x12.org.IO5:01" xmlns:d5p1="http://www.ebxml.org/namespaces/messageHeader">webservices.sabre.com</PartyId>
      </To>
      <ConversationId>8dad8dff-8694-4589-95df-f8edec61d48c@com.abacus.SWSSession</ConversationId>
      <Service d4p1:type="Sabre Trip Management" xmlns:d4p1="http://www.ebxml.org/namespaces/messageHeader">SabreCommandLLSRQ</Service>
      <Action>SabreCommandLLSRQ</Action>
      <MessageData>
        <MessageId>68844315-b443-4f30-895d-fadcc80b378f@com.abacus.SWSSession</MessageId>
        <Timestamp>2026-08-03T09:05:43</Timestamp>
      </MessageData>
    </MessageHeader>
    <Security xmlns="http://schemas.xmlsoap.org/ws/2002/12/secext">
      <BinarySecurityToken>Shared/IDL:IceSess\/SessMgr:1\.0.IDL/Common/!ICESMS\/RESF!ICESMSLB\/RES.LB!1785747927971!6359!517</BinarySecurityToken>
    </Security>
  </soap:Header>
  <soap:Body>
    <SabreCommandLLSRQ Version="2.0.0" ReturnHostCommand="true" xmlns="http://webservices.sabre.com/sabreXML/2011/10">
      <Request Output="SCREEN">
        <HostCommand>QR</HostCommand>
      </Request>
    </SabreCommandLLSRQ>
  </soap:Body>
</soap:Envelope>]]></Request><Response><![CDATA[<?xml version="1.0" encoding="UTF-8"?>
<soap-env:Envelope xmlns:soap-env="http://schemas.xmlsoap.org/soap/envelope/"><soap-env:Header><eb:MessageHeader xmlns:eb="http://www.ebxml.org/namespaces/messageHeader" eb:version="1.0" soap-env:mustUnderstand="1"><eb:From><eb:PartyId eb:type="urn:x12.org.IO5:01">webservices.sabre.com</eb:PartyId></eb:From><eb:To><eb:PartyId eb:type="urn:x12.org.IO5:01">com.abacus.SWSSession</eb:PartyId></eb:To><eb:ConversationId>8dad8dff-8694-4589-95df-f8edec61d48c@com.abacus.SWSSession</eb:ConversationId><eb:Service eb:type="Sabre Trip Management">SabreCommandLLSRQ</eb:Service><eb:Action>SabreCommandLLSRS</eb:Action><eb:MessageData><eb:MessageId>3196442327423281070</eb:MessageId><eb:Timestamp>2026-08-03T09:05:42</eb:Timestamp><eb:RefToMessageId>68844315-b443-4f30-895d-fadcc80b378f@com.abacus.SWSSession</eb:RefToMessageId></eb:MessageData></eb:MessageHeader><wsse:Security xmlns:wsse="http://schemas.xmlsoap.org/ws/2002/12/secext"><wsse:BinarySecurityToken valueType="String" EncodingType="wsse:Base64Binary">Shared/IDL:IceSess\/SessMgr:1\.0.IDL/Common/!ICESMS\/RESF!ICESMSLB\/RES.LB!1785747927971!6359!517</wsse:BinarySecurityToken></wsse:Security></soap-env:Header><soap-env:Body><SabreCommandLLSRS xmlns="http://webservices.sabre.com/sabreXML/2011/10" xmlns:xs="http://www.w3.org/2001/XMLSchema" xmlns:xsi="http://www.w3.org/2001/XMLSchema-instance" xmlns:stl="http://services.sabre.com/STL/v01" Version="2.0.0">
 <stl:ApplicationResults status="Complete">
  <stl:Success timeStamp="2026-08-03T09:05:42Z">
   <stl:SystemSpecificResults>
    <stl:HostCommand LNIATA="641EEE">QR</stl:HostCommand>
   </stl:SystemSpecificResults>
  </stl:Success>
 </stl:ApplicationResults>
 <Response>CANNOT DO THIS IF OFF QUEUE
</Response>
</SabreCommandLLSRS></soap-env:Body></soap-env:Envelope>]]></Response></ApiLog>","PCC:HO PCC|Command:QR|HTTP:200|Status:SUCCESS","2026-08-03 14:35:42",,,0,"2026-08-03 14:35:42",0
4732,052e59d184944592b672,QueuePolling,0,,0,,SabreQueueMCP,QUEUE,QueueTextSource,QR,SUCCESS,"<ApiLog><Request><![CDATA[<?xml version="1.0" encoding="utf-8"?>
<soap:Envelope xmlns:soap="http://schemas.xmlsoap.org/soap/envelope/" xmlns:xsi="http://www.w3.org/2001/XMLSchema-instance" xmlns:xsd="http://www.w3.org/2001/XMLSchema">
  <soap:Header>
    <MessageHeader xmlns="http://www.ebxml.org/namespaces/messageHeader">
      <From>
        <PartyId d5p1:type="urn:x12.org.IO5:01" xmlns:d5p1="http://www.ebxml.org/namespaces/messageHeader">com.abacus.SWSSession</PartyId>
      </From>
      <To>
        <PartyId d5p1:type="urn:x12.org.IO5:01" xmlns:d5p1="http://www.ebxml.org/namespaces/messageHeader">webservices.sabre.com</PartyId>
      </To>
      <ConversationId>8dad8dff-8694-4589-95df-f8edec61d48c@com.abacus.SWSSession</ConversationId>
      <Service d4p1:type="Sabre Trip Management" xmlns:d4p1="http://www.ebxml.org/namespaces/messageHeader">SabreCommandLLSRQ</Service>
      <Action>SabreCommandLLSRQ</Action>
      <MessageData>
        <MessageId>6003238b-c148-4931-a6c6-5abe43f3cee1@com.abacus.SWSSession</MessageId>
        <Timestamp>2026-08-03T09:05:42</Timestamp>
      </MessageData>
    </MessageHeader>
    <Security xmlns="http://schemas.xmlsoap.org/ws/2002/12/secext">
      <BinarySecurityToken>Shared/IDL:IceSess\/SessMgr:1\.0.IDL/Common/!ICESMS\/RESF!ICESMSLB\/RES.LB!1785747927971!6359!517</BinarySecurityToken>
    </Security>
  </soap:Header>
  <soap:Body>
    <SabreCommandLLSRQ Version="2.0.0" ReturnHostCommand="true" xmlns="http://webservices.sabre.com/sabreXML/2011/10">
      <Request Output="SCREEN">
        <HostCommand>QR</HostCommand>
      </Request>
    </SabreCommandLLSRQ>
  </soap:Body>
</soap:Envelope>]]></Request><Response><![CDATA[<?xml version="1.0" encoding="UTF-8"?>
<soap-env:Envelope xmlns:soap-env="http://schemas.xmlsoap.org/soap/envelope/"><soap-env:Header><eb:MessageHeader xmlns:eb="http://www.ebxml.org/namespaces/messageHeader" eb:version="1.0" soap-env:mustUnderstand="1"><eb:From><eb:PartyId eb:type="urn:x12.org.IO5:01">webservices.sabre.com</eb:PartyId></eb:From><eb:To><eb:PartyId eb:type="urn:x12.org.IO5:01">com.abacus.SWSSession</eb:PartyId></eb:To><eb:ConversationId>8dad8dff-8694-4589-95df-f8edec61d48c@com.abacus.SWSSession</eb:ConversationId><eb:Service eb:type="Sabre Trip Management">SabreCommandLLSRQ</eb:Service><eb:Action>SabreCommandLLSRS</eb:Action><eb:MessageData><eb:MessageId>3196320327411172030</eb:MessageId><eb:Timestamp>2026-08-03T09:05:41</eb:Timestamp><eb:RefToMessageId>6003238b-c148-4931-a6c6-5abe43f3cee1@com.abacus.SWSSession</eb:RefToMessageId></eb:MessageData></eb:MessageHeader><wsse:Security xmlns:wsse="http://schemas.xmlsoap.org/ws/2002/12/secext"><wsse:BinarySecurityToken valueType="String" EncodingType="wsse:Base64Binary">Shared/IDL:IceSess\/SessMgr:1\.0.IDL/Common/!ICESMS\/RESF!ICESMSLB\/RES.LB!1785747927971!6359!517</wsse:BinarySecurityToken></wsse:Security></soap-env:Header><soap-env:Body><SabreCommandLLSRS xmlns="http://webservices.sabre.com/sabreXML/2011/10" xmlns:xs="http://www.w3.org/2001/XMLSchema" xmlns:xsi="http://www.w3.org/2001/XMLSchema-instance" xmlns:stl="http://services.sabre.com/STL/v01" Version="2.0.0">
 <stl:ApplicationResults status="Complete">
  <stl:Success timeStamp="2026-08-03T09:05:41Z">
   <stl:SystemSpecificResults>
    <stl:HostCommand LNIATA="641EEE">QR</stl:HostCommand>
   </stl:SystemSpecificResults>
  </stl:Success>
 </stl:ApplicationResults>
 <Response>CANNOT DO THIS IF OFF QUEUE
</Response>
</SabreCommandLLSRS></soap-env:Body></soap-env:Envelope>]]></Response></ApiLog>","PCC:HO PCC|Command:QR|HTTP:200|Status:SUCCESS","2026-08-03 14:35:41",,,0,"2026-08-03 14:35:41",0
4733,052e59d184944592b672,QueuePolling,0,,0,,SabreQueueMCP,QUEUE,QueueTextSource,I,SUCCESS,"<ApiLog><Request><![CDATA[<?xml version="1.0" encoding="utf-8"?>
<soap:Envelope xmlns:soap="http://schemas.xmlsoap.org/soap/envelope/" xmlns:xsi="http://www.w3.org/2001/XMLSchema-instance" xmlns:xsd="http://www.w3.org/2001/XMLSchema">
  <soap:Header>
    <MessageHeader xmlns="http://www.ebxml.org/namespaces/messageHeader">
      <From>
        <PartyId d5p1:type="urn:x12.org.IO5:01" xmlns:d5p1="http://www.ebxml.org/namespaces/messageHeader">com.abacus.SWSSession</PartyId>
      </From>
      <To>
        <PartyId d5p1:type="urn:x12.org.IO5:01" xmlns:d5p1="http://www.ebxml.org/namespaces/messageHeader">webservices.sabre.com</PartyId>
      </To>
      <ConversationId>8dad8dff-8694-4589-95df-f8edec61d48c@com.abacus.SWSSession</ConversationId>
      <Service d4p1:type="Sabre Trip Management" xmlns:d4p1="http://www.ebxml.org/namespaces/messageHeader">SabreCommandLLSRQ</Service>
      <Action>SabreCommandLLSRQ</Action>
      <MessageData>
        <MessageId>c0ec46bf-5300-4491-9775-8979bcc6a654@com.abacus.SWSSession</MessageId>
        <Timestamp>2026-08-03T09:05:43</Timestamp>
      </MessageData>
    </MessageHeader>
    <Security xmlns="http://schemas.xmlsoap.org/ws/2002/12/secext">
      <BinarySecurityToken>Shared/IDL:IceSess\/SessMgr:1\.0.IDL/Common/!ICESMS\/RESF!ICESMSLB\/RES.LB!1785747927971!6359!517</BinarySecurityToken>
    </Security>
  </soap:Header>
  <soap:Body>
    <SabreCommandLLSRQ Version="2.0.0" ReturnHostCommand="true" xmlns="http://webservices.sabre.com/sabreXML/2011/10">
      <Request Output="SCREEN">
        <HostCommand>I</HostCommand>
      </Request>
    </SabreCommandLLSRQ>
  </soap:Body>
</soap:Envelope>]]></Request><Response><![CDATA[<?xml version="1.0" encoding="UTF-8"?>
<soap-env:Envelope xmlns:soap-env="http://schemas.xmlsoap.org/soap/envelope/"><soap-env:Header><eb:MessageHeader xmlns:eb="http://www.ebxml.org/namespaces/messageHeader" eb:version="1.0" soap-env:mustUnderstand="1"><eb:From><eb:PartyId eb:type="urn:x12.org.IO5:01">webservices.sabre.com</eb:PartyId></eb:From><eb:To><eb:PartyId eb:type="urn:x12.org.IO5:01">com.abacus.SWSSession</eb:PartyId></eb:To><eb:ConversationId>8dad8dff-8694-4589-95df-f8edec61d48c@com.abacus.SWSSession</eb:ConversationId><eb:Service eb:type="Sabre Trip Management">SabreCommandLLSRQ</eb:Service><eb:Action>SabreCommandLLSRS</eb:Action><eb:MessageData><eb:MessageId>3196364327415241100</eb:MessageId><eb:Timestamp>2026-08-03T09:05:41</eb:Timestamp><eb:RefToMessageId>c0ec46bf-5300-4491-9775-8979bcc6a654@com.abacus.SWSSession</eb:RefToMessageId></eb:MessageData></eb:MessageHeader><wsse:Security xmlns:wsse="http://schemas.xmlsoap.org/ws/2002/12/secext"><wsse:BinarySecurityToken valueType="String" EncodingType="wsse:Base64Binary">Shared/IDL:IceSess\/SessMgr:1\.0.IDL/Common/!ICESMS\/RESF!ICESMSLB\/RES.LB!1785747927971!6359!517</wsse:BinarySecurityToken></wsse:Security></soap-env:Header><soap-env:Body><SabreCommandLLSRS xmlns="http://webservices.sabre.com/sabreXML/2011/10" xmlns:xs="http://www.w3.org/2001/XMLSchema" xmlns:xsi="http://www.w3.org/2001/XMLSchema-instance" xmlns:stl="http://services.sabre.com/STL/v01" Version="2.0.0">
 <stl:ApplicationResults status="Complete">
  <stl:Success timeStamp="2026-08-03T09:05:41Z">
   <stl:SystemSpecificResults>
    <stl:HostCommand LNIATA="641EEE">I</stl:HostCommand>
   </stl:SystemSpecificResults>
  </stl:Success>
 </stl:ApplicationResults>
 <Response>IGD </Response>
</SabreCommandLLSRS></soap-env:Body></soap-env:Envelope>]]></Response></ApiLog>","PCC:HO PCC|Command:I|HTTP:200|Status:SUCCESS","2026-08-03 14:35:41",,,0,"2026-08-03 14:35:41",0
4729,052e59d184944592b672,QueuePolling,0,,0,,SabreQueueMCP,QUEUE,QueueTextSource,QR,SUCCESS,"<ApiLog><Request><![CDATA[<?xml version="1.0" encoding="utf-8"?>
<soap:Envelope xmlns:soap="http://schemas.xmlsoap.org/soap/envelope/" xmlns:xsi="http://www.w3.org/2001/XMLSchema-instance" xmlns:xsd="http://www.w3.org/2001/XMLSchema">
  <soap:Header>
    <MessageHeader xmlns="http://www.ebxml.org/namespaces/messageHeader">
      <From>
        <PartyId d5p1:type="urn:x12.org.IO5:01" xmlns:d5p1="http://www.ebxml.org/namespaces/messageHeader">com.abacus.SWSSession</PartyId>
      </From>
      <To>
        <PartyId d5p1:type="urn:x12.org.IO5:01" xmlns:d5p1="http://www.ebxml.org/namespaces/messageHeader">webservices.sabre.com</PartyId>
      </To>
      <ConversationId>8dad8dff-8694-4589-95df-f8edec61d48c@com.abacus.SWSSession</ConversationId>
      <Service d4p1:type="Sabre Trip Management" xmlns:d4p1="http://www.ebxml.org/namespaces/messageHeader">SabreCommandLLSRQ</Service>
      <Action>SabreCommandLLSRQ</Action>
      <MessageData>
        <MessageId>2c3c15a6-a802-4395-9037-6f15d85a8c87@com.abacus.SWSSession</MessageId>
        <Timestamp>2026-08-03T09:05:41</Timestamp>
      </MessageData>
    </MessageHeader>
    <Security xmlns="http://schemas.xmlsoap.org/ws/2002/12/secext">
      <BinarySecurityToken>Shared/IDL:IceSess\/SessMgr:1\.0.IDL/Common/!ICESMS\/RESF!ICESMSLB\/RES.LB!1785747927971!6359!517</BinarySecurityToken>
    </Security>
  </soap:Header>
  <soap:Body>
    <SabreCommandLLSRQ Version="2.0.0" ReturnHostCommand="true" xmlns="http://webservices.sabre.com/sabreXML/2011/10">
      <Request Output="SCREEN">
        <HostCommand>QR</HostCommand>
      </Request>
    </SabreCommandLLSRQ>
  </soap:Body>
</soap:Envelope>]]></Request><Response><![CDATA[<?xml version="1.0" encoding="UTF-8"?>
<soap-env:Envelope xmlns:soap-env="http://schemas.xmlsoap.org/soap/envelope/"><soap-env:Header><eb:MessageHeader xmlns:eb="http://www.ebxml.org/namespaces/messageHeader" eb:version="1.0" soap-env:mustUnderstand="1"><eb:From><eb:PartyId eb:type="urn:x12.org.IO5:01">webservices.sabre.com</eb:PartyId></eb:From><eb:To><eb:PartyId eb:type="urn:x12.org.IO5:01">com.abacus.SWSSession</eb:PartyId></eb:To><eb:ConversationId>8dad8dff-8694-4589-95df-f8edec61d48c@com.abacus.SWSSession</eb:ConversationId><eb:Service eb:type="Sabre Trip Management">SabreCommandLLSRQ</eb:Service><eb:Action>SabreCommandLLSRS</eb:Action><eb:MessageData><eb:MessageId>3196177327398830970</eb:MessageId><eb:Timestamp>2026-08-03T09:05:39</eb:Timestamp><eb:RefToMessageId>2c3c15a6-a802-4395-9037-6f15d85a8c87@com.abacus.SWSSession</eb:RefToMessageId></eb:MessageData></eb:MessageHeader><wsse:Security xmlns:wsse="http://schemas.xmlsoap.org/ws/2002/12/secext"><wsse:BinarySecurityToken valueType="String" EncodingType="wsse:Base64Binary">Shared/IDL:IceSess\/SessMgr:1\.0.IDL/Common/!ICESMS\/RESF!ICESMSLB\/RES.LB!1785747927971!6359!517</wsse:BinarySecurityToken></wsse:Security></soap-env:Header><soap-env:Body><SabreCommandLLSRS xmlns="http://webservices.sabre.com/sabreXML/2011/10" xmlns:xs="http://www.w3.org/2001/XMLSchema" xmlns:xsi="http://www.w3.org/2001/XMLSchema-instance" xmlns:stl="http://services.sabre.com/STL/v01" Version="2.0.0">
 <stl:ApplicationResults status="Complete">
  <stl:Success timeStamp="2026-08-03T09:05:39Z">
   <stl:SystemSpecificResults>
    <stl:HostCommand LNIATA="641EEE">QR</stl:HostCommand>
   </stl:SystemSpecificResults>
  </stl:Success>
 </stl:ApplicationResults>
 <Response>CANNOT DO THIS IF OFF QUEUE
</Response>
</SabreCommandLLSRS></soap-env:Body></soap-env:Envelope>]]></Response></ApiLog>","PCC:HO PCC|Command:QR|HTTP:200|Status:SUCCESS","2026-08-03 14:35:40",,,0,"2026-08-03 14:35:40",0
4730,052e59d184944592b672,QueuePolling,0,,0,,SabreQueueMCP,QUEUE,QueueTextSource,I,SUCCESS,"<ApiLog><Request><![CDATA[<?xml version="1.0" encoding="utf-8"?>
<soap:Envelope xmlns:soap="http://schemas.xmlsoap.org/soap/envelope/" xmlns:xsi="http://www.w3.org/2001/XMLSchema-instance" xmlns:xsd="http://www.w3.org/2001/XMLSchema">
  <soap:Header>
    <MessageHeader xmlns="http://www.ebxml.org/namespaces/messageHeader">
      <From>
        <PartyId d5p1:type="urn:x12.org.IO5:01" xmlns:d5p1="http://www.ebxml.org/namespaces/messageHeader">com.abacus.SWSSession</PartyId>
      </From>
      <To>
        <PartyId d5p1:type="urn:x12.org.IO5:01" xmlns:d5p1="http://www.ebxml.org/namespaces/messageHeader">webservices.sabre.com</PartyId>
      </To>
      <ConversationId>8dad8dff-8694-4589-95df-f8edec61d48c@com.abacus.SWSSession</ConversationId>
      <Service d4p1:type="Sabre Trip Management" xmlns:d4p1="http://www.ebxml.org/namespaces/messageHeader">SabreCommandLLSRQ</Service>
      <Action>SabreCommandLLSRQ</Action>
      <MessageData>
        <MessageId>0153477c-9622-42b7-9d19-1cb2e137f62b@com.abacus.SWSSession</MessageId>
        <Timestamp>2026-08-03T09:05:41</Timestamp>
      </MessageData>
    </MessageHeader>
    <Security xmlns="http://schemas.xmlsoap.org/ws/2002/12/secext">
      <BinarySecurityToken>Shared/IDL:IceSess\/SessMgr:1\.0.IDL/Common/!ICESMS\/RESF!ICESMSLB\/RES.LB!1785747927971!6359!517</BinarySecurityToken>
    </Security>
  </soap:Header>
  <soap:Body>
    <SabreCommandLLSRQ Version="2.0.0" ReturnHostCommand="true" xmlns="http://webservices.sabre.com/sabreXML/2011/10">
      <Request Output="SCREEN">
        <HostCommand>I</HostCommand>
      </Request>
    </SabreCommandLLSRQ>
  </soap:Body>
</soap:Envelope>]]></Request><Response><![CDATA[<?xml version="1.0" encoding="UTF-8"?>
<soap-env:Envelope xmlns:soap-env="http://schemas.xmlsoap.org/soap/envelope/"><soap-env:Header><eb:MessageHeader xmlns:eb="http://www.ebxml.org/namespaces/messageHeader" eb:version="1.0" soap-env:mustUnderstand="1"><eb:From><eb:PartyId eb:type="urn:x12.org.IO5:01">webservices.sabre.com</eb:PartyId></eb:From><eb:To><eb:PartyId eb:type="urn:x12.org.IO5:01">com.abacus.SWSSession</eb:PartyId></eb:To><eb:ConversationId>8dad8dff-8694-4589-95df-f8edec61d48c@com.abacus.SWSSession</eb:ConversationId><eb:Service eb:type="Sabre Trip Management">SabreCommandLLSRQ</eb:Service><eb:Action>SabreCommandLLSRS</eb:Action><eb:MessageData><eb:MessageId>3196240327403001880</eb:MessageId><eb:Timestamp>2026-08-03T09:05:40</eb:Timestamp><eb:RefToMessageId>0153477c-9622-42b7-9d19-1cb2e137f62b@com.abacus.SWSSession</eb:RefToMessageId></eb:MessageData></eb:MessageHeader><wsse:Security xmlns:wsse="http://schemas.xmlsoap.org/ws/2002/12/secext"><wsse:BinarySecurityToken valueType="String" EncodingType="wsse:Base64Binary">Shared/IDL:IceSess\/SessMgr:1\.0.IDL/Common/!ICESMS\/RESF!ICESMSLB\/RES.LB!1785747927971!6359!517</wsse:BinarySecurityToken></wsse:Security></soap-env:Header><soap-env:Body><SabreCommandLLSRS xmlns="http://webservices.sabre.com/sabreXML/2011/10" xmlns:xs="http://www.w3.org/2001/XMLSchema" xmlns:xsi="http://www.w3.org/2001/XMLSchema-instance" xmlns:stl="http://services.sabre.com/STL/v01" Version="2.0.0">
 <stl:ApplicationResults status="Complete">
  <stl:Success timeStamp="2026-08-03T09:05:40Z">
   <stl:SystemSpecificResults>
    <stl:HostCommand LNIATA="641EEE">I</stl:HostCommand>
   </stl:SystemSpecificResults>
  </stl:Success>
 </stl:ApplicationResults>
 <Response>IGD </Response>
</SabreCommandLLSRS></soap-env:Body></soap-env:Envelope>]]></Response></ApiLog>","PCC:HO PCC|Command:I|HTTP:200|Status:SUCCESS","2026-08-03 14:35:40",,,0,"2026-08-03 14:35:40",0
4731,052e59d184944592b672,QueuePolling,0,,0,,SabreQueueMCP,QUEUE,QueueTextSource,EWR,SUCCESS,"<ApiLog><Request><![CDATA[<?xml version="1.0" encoding="utf-8"?>
<soap:Envelope xmlns:soap="http://schemas.xmlsoap.org/soap/envelope/" xmlns:xsi="http://www.w3.org/2001/XMLSchema-instance" xmlns:xsd="http://www.w3.org/2001/XMLSchema">
  <soap:Header>
    <MessageHeader xmlns="http://www.ebxml.org/namespaces/messageHeader">
      <From>
        <PartyId d5p1:type="urn:x12.org.IO5:01" xmlns:d5p1="http://www.ebxml.org/namespaces/messageHeader">com.abacus.SWSSession</PartyId>
      </From>
      <To>
        <PartyId d5p1:type="urn:x12.org.IO5:01" xmlns:d5p1="http://www.ebxml.org/namespaces/messageHeader">webservices.sabre.com</PartyId>
      </To>
      <ConversationId>8dad8dff-8694-4589-95df-f8edec61d48c@com.abacus.SWSSession</ConversationId>
      <Service d4p1:type="Sabre Trip Management" xmlns:d4p1="http://www.ebxml.org/namespaces/messageHeader">SabreCommandLLSRQ</Service>
      <Action>SabreCommandLLSRQ</Action>
      <MessageData>
        <MessageId>acc32a74-cbc6-45ba-94eb-ea03bbd4e540@com.abacus.SWSSession</MessageId>
        <Timestamp>2026-08-03T09:05:42</Timestamp>
      </MessageData>
    </MessageHeader>
    <Security xmlns="http://schemas.xmlsoap.org/ws/2002/12/secext">
      <BinarySecurityToken>Shared/IDL:IceSess\/SessMgr:1\.0.IDL/Common/!ICESMS\/RESF!ICESMSLB\/RES.LB!1785747927971!6359!517</BinarySecurityToken>
    </Security>
  </soap:Header>
  <soap:Body>
    <SabreCommandLLSRQ Version="2.0.0" ReturnHostCommand="true" xmlns="http://webservices.sabre.com/sabreXML/2011/10">
      <Request Output="SCREEN">
        <HostCommand>EWR</HostCommand>
      </Request>
    </SabreCommandLLSRQ>
  </soap:Body>
</soap:Envelope>]]></Request><Response><![CDATA[<?xml version="1.0" encoding="UTF-8"?>
<soap-env:Envelope xmlns:soap-env="http://schemas.xmlsoap.org/soap/envelope/"><soap-env:Header><eb:MessageHeader xmlns:eb="http://www.ebxml.org/namespaces/messageHeader" eb:version="1.0" soap-env:mustUnderstand="1"><eb:From><eb:PartyId eb:type="urn:x12.org.IO5:01">webservices.sabre.com</eb:PartyId></eb:From><eb:To><eb:PartyId eb:type="urn:x12.org.IO5:01">com.abacus.SWSSession</eb:PartyId></eb:To><eb:ConversationId>8dad8dff-8694-4589-95df-f8edec61d48c@com.abacus.SWSSession</eb:ConversationId><eb:Service eb:type="Sabre Trip Management">SabreCommandLLSRQ</eb:Service><eb:Action>SabreCommandLLSRS</eb:Action><eb:MessageData><eb:MessageId>3196288327407000170</eb:MessageId><eb:Timestamp>2026-08-03T09:05:40</eb:Timestamp><eb:RefToMessageId>acc32a74-cbc6-45ba-94eb-ea03bbd4e540@com.abacus.SWSSession</eb:RefToMessageId></eb:MessageData></eb:MessageHeader><wsse:Security xmlns:wsse="http://schemas.xmlsoap.org/ws/2002/12/secext"><wsse:BinarySecurityToken valueType="String" EncodingType="wsse:Base64Binary">Shared/IDL:IceSess\/SessMgr:1\.0.IDL/Common/!ICESMS\/RESF!ICESMSLB\/RES.LB!1785747927971!6359!517</wsse:BinarySecurityToken></wsse:Security></soap-env:Header><soap-env:Body><SabreCommandLLSRS xmlns="http://webservices.sabre.com/sabreXML/2011/10" xmlns:xs="http://www.w3.org/2001/XMLSchema" xmlns:xsi="http://www.w3.org/2001/XMLSchema-instance" xmlns:stl="http://services.sabre.com/STL/v01" Version="2.0.0">
 <stl:ApplicationResults status="Complete">
  <stl:Success timeStamp="2026-08-03T09:05:40Z">
   <stl:SystemSpecificResults>
    <stl:HostCommand LNIATA="641EEE">EWR</stl:HostCommand>
   </stl:SystemSpecificResults>
  </stl:Success>
 </stl:ApplicationResults>
 <Response>ITINERARY REQUIRED TO COMPLETE TRANSACTION</Response>
</SabreCommandLLSRS></soap-env:Body></soap-env:Envelope>]]></Response></ApiLog>","PCC:HO PCC|Command:EWR|HTTP:200|Status:SUCCESS","2026-08-03 14:35:40",,,0,"2026-08-03 14:35:40",0
4727,052e59d184944592b672,QueuePolling,0,,0,,SabreQueueMCP,QUEUE,QueueTextSource,I,SUCCESS,"<ApiLog><Request><![CDATA[<?xml version="1.0" encoding="utf-8"?>
<soap:Envelope xmlns:soap="http://schemas.xmlsoap.org/soap/envelope/" xmlns:xsi="http://www.w3.org/2001/XMLSchema-instance" xmlns:xsd="http://www.w3.org/2001/XMLSchema">
  <soap:Header>
    <MessageHeader xmlns="http://www.ebxml.org/namespaces/messageHeader">
      <From>
        <PartyId d5p1:type="urn:x12.org.IO5:01" xmlns:d5p1="http://www.ebxml.org/namespaces/messageHeader">com.abacus.SWSSession</PartyId>
      </From>
      <To>
        <PartyId d5p1:type="urn:x12.org.IO5:01" xmlns:d5p1="http://www.ebxml.org/namespaces/messageHeader">webservices.sabre.com</PartyId>
      </To>
      <ConversationId>8dad8dff-8694-4589-95df-f8edec61d48c@com.abacus.SWSSession</ConversationId>
      <Service d4p1:type="Sabre Trip Management" xmlns:d4p1="http://www.ebxml.org/namespaces/messageHeader">SabreCommandLLSRQ</Service>
      <Action>SabreCommandLLSRQ</Action>
      <MessageData>
        <MessageId>85432386-b88b-4000-bd27-c17a2fe6117c@com.abacus.SWSSession</MessageId>
        <Timestamp>2026-08-03T09:05:40</Timestamp>
      </MessageData>
    </MessageHeader>
    <Security xmlns="http://schemas.xmlsoap.org/ws/2002/12/secext">
      <BinarySecurityToken>Shared/IDL:IceSess\/SessMgr:1\.0.IDL/Common/!ICESMS\/RESF!ICESMSLB\/RES.LB!1785747927971!6359!517</BinarySecurityToken>
    </Security>
  </soap:Header>
  <soap:Body>
    <SabreCommandLLSRQ Version="2.0.0" ReturnHostCommand="true" xmlns="http://webservices.sabre.com/sabreXML/2011/10">
      <Request Output="SCREEN">
        <HostCommand>I</HostCommand>
      </Request>
    </SabreCommandLLSRQ>
  </soap:Body>
</soap:Envelope>]]></Request><Response><![CDATA[<?xml version="1.0" encoding="UTF-8"?>
<soap-env:Envelope xmlns:soap-env="http://schemas.xmlsoap.org/soap/envelope/"><soap-env:Header><eb:MessageHeader xmlns:eb="http://www.ebxml.org/namespaces/messageHeader" eb:version="1.0" soap-env:mustUnderstand="1"><eb:From><eb:PartyId eb:type="urn:x12.org.IO5:01">webservices.sabre.com</eb:PartyId></eb:From><eb:To><eb:PartyId eb:type="urn:x12.org.IO5:01">com.abacus.SWSSession</eb:PartyId></eb:To><eb:ConversationId>8dad8dff-8694-4589-95df-f8edec61d48c@com.abacus.SWSSession</eb:ConversationId><eb:Service eb:type="Sabre Trip Management">SabreCommandLLSRQ</eb:Service><eb:Action>SabreCommandLLSRS</eb:Action><eb:MessageData><eb:MessageId>3196101327389651970</eb:MessageId><eb:Timestamp>2026-08-03T09:05:39</eb:Timestamp><eb:RefToMessageId>85432386-b88b-4000-bd27-c17a2fe6117c@com.abacus.SWSSession</eb:RefToMessageId></eb:MessageData></eb:MessageHeader><wsse:Security xmlns:wsse="http://schemas.xmlsoap.org/ws/2002/12/secext"><wsse:BinarySecurityToken valueType="String" EncodingType="wsse:Base64Binary">Shared/IDL:IceSess\/SessMgr:1\.0.IDL/Common/!ICESMS\/RESF!ICESMSLB\/RES.LB!1785747927971!6359!517</wsse:BinarySecurityToken></wsse:Security></soap-env:Header><soap-env:Body><SabreCommandLLSRS xmlns="http://webservices.sabre.com/sabreXML/2011/10" xmlns:xs="http://www.w3.org/2001/XMLSchema" xmlns:xsi="http://www.w3.org/2001/XMLSchema-instance" xmlns:stl="http://services.sabre.com/STL/v01" Version="2.0.0">
 <stl:ApplicationResults status="Complete">
  <stl:Success timeStamp="2026-08-03T09:05:39Z">
   <stl:SystemSpecificResults>
    <stl:HostCommand LNIATA="641EEE">I</stl:HostCommand>
   </stl:SystemSpecificResults>
  </stl:Success>
 </stl:ApplicationResults>
 <Response>IGD </Response>
</SabreCommandLLSRS></soap-env:Body></soap-env:Envelope>]]></Response></ApiLog>","PCC:HO PCC|Command:I|HTTP:200|Status:SUCCESS","2026-08-03 14:35:39",,,0,"2026-08-03 14:35:39",0
4728,052e59d184944592b672,QueuePolling,0,,0,,SabreQueueMCP,QUEUE,QueueTextSource,EWR,SUCCESS,"<ApiLog><Request><![CDATA[<?xml version="1.0" encoding="utf-8"?>
<soap:Envelope xmlns:soap="http://schemas.xmlsoap.org/soap/envelope/" xmlns:xsi="http://www.w3.org/2001/XMLSchema-instance" xmlns:xsd="http://www.w3.org/2001/XMLSchema">
  <soap:Header>
    <MessageHeader xmlns="http://www.ebxml.org/namespaces/messageHeader">
      <From>
        <PartyId d5p1:type="urn:x12.org.IO5:01" xmlns:d5p1="http://www.ebxml.org/namespaces/messageHeader">com.abacus.SWSSession</PartyId>
      </From>
      <To>
        <PartyId d5p1:type="urn:x12.org.IO5:01" xmlns:d5p1="http://www.ebxml.org/namespaces/messageHeader">webservices.sabre.com</PartyId>
      </To>
      <ConversationId>8dad8dff-8694-4589-95df-f8edec61d48c@com.abacus.SWSSession</ConversationId>
      <Service d4p1:type="Sabre Trip Management" xmlns:d4p1="http://www.ebxml.org/namespaces/messageHeader">SabreCommandLLSRQ</Service>
      <Action>SabreCommandLLSRQ</Action>
      <MessageData>
        <MessageId>3c53ff3d-2257-40da-a19c-4ec619b4e760@com.abacus.SWSSession</MessageId>
        <Timestamp>2026-08-03T09:05:40</Timestamp>
      </MessageData>
    </MessageHeader>
    <Security xmlns="http://schemas.xmlsoap.org/ws/2002/12/secext">
      <BinarySecurityToken>Shared/IDL:IceSess\/SessMgr:1\.0.IDL/Common/!ICESMS\/RESF!ICESMSLB\/RES.LB!1785747927971!6359!517</BinarySecurityToken>
    </Security>
  </soap:Header>
  <soap:Body>
    <SabreCommandLLSRQ Version="2.0.0" ReturnHostCommand="true" xmlns="http://webservices.sabre.com/sabreXML/2011/10">
      <Request Output="SCREEN">
        <HostCommand>EWR</HostCommand>
      </Request>
    </SabreCommandLLSRQ>
  </soap:Body>
</soap:Envelope>]]></Request><Response><![CDATA[<?xml version="1.0" encoding="UTF-8"?>
<soap-env:Envelope xmlns:soap-env="http://schemas.xmlsoap.org/soap/envelope/"><soap-env:Header><eb:MessageHeader xmlns:eb="http://www.ebxml.org/namespaces/messageHeader" eb:version="1.0" soap-env:mustUnderstand="1"><eb:From><eb:PartyId eb:type="urn:x12.org.IO5:01">webservices.sabre.com</eb:PartyId></eb:From><eb:To><eb:PartyId eb:type="urn:x12.org.IO5:01">com.abacus.SWSSession</eb:PartyId></eb:To><eb:ConversationId>8dad8dff-8694-4589-95df-f8edec61d48c@com.abacus.SWSSession</eb:ConversationId><eb:Service eb:type="Sabre Trip Management">SabreCommandLLSRQ</eb:Service><eb:Action>SabreCommandLLSRS</eb:Action><eb:MessageData><eb:MessageId>3196140327393790140</eb:MessageId><eb:Timestamp>2026-08-03T09:05:39</eb:Timestamp><eb:RefToMessageId>3c53ff3d-2257-40da-a19c-4ec619b4e760@com.abacus.SWSSession</eb:RefToMessageId></eb:MessageData></eb:MessageHeader><wsse:Security xmlns:wsse="http://schemas.xmlsoap.org/ws/2002/12/secext"><wsse:BinarySecurityToken valueType="String" EncodingType="wsse:Base64Binary">Shared/IDL:IceSess\/SessMgr:1\.0.IDL/Common/!ICESMS\/RESF!ICESMSLB\/RES.LB!1785747927971!6359!517</wsse:BinarySecurityToken></wsse:Security></soap-env:Header><soap-env:Body><SabreCommandLLSRS xmlns="http://webservices.sabre.com/sabreXML/2011/10" xmlns:xs="http://www.w3.org/2001/XMLSchema" xmlns:xsi="http://www.w3.org/2001/XMLSchema-instance" xmlns:stl="http://services.sabre.com/STL/v01" Version="2.0.0">
 <stl:ApplicationResults status="Complete">
  <stl:Success timeStamp="2026-08-03T09:05:39Z">
   <stl:SystemSpecificResults>
    <stl:HostCommand LNIATA="641EEE">EWR</stl:HostCommand>
   </stl:SystemSpecificResults>
  </stl:Success>
 </stl:ApplicationResults>
 <Response>ITINERARY REQUIRED TO COMPLETE TRANSACTION</Response>
</SabreCommandLLSRS></soap-env:Body></soap-env:Envelope>]]></Response></ApiLog>","PCC:HO PCC|Command:EWR|HTTP:200|Status:SUCCESS","2026-08-03 14:35:39",,,0,"2026-08-03 14:35:39",0
4725,052e59d184944592b672,QueuePolling,0,,0,,SabreQueueMCP,QUEUE,QueueTextSource,EWR,SUCCESS,"<ApiLog><Request><![CDATA[<?xml version="1.0" encoding="utf-8"?>
<soap:Envelope xmlns:soap="http://schemas.xmlsoap.org/soap/envelope/" xmlns:xsi="http://www.w3.org/2001/XMLSchema-instance" xmlns:xsd="http://www.w3.org/2001/XMLSchema">
  <soap:Header>
    <MessageHeader xmlns="http://www.ebxml.org/namespaces/messageHeader">
      <From>
        <PartyId d5p1:type="urn:x12.org.IO5:01" xmlns:d5p1="http://www.ebxml.org/namespaces/messageHeader">com.abacus.SWSSession</PartyId>
      </From>
      <To>
        <PartyId d5p1:type="urn:x12.org.IO5:01" xmlns:d5p1="http://www.ebxml.org/namespaces/messageHeader">webservices.sabre.com</PartyId>
      </To>
      <ConversationId>8dad8dff-8694-4589-95df-f8edec61d48c@com.abacus.SWSSession</ConversationId>
      <Service d4p1:type="Sabre Trip Management" xmlns:d4p1="http://www.ebxml.org/namespaces/messageHeader">SabreCommandLLSRQ</Service>
      <Action>SabreCommandLLSRQ</Action>
      <MessageData>
        <MessageId>9dda182b-05a9-4af9-988c-1f358a76c253@com.abacus.SWSSession</MessageId>
        <Timestamp>2026-08-03T09:05:39</Timestamp>
      </MessageData>
    </MessageHeader>
    <Security xmlns="http://schemas.xmlsoap.org/ws/2002/12/secext">
      <BinarySecurityToken>Shared/IDL:IceSess\/SessMgr:1\.0.IDL/Common/!ICESMS\/RESF!ICESMSLB\/RES.LB!1785747927971!6359!517</BinarySecurityToken>
    </Security>
  </soap:Header>
  <soap:Body>
    <SabreCommandLLSRQ Version="2.0.0" ReturnHostCommand="true" xmlns="http://webservices.sabre.com/sabreXML/2011/10">
      <Request Output="SCREEN">
        <HostCommand>EWR</HostCommand>
      </Request>
    </SabreCommandLLSRQ>
  </soap:Body>
</soap:Envelope>]]></Request><Response><![CDATA[<?xml version="1.0" encoding="UTF-8"?>
<soap-env:Envelope xmlns:soap-env="http://schemas.xmlsoap.org/soap/envelope/"><soap-env:Header><eb:MessageHeader xmlns:eb="http://www.ebxml.org/namespaces/messageHeader" eb:version="1.0" soap-env:mustUnderstand="1"><eb:From><eb:PartyId eb:type="urn:x12.org.IO5:01">webservices.sabre.com</eb:PartyId></eb:From><eb:To><eb:PartyId eb:type="urn:x12.org.IO5:01">com.abacus.SWSSession</eb:PartyId></eb:To><eb:ConversationId>8dad8dff-8694-4589-95df-f8edec61d48c@com.abacus.SWSSession</eb:ConversationId><eb:Service eb:type="Sabre Trip Management">SabreCommandLLSRQ</eb:Service><eb:Action>SabreCommandLLSRS</eb:Action><eb:MessageData><eb:MessageId>3196013327381391860</eb:MessageId><eb:Timestamp>2026-08-03T09:05:38</eb:Timestamp><eb:RefToMessageId>9dda182b-05a9-4af9-988c-1f358a76c253@com.abacus.SWSSession</eb:RefToMessageId></eb:MessageData></eb:MessageHeader><wsse:Security xmlns:wsse="http://schemas.xmlsoap.org/ws/2002/12/secext"><wsse:BinarySecurityToken valueType="String" EncodingType="wsse:Base64Binary">Shared/IDL:IceSess\/SessMgr:1\.0.IDL/Common/!ICESMS\/RESF!ICESMSLB\/RES.LB!1785747927971!6359!517</wsse:BinarySecurityToken></wsse:Security></soap-env:Header><soap-env:Body><SabreCommandLLSRS xmlns="http://webservices.sabre.com/sabreXML/2011/10" xmlns:xs="http://www.w3.org/2001/XMLSchema" xmlns:xsi="http://www.w3.org/2001/XMLSchema-instance" xmlns:stl="http://services.sabre.com/STL/v01" Version="2.0.0">
 <stl:ApplicationResults status="Complete">
  <stl:Success timeStamp="2026-08-03T09:05:38Z">
   <stl:SystemSpecificResults>
    <stl:HostCommand LNIATA="641EEE">EWR</stl:HostCommand>
   </stl:SystemSpecificResults>
  </stl:Success>
 </stl:ApplicationResults>
 <Response>ITINERARY REQUIRED TO COMPLETE TRANSACTION</Response>
</SabreCommandLLSRS></soap-env:Body></soap-env:Envelope>]]></Response></ApiLog>","PCC:HO PCC|Command:EWR|HTTP:200|Status:SUCCESS","2026-08-03 14:35:38",,,0,"2026-08-03 14:35:38",0
4726,052e59d184944592b672,QueuePolling,0,,0,,SabreQueueMCP,QUEUE,QueueTextSource,QR,SUCCESS,"<ApiLog><Request><![CDATA[<?xml version="1.0" encoding="utf-8"?>
<soap:Envelope xmlns:soap="http://schemas.xmlsoap.org/soap/envelope/" xmlns:xsi="http://www.w3.org/2001/XMLSchema-instance" xmlns:xsd="http://www.w3.org/2001/XMLSchema">
  <soap:Header>
    <MessageHeader xmlns="http://www.ebxml.org/namespaces/messageHeader">
      <From>
        <PartyId d5p1:type="urn:x12.org.IO5:01" xmlns:d5p1="http://www.ebxml.org/namespaces/messageHeader">com.abacus.SWSSession</PartyId>
      </From>
      <To>
        <PartyId d5p1:type="urn:x12.org.IO5:01" xmlns:d5p1="http://www.ebxml.org/namespaces/messageHeader">webservices.sabre.com</PartyId>
      </To>
      <ConversationId>8dad8dff-8694-4589-95df-f8edec61d48c@com.abacus.SWSSession</ConversationId>
      <Service d4p1:type="Sabre Trip Management" xmlns:d4p1="http://www.ebxml.org/namespaces/messageHeader">SabreCommandLLSRQ</Service>
      <Action>SabreCommandLLSRQ</Action>
      <MessageData>
        <MessageId>6e04c74b-7e07-4b92-af55-679c04a3c938@com.abacus.SWSSession</MessageId>
        <Timestamp>2026-08-03T09:05:40</Timestamp>
      </MessageData>
    </MessageHeader>
    <Security xmlns="http://schemas.xmlsoap.org/ws/2002/12/secext">
      <BinarySecurityToken>Shared/IDL:IceSess\/SessMgr:1\.0.IDL/Common/!ICESMS\/RESF!ICESMSLB\/RES.LB!1785747927971!6359!517</BinarySecurityToken>
    </Security>
  </soap:Header>
  <soap:Body>
    <SabreCommandLLSRQ Version="2.0.0" ReturnHostCommand="true" xmlns="http://webservices.sabre.com/sabreXML/2011/10">
      <Request Output="SCREEN">
        <HostCommand>QR</HostCommand>
      </Request>
    </SabreCommandLLSRQ>
  </soap:Body>
</soap:Envelope>]]></Request><Response><![CDATA[<?xml version="1.0" encoding="UTF-8"?>
<soap-env:Envelope xmlns:soap-env="http://schemas.xmlsoap.org/soap/envelope/"><soap-env:Header><eb:MessageHeader xmlns:eb="http://www.ebxml.org/namespaces/messageHeader" eb:version="1.0" soap-env:mustUnderstand="1"><eb:From><eb:PartyId eb:type="urn:x12.org.IO5:01">webservices.sabre.com</eb:PartyId></eb:From><eb:To><eb:PartyId eb:type="urn:x12.org.IO5:01">com.abacus.SWSSession</eb:PartyId></eb:To><eb:ConversationId>8dad8dff-8694-4589-95df-f8edec61d48c@com.abacus.SWSSession</eb:ConversationId><eb:Service eb:type="Sabre Trip Management">SabreCommandLLSRQ</eb:Service><eb:Action>SabreCommandLLSRS</eb:Action><eb:MessageData><eb:MessageId>3196058327385382440</eb:MessageId><eb:Timestamp>2026-08-03T09:05:38</eb:Timestamp><eb:RefToMessageId>6e04c74b-7e07-4b92-af55-679c04a3c938@com.abacus.SWSSession</eb:RefToMessageId></eb:MessageData></eb:MessageHeader><wsse:Security xmlns:wsse="http://schemas.xmlsoap.org/ws/2002/12/secext"><wsse:BinarySecurityToken valueType="String" EncodingType="wsse:Base64Binary">Shared/IDL:IceSess\/SessMgr:1\.0.IDL/Common/!ICESMS\/RESF!ICESMSLB\/RES.LB!1785747927971!6359!517</wsse:BinarySecurityToken></wsse:Security></soap-env:Header><soap-env:Body><SabreCommandLLSRS xmlns="http://webservices.sabre.com/sabreXML/2011/10" xmlns:xs="http://www.w3.org/2001/XMLSchema" xmlns:xsi="http://www.w3.org/2001/XMLSchema-instance" xmlns:stl="http://services.sabre.com/STL/v01" Version="2.0.0">
 <stl:ApplicationResults status="Complete">
  <stl:Success timeStamp="2026-08-03T09:05:38Z">
   <stl:SystemSpecificResults>
    <stl:HostCommand LNIATA="641EEE">QR</stl:HostCommand>
   </stl:SystemSpecificResults>
  </stl:Success>
 </stl:ApplicationResults>
 <Response>CANNOT DO THIS IF OFF QUEUE
</Response>
</SabreCommandLLSRS></soap-env:Body></soap-env:Envelope>]]></Response></ApiLog>","PCC:HO PCC|Command:QR|HTTP:200|Status:SUCCESS","2026-08-03 14:35:38",,,0,"2026-08-03 14:35:38",0
4722,052e59d184944592b672,QueuePolling,0,,0,,SabreQueueMCP,QUEUE,QueueTextSource,EWR,SUCCESS,"<ApiLog><Request><![CDATA[<?xml version="1.0" encoding="utf-8"?>
<soap:Envelope xmlns:soap="http://schemas.xmlsoap.org/soap/envelope/" xmlns:xsi="http://www.w3.org/2001/XMLSchema-instance" xmlns:xsd="http://www.w3.org/2001/XMLSchema">
  <soap:Header>
    <MessageHeader xmlns="http://www.ebxml.org/namespaces/messageHeader">
      <From>
        <PartyId d5p1:type="urn:x12.org.IO5:01" xmlns:d5p1="http://www.ebxml.org/namespaces/messageHeader">com.abacus.SWSSession</PartyId>
      </From>
      <To>
        <PartyId d5p1:type="urn:x12.org.IO5:01" xmlns:d5p1="http://www.ebxml.org/namespaces/messageHeader">webservices.sabre.com</PartyId>
      </To>
      <ConversationId>8dad8dff-8694-4589-95df-f8edec61d48c@com.abacus.SWSSession</ConversationId>
      <Service d4p1:type="Sabre Trip Management" xmlns:d4p1="http://www.ebxml.org/namespaces/messageHeader">SabreCommandLLSRQ</Service>
      <Action>SabreCommandLLSRQ</Action>
      <MessageData>
        <MessageId>33a37177-afb9-443b-a18a-6b4b9d79021b@com.abacus.SWSSession</MessageId>
        <Timestamp>2026-08-03T09:05:38</Timestamp>
      </MessageData>
    </MessageHeader>
    <Security xmlns="http://schemas.xmlsoap.org/ws/2002/12/secext">
      <BinarySecurityToken>Shared/IDL:IceSess\/SessMgr:1\.0.IDL/Common/!ICESMS\/RESF!ICESMSLB\/RES.LB!1785747927971!6359!517</BinarySecurityToken>
    </Security>
  </soap:Header>
  <soap:Body>
    <SabreCommandLLSRQ Version="2.0.0" ReturnHostCommand="true" xmlns="http://webservices.sabre.com/sabreXML/2011/10">
      <Request Output="SCREEN">
        <HostCommand>EWR</HostCommand>
      </Request>
    </SabreCommandLLSRQ>
  </soap:Body>
</soap:Envelope>]]></Request><Response><![CDATA[<?xml version="1.0" encoding="UTF-8"?>
<soap-env:Envelope xmlns:soap-env="http://schemas.xmlsoap.org/soap/envelope/"><soap-env:Header><eb:MessageHeader xmlns:eb="http://www.ebxml.org/namespaces/messageHeader" eb:version="1.0" soap-env:mustUnderstand="1"><eb:From><eb:PartyId eb:type="urn:x12.org.IO5:01">webservices.sabre.com</eb:PartyId></eb:From><eb:To><eb:PartyId eb:type="urn:x12.org.IO5:01">com.abacus.SWSSession</eb:PartyId></eb:To><eb:ConversationId>8dad8dff-8694-4589-95df-f8edec61d48c@com.abacus.SWSSession</eb:ConversationId><eb:Service eb:type="Sabre Trip Management">SabreCommandLLSRQ</eb:Service><eb:Action>SabreCommandLLSRS</eb:Action><eb:MessageData><eb:MessageId>3195874327369251090</eb:MessageId><eb:Timestamp>2026-08-03T09:05:36</eb:Timestamp><eb:RefToMessageId>33a37177-afb9-443b-a18a-6b4b9d79021b@com.abacus.SWSSession</eb:RefToMessageId></eb:MessageData></eb:MessageHeader><wsse:Security xmlns:wsse="http://schemas.xmlsoap.org/ws/2002/12/secext"><wsse:BinarySecurityToken valueType="String" EncodingType="wsse:Base64Binary">Shared/IDL:IceSess\/SessMgr:1\.0.IDL/Common/!ICESMS\/RESF!ICESMSLB\/RES.LB!1785747927971!6359!517</wsse:BinarySecurityToken></wsse:Security></soap-env:Header><soap-env:Body><SabreCommandLLSRS xmlns="http://webservices.sabre.com/sabreXML/2011/10" xmlns:xs="http://www.w3.org/2001/XMLSchema" xmlns:xsi="http://www.w3.org/2001/XMLSchema-instance" xmlns:stl="http://services.sabre.com/STL/v01" Version="2.0.0">
 <stl:ApplicationResults status="Complete">
  <stl:Success timeStamp="2026-08-03T09:05:36Z">
   <stl:SystemSpecificResults>
    <stl:HostCommand LNIATA="641EEE">EWR</stl:HostCommand>
   </stl:SystemSpecificResults>
  </stl:Success>
 </stl:ApplicationResults>
 <Response>ITINERARY REQUIRED TO COMPLETE TRANSACTION</Response>
</SabreCommandLLSRS></soap-env:Body></soap-env:Envelope>]]></Response></ApiLog>","PCC:HO PCC|Command:EWR|HTTP:200|Status:SUCCESS","2026-08-03 14:35:37",,,0,"2026-08-03 14:35:37",0
4723,052e59d184944592b672,QueuePolling,0,,0,,SabreQueueMCP,QUEUE,QueueTextSource,QR,SUCCESS,"<ApiLog><Request><![CDATA[<?xml version="1.0" encoding="utf-8"?>
<soap:Envelope xmlns:soap="http://schemas.xmlsoap.org/soap/envelope/" xmlns:xsi="http://www.w3.org/2001/XMLSchema-instance" xmlns:xsd="http://www.w3.org/2001/XMLSchema">
  <soap:Header>
    <MessageHeader xmlns="http://www.ebxml.org/namespaces/messageHeader">
      <From>
        <PartyId d5p1:type="urn:x12.org.IO5:01" xmlns:d5p1="http://www.ebxml.org/namespaces/messageHeader">com.abacus.SWSSession</PartyId>
      </From>
      <To>
        <PartyId d5p1:type="urn:x12.org.IO5:01" xmlns:d5p1="http://www.ebxml.org/namespaces/messageHeader">webservices.sabre.com</PartyId>
      </To>
      <ConversationId>8dad8dff-8694-4589-95df-f8edec61d48c@com.abacus.SWSSession</ConversationId>
      <Service d4p1:type="Sabre Trip Management" xmlns:d4p1="http://www.ebxml.org/namespaces/messageHeader">SabreCommandLLSRQ</Service>
      <Action>SabreCommandLLSRQ</Action>
      <MessageData>
        <MessageId>7e3dfe74-869b-4234-bcfd-80bf114937da@com.abacus.SWSSession</MessageId>
        <Timestamp>2026-08-03T09:05:38</Timestamp>
      </MessageData>
    </MessageHeader>
    <Security xmlns="http://schemas.xmlsoap.org/ws/2002/12/secext">
      <BinarySecurityToken>Shared/IDL:IceSess\/SessMgr:1\.0.IDL/Common/!ICESMS\/RESF!ICESMSLB\/RES.LB!1785747927971!6359!517</BinarySecurityToken>
    </Security>
  </soap:Header>
  <soap:Body>
    <SabreCommandLLSRQ Version="2.0.0" ReturnHostCommand="true" xmlns="http://webservices.sabre.com/sabreXML/2011/10">
      <Request Output="SCREEN">
        <HostCommand>QR</HostCommand>
      </Request>
    </SabreCommandLLSRQ>
  </soap:Body>
</soap:Envelope>]]></Request><Response><![CDATA[<?xml version="1.0" encoding="UTF-8"?>
<soap-env:Envelope xmlns:soap-env="http://schemas.xmlsoap.org/soap/envelope/"><soap-env:Header><eb:MessageHeader xmlns:eb="http://www.ebxml.org/namespaces/messageHeader" eb:version="1.0" soap-env:mustUnderstand="1"><eb:From><eb:PartyId eb:type="urn:x12.org.IO5:01">webservices.sabre.com</eb:PartyId></eb:From><eb:To><eb:PartyId eb:type="urn:x12.org.IO5:01">com.abacus.SWSSession</eb:PartyId></eb:To><eb:ConversationId>8dad8dff-8694-4589-95df-f8edec61d48c@com.abacus.SWSSession</eb:ConversationId><eb:Service eb:type="Sabre Trip Management">SabreCommandLLSRQ</eb:Service><eb:Action>SabreCommandLLSRS</eb:Action><eb:MessageData><eb:MessageId>3195924327373180480</eb:MessageId><eb:Timestamp>2026-08-03T09:05:37</eb:Timestamp><eb:RefToMessageId>7e3dfe74-869b-4234-bcfd-80bf114937da@com.abacus.SWSSession</eb:RefToMessageId></eb:MessageData></eb:MessageHeader><wsse:Security xmlns:wsse="http://schemas.xmlsoap.org/ws/2002/12/secext"><wsse:BinarySecurityToken valueType="String" EncodingType="wsse:Base64Binary">Shared/IDL:IceSess\/SessMgr:1\.0.IDL/Common/!ICESMS\/RESF!ICESMSLB\/RES.LB!1785747927971!6359!517</wsse:BinarySecurityToken></wsse:Security></soap-env:Header><soap-env:Body><SabreCommandLLSRS xmlns="http://webservices.sabre.com/sabreXML/2011/10" xmlns:xs="http://www.w3.org/2001/XMLSchema" xmlns:xsi="http://www.w3.org/2001/XMLSchema-instance" xmlns:stl="http://services.sabre.com/STL/v01" Version="2.0.0">
 <stl:ApplicationResults status="Complete">
  <stl:Success timeStamp="2026-08-03T09:05:37Z">
   <stl:SystemSpecificResults>
    <stl:HostCommand LNIATA="641EEE">QR</stl:HostCommand>
   </stl:SystemSpecificResults>
  </stl:Success>
 </stl:ApplicationResults>
 <Response>CANNOT DO THIS IF OFF QUEUE
</Response>
</SabreCommandLLSRS></soap-env:Body></soap-env:Envelope>]]></Response></ApiLog>","PCC:HO PCC|Command:QR|HTTP:200|Status:SUCCESS","2026-08-03 14:35:37",,,0,"2026-08-03 14:35:37",0
4724,052e59d184944592b672,QueuePolling,0,,0,,SabreQueueMCP,QUEUE,QueueTextSource,I,SUCCESS,"<ApiLog><Request><![CDATA[<?xml version="1.0" encoding="utf-8"?>
<soap:Envelope xmlns:soap="http://schemas.xmlsoap.org/soap/envelope/" xmlns:xsi="http://www.w3.org/2001/XMLSchema-instance" xmlns:xsd="http://www.w3.org/2001/XMLSchema">
  <soap:Header>
    <MessageHeader xmlns="http://www.ebxml.org/namespaces/messageHeader">
      <From>
        <PartyId d5p1:type="urn:x12.org.IO5:01" xmlns:d5p1="http://www.ebxml.org/namespaces/messageHeader">com.abacus.SWSSession</PartyId>
      </From>
      <To>
        <PartyId d5p1:type="urn:x12.org.IO5:01" xmlns:d5p1="http://www.ebxml.org/namespaces/messageHeader">webservices.sabre.com</PartyId>
      </To>
      <ConversationId>8dad8dff-8694-4589-95df-f8edec61d48c@com.abacus.SWSSession</ConversationId>
      <Service d4p1:type="Sabre Trip Management" xmlns:d4p1="http://www.ebxml.org/namespaces/messageHeader">SabreCommandLLSRQ</Service>
      <Action>SabreCommandLLSRQ</Action>
      <MessageData>
        <MessageId>e0142e99-2bbd-46a3-9418-ec15fa6c74f8@com.abacus.SWSSession</MessageId>
        <Timestamp>2026-08-03T09:05:39</Timestamp>
      </MessageData>
    </MessageHeader>
    <Security xmlns="http://schemas.xmlsoap.org/ws/2002/12/secext">
      <BinarySecurityToken>Shared/IDL:IceSess\/SessMgr:1\.0.IDL/Common/!ICESMS\/RESF!ICESMSLB\/RES.LB!1785747927971!6359!517</BinarySecurityToken>
    </Security>
  </soap:Header>
  <soap:Body>
    <SabreCommandLLSRQ Version="2.0.0" ReturnHostCommand="true" xmlns="http://webservices.sabre.com/sabreXML/2011/10">
      <Request Output="SCREEN">
        <HostCommand>I</HostCommand>
      </Request>
    </SabreCommandLLSRQ>
  </soap:Body>
</soap:Envelope>]]></Request><Response><![CDATA[<?xml version="1.0" encoding="UTF-8"?>
<soap-env:Envelope xmlns:soap-env="http://schemas.xmlsoap.org/soap/envelope/"><soap-env:Header><eb:MessageHeader xmlns:eb="http://www.ebxml.org/namespaces/messageHeader" eb:version="1.0" soap-env:mustUnderstand="1"><eb:From><eb:PartyId eb:type="urn:x12.org.IO5:01">webservices.sabre.com</eb:PartyId></eb:From><eb:To><eb:PartyId eb:type="urn:x12.org.IO5:01">com.abacus.SWSSession</eb:PartyId></eb:To><eb:ConversationId>8dad8dff-8694-4589-95df-f8edec61d48c@com.abacus.SWSSession</eb:ConversationId><eb:Service eb:type="Sabre Trip Management">SabreCommandLLSRQ</eb:Service><eb:Action>SabreCommandLLSRS</eb:Action><eb:MessageData><eb:MessageId>3195972327377350880</eb:MessageId><eb:Timestamp>2026-08-03T09:05:37</eb:Timestamp><eb:RefToMessageId>e0142e99-2bbd-46a3-9418-ec15fa6c74f8@com.abacus.SWSSession</eb:RefToMessageId></eb:MessageData></eb:MessageHeader><wsse:Security xmlns:wsse="http://schemas.xmlsoap.org/ws/2002/12/secext"><wsse:BinarySecurityToken valueType="String" EncodingType="wsse:Base64Binary">Shared/IDL:IceSess\/SessMgr:1\.0.IDL/Common/!ICESMS\/RESF!ICESMSLB\/RES.LB!1785747927971!6359!517</wsse:BinarySecurityToken></wsse:Security></soap-env:Header><soap-env:Body><SabreCommandLLSRS xmlns="http://webservices.sabre.com/sabreXML/2011/10" xmlns:xs="http://www.w3.org/2001/XMLSchema" xmlns:xsi="http://www.w3.org/2001/XMLSchema-instance" xmlns:stl="http://services.sabre.com/STL/v01" Version="2.0.0">
 <stl:ApplicationResults status="Complete">
  <stl:Success timeStamp="2026-08-03T09:05:37Z">
   <stl:SystemSpecificResults>
    <stl:HostCommand LNIATA="641EEE">I</stl:HostCommand>
   </stl:SystemSpecificResults>
  </stl:Success>
 </stl:ApplicationResults>
 <Response>IGD </Response>
</SabreCommandLLSRS></soap-env:Body></soap-env:Envelope>]]></Response></ApiLog>","PCC:HO PCC|Command:I|HTTP:200|Status:SUCCESS","2026-08-03 14:35:37",,,0,"2026-08-03 14:35:37",0
4720,052e59d184944592b672,QueuePolling,0,,0,,SabreQueueMCP,QUEUE,QueueTextSource,QR,SUCCESS,"<ApiLog><Request><![CDATA[<?xml version="1.0" encoding="utf-8"?>
<soap:Envelope xmlns:soap="http://schemas.xmlsoap.org/soap/envelope/" xmlns:xsi="http://www.w3.org/2001/XMLSchema-instance" xmlns:xsd="http://www.w3.org/2001/XMLSchema">
  <soap:Header>
    <MessageHeader xmlns="http://www.ebxml.org/namespaces/messageHeader">
      <From>
        <PartyId d5p1:type="urn:x12.org.IO5:01" xmlns:d5p1="http://www.ebxml.org/namespaces/messageHeader">com.abacus.SWSSession</PartyId>
      </From>
      <To>
        <PartyId d5p1:type="urn:x12.org.IO5:01" xmlns:d5p1="http://www.ebxml.org/namespaces/messageHeader">webservices.sabre.com</PartyId>
      </To>
      <ConversationId>8dad8dff-8694-4589-95df-f8edec61d48c@com.abacus.SWSSession</ConversationId>
      <Service d4p1:type="Sabre Trip Management" xmlns:d4p1="http://www.ebxml.org/namespaces/messageHeader">SabreCommandLLSRQ</Service>
      <Action>SabreCommandLLSRQ</Action>
      <MessageData>
        <MessageId>d2992b6c-1f45-4db8-9a8e-a97a318bd56c@com.abacus.SWSSession</MessageId>
        <Timestamp>2026-08-03T09:05:37</Timestamp>
      </MessageData>
    </MessageHeader>
    <Security xmlns="http://schemas.xmlsoap.org/ws/2002/12/secext">
      <BinarySecurityToken>Shared/IDL:IceSess\/SessMgr:1\.0.IDL/Common/!ICESMS\/RESF!ICESMSLB\/RES.LB!1785747927971!6359!517</BinarySecurityToken>
    </Security>
  </soap:Header>
  <soap:Body>
    <SabreCommandLLSRQ Version="2.0.0" ReturnHostCommand="true" xmlns="http://webservices.sabre.com/sabreXML/2011/10">
      <Request Output="SCREEN">
        <HostCommand>QR</HostCommand>
      </Request>
    </SabreCommandLLSRQ>
  </soap:Body>
</soap:Envelope>]]></Request><Response><![CDATA[<?xml version="1.0" encoding="UTF-8"?>
<soap-env:Envelope xmlns:soap-env="http://schemas.xmlsoap.org/soap/envelope/"><soap-env:Header><eb:MessageHeader xmlns:eb="http://www.ebxml.org/namespaces/messageHeader" eb:version="1.0" soap-env:mustUnderstand="1"><eb:From><eb:PartyId eb:type="urn:x12.org.IO5:01">webservices.sabre.com</eb:PartyId></eb:From><eb:To><eb:PartyId eb:type="urn:x12.org.IO5:01">com.abacus.SWSSession</eb:PartyId></eb:To><eb:ConversationId>8dad8dff-8694-4589-95df-f8edec61d48c@com.abacus.SWSSession</eb:ConversationId><eb:Service eb:type="Sabre Trip Management">SabreCommandLLSRQ</eb:Service><eb:Action>SabreCommandLLSRS</eb:Action><eb:MessageData><eb:MessageId>3195806327361112030</eb:MessageId><eb:Timestamp>2026-08-03T09:05:36</eb:Timestamp><eb:RefToMessageId>d2992b6c-1f45-4db8-9a8e-a97a318bd56c@com.abacus.SWSSession</eb:RefToMessageId></eb:MessageData></eb:MessageHeader><wsse:Security xmlns:wsse="http://schemas.xmlsoap.org/ws/2002/12/secext"><wsse:BinarySecurityToken valueType="String" EncodingType="wsse:Base64Binary">Shared/IDL:IceSess\/SessMgr:1\.0.IDL/Common/!ICESMS\/RESF!ICESMSLB\/RES.LB!1785747927971!6359!517</wsse:BinarySecurityToken></wsse:Security></soap-env:Header><soap-env:Body><SabreCommandLLSRS xmlns="http://webservices.sabre.com/sabreXML/2011/10" xmlns:xs="http://www.w3.org/2001/XMLSchema" xmlns:xsi="http://www.w3.org/2001/XMLSchema-instance" xmlns:stl="http://services.sabre.com/STL/v01" Version="2.0.0">
 <stl:ApplicationResults status="Complete">
  <stl:Success timeStamp="2026-08-03T09:05:36Z">
   <stl:SystemSpecificResults>
    <stl:HostCommand LNIATA="641EEE">QR</stl:HostCommand>
   </stl:SystemSpecificResults>
  </stl:Success>
 </stl:ApplicationResults>
 <Response>CANNOT DO THIS IF OFF QUEUE
</Response>
</SabreCommandLLSRS></soap-env:Body></soap-env:Envelope>]]></Response></ApiLog>","PCC:HO PCC|Command:QR|HTTP:200|Status:SUCCESS","2026-08-03 14:35:36",,,0,"2026-08-03 14:35:36",0
4721,052e59d184944592b672,QueuePolling,0,,0,,SabreQueueMCP,QUEUE,QueueTextSource,I,SUCCESS,"<ApiLog><Request><![CDATA[<?xml version="1.0" encoding="utf-8"?>
<soap:Envelope xmlns:soap="http://schemas.xmlsoap.org/soap/envelope/" xmlns:xsi="http://www.w3.org/2001/XMLSchema-instance" xmlns:xsd="http://www.w3.org/2001/XMLSchema">
  <soap:Header>
    <MessageHeader xmlns="http://www.ebxml.org/namespaces/messageHeader">
      <From>
        <PartyId d5p1:type="urn:x12.org.IO5:01" xmlns:d5p1="http://www.ebxml.org/namespaces/messageHeader">com.abacus.SWSSession</PartyId>
      </From>
      <To>
        <PartyId d5p1:type="urn:x12.org.IO5:01" xmlns:d5p1="http://www.ebxml.org/namespaces/messageHeader">webservices.sabre.com</PartyId>
      </To>
      <ConversationId>8dad8dff-8694-4589-95df-f8edec61d48c@com.abacus.SWSSession</ConversationId>
      <Service d4p1:type="Sabre Trip Management" xmlns:d4p1="http://www.ebxml.org/namespaces/messageHeader">SabreCommandLLSRQ</Service>
      <Action>SabreCommandLLSRQ</Action>
      <MessageData>
        <MessageId>3562aee8-837e-42bc-b4a3-a054dcaf189f@com.abacus.SWSSession</MessageId>
        <Timestamp>2026-08-03T09:05:37</Timestamp>
      </MessageData>
    </MessageHeader>
    <Security xmlns="http://schemas.xmlsoap.org/ws/2002/12/secext">
      <BinarySecurityToken>Shared/IDL:IceSess\/SessMgr:1\.0.IDL/Common/!ICESMS\/RESF!ICESMSLB\/RES.LB!1785747927971!6359!517</BinarySecurityToken>
    </Security>
  </soap:Header>
  <soap:Body>
    <SabreCommandLLSRQ Version="2.0.0" ReturnHostCommand="true" xmlns="http://webservices.sabre.com/sabreXML/2011/10">
      <Request Output="SCREEN">
        <HostCommand>I</HostCommand>
      </Request>
    </SabreCommandLLSRQ>
  </soap:Body>
</soap:Envelope>]]></Request><Response><![CDATA[<?xml version="1.0" encoding="UTF-8"?>
<soap-env:Envelope xmlns:soap-env="http://schemas.xmlsoap.org/soap/envelope/"><soap-env:Header><eb:MessageHeader xmlns:eb="http://www.ebxml.org/namespaces/messageHeader" eb:version="1.0" soap-env:mustUnderstand="1"><eb:From><eb:PartyId eb:type="urn:x12.org.IO5:01">webservices.sabre.com</eb:PartyId></eb:From><eb:To><eb:PartyId eb:type="urn:x12.org.IO5:01">com.abacus.SWSSession</eb:PartyId></eb:To><eb:ConversationId>8dad8dff-8694-4589-95df-f8edec61d48c@com.abacus.SWSSession</eb:ConversationId><eb:Service eb:type="Sabre Trip Management">SabreCommandLLSRQ</eb:Service><eb:Action>SabreCommandLLSRS</eb:Action><eb:MessageData><eb:MessageId>3195840327365031890</eb:MessageId><eb:Timestamp>2026-08-03T09:05:36</eb:Timestamp><eb:RefToMessageId>3562aee8-837e-42bc-b4a3-a054dcaf189f@com.abacus.SWSSession</eb:RefToMessageId></eb:MessageData></eb:MessageHeader><wsse:Security xmlns:wsse="http://schemas.xmlsoap.org/ws/2002/12/secext"><wsse:BinarySecurityToken valueType="String" EncodingType="wsse:Base64Binary">Shared/IDL:IceSess\/SessMgr:1\.0.IDL/Common/!ICESMS\/RESF!ICESMSLB\/RES.LB!1785747927971!6359!517</wsse:BinarySecurityToken></wsse:Security></soap-env:Header><soap-env:Body><SabreCommandLLSRS xmlns="http://webservices.sabre.com/sabreXML/2011/10" xmlns:xs="http://www.w3.org/2001/XMLSchema" xmlns:xsi="http://www.w3.org/2001/XMLSchema-instance" xmlns:stl="http://services.sabre.com/STL/v01" Version="2.0.0">
 <stl:ApplicationResults status="Complete">
  <stl:Success timeStamp="2026-08-03T09:05:36Z">
   <stl:SystemSpecificResults>
    <stl:HostCommand LNIATA="641EEE">I</stl:HostCommand>
   </stl:SystemSpecificResults>
  </stl:Success>
 </stl:ApplicationResults>
 <Response>IGD </Response>
</SabreCommandLLSRS></soap-env:Body></soap-env:Envelope>]]></Response></ApiLog>","PCC:HO PCC|Command:I|HTTP:200|Status:SUCCESS","2026-08-03 14:35:36",,,0,"2026-08-03 14:35:36",0
4717,052e59d184944592b672,QueuePolling,0,,0,,SabreQueueMCP,QUEUE,QueueTextSource,QR,SUCCESS,"<ApiLog><Request><![CDATA[<?xml version="1.0" encoding="utf-8"?>
<soap:Envelope xmlns:soap="http://schemas.xmlsoap.org/soap/envelope/" xmlns:xsi="http://www.w3.org/2001/XMLSchema-instance" xmlns:xsd="http://www.w3.org/2001/XMLSchema">
  <soap:Header>
    <MessageHeader xmlns="http://www.ebxml.org/namespaces/messageHeader">
      <From>
        <PartyId d5p1:type="urn:x12.org.IO5:01" xmlns:d5p1="http://www.ebxml.org/namespaces/messageHeader">com.abacus.SWSSession</PartyId>
      </From>
      <To>
        <PartyId d5p1:type="urn:x12.org.IO5:01" xmlns:d5p1="http://www.ebxml.org/namespaces/messageHeader">webservices.sabre.com</PartyId>
      </To>
      <ConversationId>8dad8dff-8694-4589-95df-f8edec61d48c@com.abacus.SWSSession</ConversationId>
      <Service d4p1:type="Sabre Trip Management" xmlns:d4p1="http://www.ebxml.org/namespaces/messageHeader">SabreCommandLLSRQ</Service>
      <Action>SabreCommandLLSRQ</Action>
      <MessageData>
        <MessageId>34660404-3d6c-485c-83b8-01018cd7e2cd@com.abacus.SWSSession</MessageId>
        <Timestamp>2026-08-03T09:05:36</Timestamp>
      </MessageData>
    </MessageHeader>
    <Security xmlns="http://schemas.xmlsoap.org/ws/2002/12/secext">
      <BinarySecurityToken>Shared/IDL:IceSess\/SessMgr:1\.0.IDL/Common/!ICESMS\/RESF!ICESMSLB\/RES.LB!1785747927971!6359!517</BinarySecurityToken>
    </Security>
  </soap:Header>
  <soap:Body>
    <SabreCommandLLSRQ Version="2.0.0" ReturnHostCommand="true" xmlns="http://webservices.sabre.com/sabreXML/2011/10">
      <Request Output="SCREEN">
        <HostCommand>QR</HostCommand>
      </Request>
    </SabreCommandLLSRQ>
  </soap:Body>
</soap:Envelope>]]></Request><Response><![CDATA[<?xml version="1.0" encoding="UTF-8"?>
<soap-env:Envelope xmlns:soap-env="http://schemas.xmlsoap.org/soap/envelope/"><soap-env:Header><eb:MessageHeader xmlns:eb="http://www.ebxml.org/namespaces/messageHeader" eb:version="1.0" soap-env:mustUnderstand="1"><eb:From><eb:PartyId eb:type="urn:x12.org.IO5:01">webservices.sabre.com</eb:PartyId></eb:From><eb:To><eb:PartyId eb:type="urn:x12.org.IO5:01">com.abacus.SWSSession</eb:PartyId></eb:To><eb:ConversationId>8dad8dff-8694-4589-95df-f8edec61d48c@com.abacus.SWSSession</eb:ConversationId><eb:Service eb:type="Sabre Trip Management">SabreCommandLLSRQ</eb:Service><eb:Action>SabreCommandLLSRS</eb:Action><eb:MessageData><eb:MessageId>3195672327348570140</eb:MessageId><eb:Timestamp>2026-08-03T09:05:34</eb:Timestamp><eb:RefToMessageId>34660404-3d6c-485c-83b8-01018cd7e2cd@com.abacus.SWSSession</eb:RefToMessageId></eb:MessageData></eb:MessageHeader><wsse:Security xmlns:wsse="http://schemas.xmlsoap.org/ws/2002/12/secext"><wsse:BinarySecurityToken valueType="String" EncodingType="wsse:Base64Binary">Shared/IDL:IceSess\/SessMgr:1\.0.IDL/Common/!ICESMS\/RESF!ICESMSLB\/RES.LB!1785747927971!6359!517</wsse:BinarySecurityToken></wsse:Security></soap-env:Header><soap-env:Body><SabreCommandLLSRS xmlns="http://webservices.sabre.com/sabreXML/2011/10" xmlns:xs="http://www.w3.org/2001/XMLSchema" xmlns:xsi="http://www.w3.org/2001/XMLSchema-instance" xmlns:stl="http://services.sabre.com/STL/v01" Version="2.0.0">
 <stl:ApplicationResults status="Complete">
  <stl:Success timeStamp="2026-08-03T09:05:34Z">
   <stl:SystemSpecificResults>
    <stl:HostCommand LNIATA="641EEE">QR</stl:HostCommand>
   </stl:SystemSpecificResults>
  </stl:Success>
 </stl:ApplicationResults>
 <Response>CANNOT DO THIS IF OFF QUEUE
</Response>
</SabreCommandLLSRS></soap-env:Body></soap-env:Envelope>]]></Response></ApiLog>","PCC:HO PCC|Command:QR|HTTP:200|Status:SUCCESS","2026-08-03 14:35:35",,,0,"2026-08-03 14:35:35",0
4718,052e59d184944592b672,QueuePolling,0,,0,,SabreQueueMCP,QUEUE,QueueTextSource,I,SUCCESS,"<ApiLog><Request><![CDATA[<?xml version="1.0" encoding="utf-8"?>
<soap:Envelope xmlns:soap="http://schemas.xmlsoap.org/soap/envelope/" xmlns:xsi="http://www.w3.org/2001/XMLSchema-instance" xmlns:xsd="http://www.w3.org/2001/XMLSchema">
  <soap:Header>
    <MessageHeader xmlns="http://www.ebxml.org/namespaces/messageHeader">
      <From>
        <PartyId d5p1:type="urn:x12.org.IO5:01" xmlns:d5p1="http://www.ebxml.org/namespaces/messageHeader">com.abacus.SWSSession</PartyId>
      </From>
      <To>
        <PartyId d5p1:type="urn:x12.org.IO5:01" xmlns:d5p1="http://www.ebxml.org/namespaces/messageHeader">webservices.sabre.com</PartyId>
      </To>
      <ConversationId>8dad8dff-8694-4589-95df-f8edec61d48c@com.abacus.SWSSession</ConversationId>
      <Service d4p1:type="Sabre Trip Management" xmlns:d4p1="http://www.ebxml.org/namespaces/messageHeader">SabreCommandLLSRQ</Service>
      <Action>SabreCommandLLSRQ</Action>
      <MessageData>
        <MessageId>20d25dfe-a194-4457-93f5-5e690d74c1f8@com.abacus.SWSSession</MessageId>
        <Timestamp>2026-08-03T09:05:36</Timestamp>
      </MessageData>
    </MessageHeader>
    <Security xmlns="http://schemas.xmlsoap.org/ws/2002/12/secext">
      <BinarySecurityToken>Shared/IDL:IceSess\/SessMgr:1\.0.IDL/Common/!ICESMS\/RESF!ICESMSLB\/RES.LB!1785747927971!6359!517</BinarySecurityToken>
    </Security>
  </soap:Header>
  <soap:Body>
    <SabreCommandLLSRQ Version="2.0.0" ReturnHostCommand="true" xmlns="http://webservices.sabre.com/sabreXML/2011/10">
      <Request Output="SCREEN">
        <HostCommand>I</HostCommand>
      </Request>
    </SabreCommandLLSRQ>
  </soap:Body>
</soap:Envelope>]]></Request><Response><![CDATA[<?xml version="1.0" encoding="UTF-8"?>
<soap-env:Envelope xmlns:soap-env="http://schemas.xmlsoap.org/soap/envelope/"><soap-env:Header><eb:MessageHeader xmlns:eb="http://www.ebxml.org/namespaces/messageHeader" eb:version="1.0" soap-env:mustUnderstand="1"><eb:From><eb:PartyId eb:type="urn:x12.org.IO5:01">webservices.sabre.com</eb:PartyId></eb:From><eb:To><eb:PartyId eb:type="urn:x12.org.IO5:01">com.abacus.SWSSession</eb:PartyId></eb:To><eb:ConversationId>8dad8dff-8694-4589-95df-f8edec61d48c@com.abacus.SWSSession</eb:ConversationId><eb:Service eb:type="Sabre Trip Management">SabreCommandLLSRQ</eb:Service><eb:Action>SabreCommandLLSRS</eb:Action><eb:MessageData><eb:MessageId>3195713327352791090</eb:MessageId><eb:Timestamp>2026-08-03T09:05:35</eb:Timestamp><eb:RefToMessageId>20d25dfe-a194-4457-93f5-5e690d74c1f8@com.abacus.SWSSession</eb:RefToMessageId></eb:MessageData></eb:MessageHeader><wsse:Security xmlns:wsse="http://schemas.xmlsoap.org/ws/2002/12/secext"><wsse:BinarySecurityToken valueType="String" EncodingType="wsse:Base64Binary">Shared/IDL:IceSess\/SessMgr:1\.0.IDL/Common/!ICESMS\/RESF!ICESMSLB\/RES.LB!1785747927971!6359!517</wsse:BinarySecurityToken></wsse:Security></soap-env:Header><soap-env:Body><SabreCommandLLSRS xmlns="http://webservices.sabre.com/sabreXML/2011/10" xmlns:xs="http://www.w3.org/2001/XMLSchema" xmlns:xsi="http://www.w3.org/2001/XMLSchema-instance" xmlns:stl="http://services.sabre.com/STL/v01" Version="2.0.0">
 <stl:ApplicationResults status="Complete">
  <stl:Success timeStamp="2026-08-03T09:05:35Z">
   <stl:SystemSpecificResults>
    <stl:HostCommand LNIATA="641EEE">I</stl:HostCommand>
   </stl:SystemSpecificResults>
  </stl:Success>
 </stl:ApplicationResults>
 <Response>IGD </Response>
</SabreCommandLLSRS></soap-env:Body></soap-env:Envelope>]]></Response></ApiLog>","PCC:HO PCC|Command:I|HTTP:200|Status:SUCCESS","2026-08-03 14:35:35",,,0,"2026-08-03 14:35:35",0
4719,052e59d184944592b672,QueuePolling,0,,0,,SabreQueueMCP,QUEUE,QueueTextSource,EWR,SUCCESS,"<ApiLog><Request><![CDATA[<?xml version="1.0" encoding="utf-8"?>
<soap:Envelope xmlns:soap="http://schemas.xmlsoap.org/soap/envelope/" xmlns:xsi="http://www.w3.org/2001/XMLSchema-instance" xmlns:xsd="http://www.w3.org/2001/XMLSchema">
  <soap:Header>
    <MessageHeader xmlns="http://www.ebxml.org/namespaces/messageHeader">
      <From>
        <PartyId d5p1:type="urn:x12.org.IO5:01" xmlns:d5p1="http://www.ebxml.org/namespaces/messageHeader">com.abacus.SWSSession</PartyId>
      </From>
      <To>
        <PartyId d5p1:type="urn:x12.org.IO5:01" xmlns:d5p1="http://www.ebxml.org/namespaces/messageHeader">webservices.sabre.com</PartyId>
      </To>
      <ConversationId>8dad8dff-8694-4589-95df-f8edec61d48c@com.abacus.SWSSession</ConversationId>
      <Service d4p1:type="Sabre Trip Management" xmlns:d4p1="http://www.ebxml.org/namespaces/messageHeader">SabreCommandLLSRQ</Service>
      <Action>SabreCommandLLSRQ</Action>
      <MessageData>
        <MessageId>c55fb45b-04b2-4524-aeb4-b7b02bb57c55@com.abacus.SWSSession</MessageId>
        <Timestamp>2026-08-03T09:05:37</Timestamp>
      </MessageData>
    </MessageHeader>
    <Security xmlns="http://schemas.xmlsoap.org/ws/2002/12/secext">
      <BinarySecurityToken>Shared/IDL:IceSess\/SessMgr:1\.0.IDL/Common/!ICESMS\/RESF!ICESMSLB\/RES.LB!1785747927971!6359!517</BinarySecurityToken>
    </Security>
  </soap:Header>
  <soap:Body>
    <SabreCommandLLSRQ Version="2.0.0" ReturnHostCommand="true" xmlns="http://webservices.sabre.com/sabreXML/2011/10">
      <Request Output="SCREEN">
        <HostCommand>EWR</HostCommand>
      </Request>
    </SabreCommandLLSRQ>
  </soap:Body>
</soap:Envelope>]]></Request><Response><![CDATA[<?xml version="1.0" encoding="UTF-8"?>
<soap-env:Envelope xmlns:soap-env="http://schemas.xmlsoap.org/soap/envelope/"><soap-env:Header><eb:MessageHeader xmlns:eb="http://www.ebxml.org/namespaces/messageHeader" eb:version="1.0" soap-env:mustUnderstand="1"><eb:From><eb:PartyId eb:type="urn:x12.org.IO5:01">webservices.sabre.com</eb:PartyId></eb:From><eb:To><eb:PartyId eb:type="urn:x12.org.IO5:01">com.abacus.SWSSession</eb:PartyId></eb:To><eb:ConversationId>8dad8dff-8694-4589-95df-f8edec61d48c@com.abacus.SWSSession</eb:ConversationId><eb:Service eb:type="Sabre Trip Management">SabreCommandLLSRQ</eb:Service><eb:Action>SabreCommandLLSRS</eb:Action><eb:MessageData><eb:MessageId>3195756327356850140</eb:MessageId><eb:Timestamp>2026-08-03T09:05:35</eb:Timestamp><eb:RefToMessageId>c55fb45b-04b2-4524-aeb4-b7b02bb57c55@com.abacus.SWSSession</eb:RefToMessageId></eb:MessageData></eb:MessageHeader><wsse:Security xmlns:wsse="http://schemas.xmlsoap.org/ws/2002/12/secext"><wsse:BinarySecurityToken valueType="String" EncodingType="wsse:Base64Binary">Shared/IDL:IceSess\/SessMgr:1\.0.IDL/Common/!ICESMS\/RESF!ICESMSLB\/RES.LB!1785747927971!6359!517</wsse:BinarySecurityToken></wsse:Security></soap-env:Header><soap-env:Body><SabreCommandLLSRS xmlns="http://webservices.sabre.com/sabreXML/2011/10" xmlns:xs="http://www.w3.org/2001/XMLSchema" xmlns:xsi="http://www.w3.org/2001/XMLSchema-instance" xmlns:stl="http://services.sabre.com/STL/v01" Version="2.0.0">
 <stl:ApplicationResults status="Complete">
  <stl:Success timeStamp="2026-08-03T09:05:35Z">
   <stl:SystemSpecificResults>
    <stl:HostCommand LNIATA="641EEE">EWR</stl:HostCommand>
   </stl:SystemSpecificResults>
  </stl:Success>
 </stl:ApplicationResults>
 <Response>ITINERARY REQUIRED TO COMPLETE TRANSACTION</Response>
</SabreCommandLLSRS></soap-env:Body></soap-env:Envelope>]]></Response></ApiLog>","PCC:HO PCC|Command:EWR|HTTP:200|Status:SUCCESS","2026-08-03 14:35:35",,,0,"2026-08-03 14:35:35",0
4715,052e59d184944592b672,QueuePolling,0,,0,,SabreQueueMCP,QUEUE,QueueTextSource,I,SUCCESS,"<ApiLog><Request><![CDATA[<?xml version="1.0" encoding="utf-8"?>
<soap:Envelope xmlns:soap="http://schemas.xmlsoap.org/soap/envelope/" xmlns:xsi="http://www.w3.org/2001/XMLSchema-instance" xmlns:xsd="http://www.w3.org/2001/XMLSchema">
  <soap:Header>
    <MessageHeader xmlns="http://www.ebxml.org/namespaces/messageHeader">
      <From>
        <PartyId d5p1:type="urn:x12.org.IO5:01" xmlns:d5p1="http://www.ebxml.org/namespaces/messageHeader">com.abacus.SWSSession</PartyId>
      </From>
      <To>
        <PartyId d5p1:type="urn:x12.org.IO5:01" xmlns:d5p1="http://www.ebxml.org/namespaces/messageHeader">webservices.sabre.com</PartyId>
      </To>
      <ConversationId>8dad8dff-8694-4589-95df-f8edec61d48c@com.abacus.SWSSession</ConversationId>
      <Service d4p1:type="Sabre Trip Management" xmlns:d4p1="http://www.ebxml.org/namespaces/messageHeader">SabreCommandLLSRQ</Service>
      <Action>SabreCommandLLSRQ</Action>
      <MessageData>
        <MessageId>87cad36f-45ff-4a1d-8f2d-53b6798386e6@com.abacus.SWSSession</MessageId>
        <Timestamp>2026-08-03T09:05:35</Timestamp>
      </MessageData>
    </MessageHeader>
    <Security xmlns="http://schemas.xmlsoap.org/ws/2002/12/secext">
      <BinarySecurityToken>Shared/IDL:IceSess\/SessMgr:1\.0.IDL/Common/!ICESMS\/RESF!ICESMSLB\/RES.LB!1785747927971!6359!517</BinarySecurityToken>
    </Security>
  </soap:Header>
  <soap:Body>
    <SabreCommandLLSRQ Version="2.0.0" ReturnHostCommand="true" xmlns="http://webservices.sabre.com/sabreXML/2011/10">
      <Request Output="SCREEN">
        <HostCommand>I</HostCommand>
      </Request>
    </SabreCommandLLSRQ>
  </soap:Body>
</soap:Envelope>]]></Request><Response><![CDATA[<?xml version="1.0" encoding="UTF-8"?>
<soap-env:Envelope xmlns:soap-env="http://schemas.xmlsoap.org/soap/envelope/"><soap-env:Header><eb:MessageHeader xmlns:eb="http://www.ebxml.org/namespaces/messageHeader" eb:version="1.0" soap-env:mustUnderstand="1"><eb:From><eb:PartyId eb:type="urn:x12.org.IO5:01">webservices.sabre.com</eb:PartyId></eb:From><eb:To><eb:PartyId eb:type="urn:x12.org.IO5:01">com.abacus.SWSSession</eb:PartyId></eb:To><eb:ConversationId>8dad8dff-8694-4589-95df-f8edec61d48c@com.abacus.SWSSession</eb:ConversationId><eb:Service eb:type="Sabre Trip Management">SabreCommandLLSRQ</eb:Service><eb:Action>SabreCommandLLSRS</eb:Action><eb:MessageData><eb:MessageId>3195586327340302500</eb:MessageId><eb:Timestamp>2026-08-03T09:05:34</eb:Timestamp><eb:RefToMessageId>87cad36f-45ff-4a1d-8f2d-53b6798386e6@com.abacus.SWSSession</eb:RefToMessageId></eb:MessageData></eb:MessageHeader><wsse:Security xmlns:wsse="http://schemas.xmlsoap.org/ws/2002/12/secext"><wsse:BinarySecurityToken valueType="String" EncodingType="wsse:Base64Binary">Shared/IDL:IceSess\/SessMgr:1\.0.IDL/Common/!ICESMS\/RESF!ICESMSLB\/RES.LB!1785747927971!6359!517</wsse:BinarySecurityToken></wsse:Security></soap-env:Header><soap-env:Body><SabreCommandLLSRS xmlns="http://webservices.sabre.com/sabreXML/2011/10" xmlns:xs="http://www.w3.org/2001/XMLSchema" xmlns:xsi="http://www.w3.org/2001/XMLSchema-instance" xmlns:stl="http://services.sabre.com/STL/v01" Version="2.0.0">
 <stl:ApplicationResults status="Complete">
  <stl:Success timeStamp="2026-08-03T09:05:34Z">
   <stl:SystemSpecificResults>
    <stl:HostCommand LNIATA="641EEE">I</stl:HostCommand>
   </stl:SystemSpecificResults>
  </stl:Success>
 </stl:ApplicationResults>
 <Response>IGD </Response>
</SabreCommandLLSRS></soap-env:Body></soap-env:Envelope>]]></Response></ApiLog>","PCC:HO PCC|Command:I|HTTP:200|Status:SUCCESS","2026-08-03 14:35:34",,,0,"2026-08-03 14:35:34",0
4716,052e59d184944592b672,QueuePolling,0,,0,,SabreQueueMCP,QUEUE,QueueTextSource,EWR,SUCCESS,"<ApiLog><Request><![CDATA[<?xml version="1.0" encoding="utf-8"?>
<soap:Envelope xmlns:soap="http://schemas.xmlsoap.org/soap/envelope/" xmlns:xsi="http://www.w3.org/2001/XMLSchema-instance" xmlns:xsd="http://www.w3.org/2001/XMLSchema">
  <soap:Header>
    <MessageHeader xmlns="http://www.ebxml.org/namespaces/messageHeader">
      <From>
        <PartyId d5p1:type="urn:x12.org.IO5:01" xmlns:d5p1="http://www.ebxml.org/namespaces/messageHeader">com.abacus.SWSSession</PartyId>
      </From>
      <To>
        <PartyId d5p1:type="urn:x12.org.IO5:01" xmlns:d5p1="http://www.ebxml.org/namespaces/messageHeader">webservices.sabre.com</PartyId>
      </To>
      <ConversationId>8dad8dff-8694-4589-95df-f8edec61d48c@com.abacus.SWSSession</ConversationId>
      <Service d4p1:type="Sabre Trip Management" xmlns:d4p1="http://www.ebxml.org/namespaces/messageHeader">SabreCommandLLSRQ</Service>
      <Action>SabreCommandLLSRQ</Action>
      <MessageData>
        <MessageId>b411b781-5544-4ac4-adde-c92ac4fc2872@com.abacus.SWSSession</MessageId>
        <Timestamp>2026-08-03T09:05:35</Timestamp>
      </MessageData>
    </MessageHeader>
    <Security xmlns="http://schemas.xmlsoap.org/ws/2002/12/secext">
      <BinarySecurityToken>Shared/IDL:IceSess\/SessMgr:1\.0.IDL/Common/!ICESMS\/RESF!ICESMSLB\/RES.LB!1785747927971!6359!517</BinarySecurityToken>
    </Security>
  </soap:Header>
  <soap:Body>
    <SabreCommandLLSRQ Version="2.0.0" ReturnHostCommand="true" xmlns="http://webservices.sabre.com/sabreXML/2011/10">
      <Request Output="SCREEN">
        <HostCommand>EWR</HostCommand>
      </Request>
    </SabreCommandLLSRQ>
  </soap:Body>
</soap:Envelope>]]></Request><Response><![CDATA[<?xml version="1.0" encoding="UTF-8"?>
<soap-env:Envelope xmlns:soap-env="http://schemas.xmlsoap.org/soap/envelope/"><soap-env:Header><eb:MessageHeader xmlns:eb="http://www.ebxml.org/namespaces/messageHeader" eb:version="1.0" soap-env:mustUnderstand="1"><eb:From><eb:PartyId eb:type="urn:x12.org.IO5:01">webservices.sabre.com</eb:PartyId></eb:From><eb:To><eb:PartyId eb:type="urn:x12.org.IO5:01">com.abacus.SWSSession</eb:PartyId></eb:To><eb:ConversationId>8dad8dff-8694-4589-95df-f8edec61d48c@com.abacus.SWSSession</eb:ConversationId><eb:Service eb:type="Sabre Trip Management">SabreCommandLLSRQ</eb:Service><eb:Action>SabreCommandLLSRS</eb:Action><eb:MessageData><eb:MessageId>3195641327344590590</eb:MessageId><eb:Timestamp>2026-08-03T09:05:34</eb:Timestamp><eb:RefToMessageId>b411b781-5544-4ac4-adde-c92ac4fc2872@com.abacus.SWSSession</eb:RefToMessageId></eb:MessageData></eb:MessageHeader><wsse:Security xmlns:wsse="http://schemas.xmlsoap.org/ws/2002/12/secext"><wsse:BinarySecurityToken valueType="String" EncodingType="wsse:Base64Binary">Shared/IDL:IceSess\/SessMgr:1\.0.IDL/Common/!ICESMS\/RESF!ICESMSLB\/RES.LB!1785747927971!6359!517</wsse:BinarySecurityToken></wsse:Security></soap-env:Header><soap-env:Body><SabreCommandLLSRS xmlns="http://webservices.sabre.com/sabreXML/2011/10" xmlns:xs="http://www.w3.org/2001/XMLSchema" xmlns:xsi="http://www.w3.org/2001/XMLSchema-instance" xmlns:stl="http://services.sabre.com/STL/v01" Version="2.0.0">
 <stl:ApplicationResults status="Complete">
  <stl:Success timeStamp="2026-08-03T09:05:34Z">
   <stl:SystemSpecificResults>
    <stl:HostCommand LNIATA="641EEE">EWR</stl:HostCommand>
   </stl:SystemSpecificResults>
  </stl:Success>
 </stl:ApplicationResults>
 <Response>ITINERARY REQUIRED TO COMPLETE TRANSACTION</Response>
</SabreCommandLLSRS></soap-env:Body></soap-env:Envelope>]]></Response></ApiLog>","PCC:HO PCC|Command:EWR|HTTP:200|Status:SUCCESS","2026-08-03 14:35:34",,,0,"2026-08-03 14:35:34",0
4713,052e59d184944592b672,QueuePolling,0,,0,,SabreQueueMCP,QUEUE,QueueTextSource,EWR,SUCCESS,"<ApiLog><Request><![CDATA[<?xml version="1.0" encoding="utf-8"?>
<soap:Envelope xmlns:soap="http://schemas.xmlsoap.org/soap/envelope/" xmlns:xsi="http://www.w3.org/2001/XMLSchema-instance" xmlns:xsd="http://www.w3.org/2001/XMLSchema">
  <soap:Header>
    <MessageHeader xmlns="http://www.ebxml.org/namespaces/messageHeader">
      <From>
        <PartyId d5p1:type="urn:x12.org.IO5:01" xmlns:d5p1="http://www.ebxml.org/namespaces/messageHeader">com.abacus.SWSSession</PartyId>
      </From>
      <To>
        <PartyId d5p1:type="urn:x12.org.IO5:01" xmlns:d5p1="http://www.ebxml.org/namespaces/messageHeader">webservices.sabre.com</PartyId>
      </To>
      <ConversationId>8dad8dff-8694-4589-95df-f8edec61d48c@com.abacus.SWSSession</ConversationId>
      <Service d4p1:type="Sabre Trip Management" xmlns:d4p1="http://www.ebxml.org/namespaces/messageHeader">SabreCommandLLSRQ</Service>
      <Action>SabreCommandLLSRQ</Action>
      <MessageData>
        <MessageId>e9710595-bdd3-4176-b0bc-eff500a9e0a2@com.abacus.SWSSession</MessageId>
        <Timestamp>2026-08-03T09:05:34</Timestamp>
      </MessageData>
    </MessageHeader>
    <Security xmlns="http://schemas.xmlsoap.org/ws/2002/12/secext">
      <BinarySecurityToken>Shared/IDL:IceSess\/SessMgr:1\.0.IDL/Common/!ICESMS\/RESF!ICESMSLB\/RES.LB!1785747927971!6359!517</BinarySecurityToken>
    </Security>
  </soap:Header>
  <soap:Body>
    <SabreCommandLLSRQ Version="2.0.0" ReturnHostCommand="true" xmlns="http://webservices.sabre.com/sabreXML/2011/10">
      <Request Output="SCREEN">
        <HostCommand>EWR</HostCommand>
      </Request>
    </SabreCommandLLSRQ>
  </soap:Body>
</soap:Envelope>]]></Request><Response><![CDATA[<?xml version="1.0" encoding="UTF-8"?>
<soap-env:Envelope xmlns:soap-env="http://schemas.xmlsoap.org/soap/envelope/"><soap-env:Header><eb:MessageHeader xmlns:eb="http://www.ebxml.org/namespaces/messageHeader" eb:version="1.0" soap-env:mustUnderstand="1"><eb:From><eb:PartyId eb:type="urn:x12.org.IO5:01">webservices.sabre.com</eb:PartyId></eb:From><eb:To><eb:PartyId eb:type="urn:x12.org.IO5:01">com.abacus.SWSSession</eb:PartyId></eb:To><eb:ConversationId>8dad8dff-8694-4589-95df-f8edec61d48c@com.abacus.SWSSession</eb:ConversationId><eb:Service eb:type="Sabre Trip Management">SabreCommandLLSRQ</eb:Service><eb:Action>SabreCommandLLSRS</eb:Action><eb:MessageData><eb:MessageId>3195488327330072090</eb:MessageId><eb:Timestamp>2026-08-03T09:05:33</eb:Timestamp><eb:RefToMessageId>e9710595-bdd3-4176-b0bc-eff500a9e0a2@com.abacus.SWSSession</eb:RefToMessageId></eb:MessageData></eb:MessageHeader><wsse:Security xmlns:wsse="http://schemas.xmlsoap.org/ws/2002/12/secext"><wsse:BinarySecurityToken valueType="String" EncodingType="wsse:Base64Binary">Shared/IDL:IceSess\/SessMgr:1\.0.IDL/Common/!ICESMS\/RESF!ICESMSLB\/RES.LB!1785747927971!6359!517</wsse:BinarySecurityToken></wsse:Security></soap-env:Header><soap-env:Body><SabreCommandLLSRS xmlns="http://webservices.sabre.com/sabreXML/2011/10" xmlns:xs="http://www.w3.org/2001/XMLSchema" xmlns:xsi="http://www.w3.org/2001/XMLSchema-instance" xmlns:stl="http://services.sabre.com/STL/v01" Version="2.0.0">
 <stl:ApplicationResults status="Complete">
  <stl:Success timeStamp="2026-08-03T09:05:33Z">
   <stl:SystemSpecificResults>
    <stl:HostCommand LNIATA="641EEE">EWR</stl:HostCommand>
   </stl:SystemSpecificResults>
  </stl:Success>
 </stl:ApplicationResults>
 <Response>ITINERARY REQUIRED TO COMPLETE TRANSACTION</Response>
</SabreCommandLLSRS></soap-env:Body></soap-env:Envelope>]]></Response></ApiLog>","PCC:HO PCC|Command:EWR|HTTP:200|Status:SUCCESS","2026-08-03 14:35:33",,,0,"2026-08-03 14:35:33",0
4714,052e59d184944592b672,QueuePolling,0,,0,,SabreQueueMCP,QUEUE,QueueTextSource,QR,SUCCESS,"<ApiLog><Request><![CDATA[<?xml version="1.0" encoding="utf-8"?>
<soap:Envelope xmlns:soap="http://schemas.xmlsoap.org/soap/envelope/" xmlns:xsi="http://www.w3.org/2001/XMLSchema-instance" xmlns:xsd="http://www.w3.org/2001/XMLSchema">
  <soap:Header>
    <MessageHeader xmlns="http://www.ebxml.org/namespaces/messageHeader">
      <From>
        <PartyId d5p1:type="urn:x12.org.IO5:01" xmlns:d5p1="http://www.ebxml.org/namespaces/messageHeader">com.abacus.SWSSession</PartyId>
      </From>
      <To>
        <PartyId d5p1:type="urn:x12.org.IO5:01" xmlns:d5p1="http://www.ebxml.org/namespaces/messageHeader">webservices.sabre.com</PartyId>
      </To>
      <ConversationId>8dad8dff-8694-4589-95df-f8edec61d48c@com.abacus.SWSSession</ConversationId>
      <Service d4p1:type="Sabre Trip Management" xmlns:d4p1="http://www.ebxml.org/namespaces/messageHeader">SabreCommandLLSRQ</Service>
      <Action>SabreCommandLLSRQ</Action>
      <MessageData>
        <MessageId>32a65c3d-c637-447f-95c3-b23a6cae9bb6@com.abacus.SWSSession</MessageId>
        <Timestamp>2026-08-03T09:05:35</Timestamp>
      </MessageData>
    </MessageHeader>
    <Security xmlns="http://schemas.xmlsoap.org/ws/2002/12/secext">
      <BinarySecurityToken>Shared/IDL:IceSess\/SessMgr:1\.0.IDL/Common/!ICESMS\/RESF!ICESMSLB\/RES.LB!1785747927971!6359!517</BinarySecurityToken>
    </Security>
  </soap:Header>
  <soap:Body>
    <SabreCommandLLSRQ Version="2.0.0" ReturnHostCommand="true" xmlns="http://webservices.sabre.com/sabreXML/2011/10">
      <Request Output="SCREEN">
        <HostCommand>QR</HostCommand>
      </Request>
    </SabreCommandLLSRQ>
  </soap:Body>
</soap:Envelope>]]></Request><Response><![CDATA[<?xml version="1.0" encoding="UTF-8"?>
<soap-env:Envelope xmlns:soap-env="http://schemas.xmlsoap.org/soap/envelope/"><soap-env:Header><eb:MessageHeader xmlns:eb="http://www.ebxml.org/namespaces/messageHeader" eb:version="1.0" soap-env:mustUnderstand="1"><eb:From><eb:PartyId eb:type="urn:x12.org.IO5:01">webservices.sabre.com</eb:PartyId></eb:From><eb:To><eb:PartyId eb:type="urn:x12.org.IO5:01">com.abacus.SWSSession</eb:PartyId></eb:To><eb:ConversationId>8dad8dff-8694-4589-95df-f8edec61d48c@com.abacus.SWSSession</eb:ConversationId><eb:Service eb:type="Sabre Trip Management">SabreCommandLLSRQ</eb:Service><eb:Action>SabreCommandLLSRS</eb:Action><eb:MessageData><eb:MessageId>3195537327335602080</eb:MessageId><eb:Timestamp>2026-08-03T09:05:33</eb:Timestamp><eb:RefToMessageId>32a65c3d-c637-447f-95c3-b23a6cae9bb6@com.abacus.SWSSession</eb:RefToMessageId></eb:MessageData></eb:MessageHeader><wsse:Security xmlns:wsse="http://schemas.xmlsoap.org/ws/2002/12/secext"><wsse:BinarySecurityToken valueType="String" EncodingType="wsse:Base64Binary">Shared/IDL:IceSess\/SessMgr:1\.0.IDL/Common/!ICESMS\/RESF!ICESMSLB\/RES.LB!1785747927971!6359!517</wsse:BinarySecurityToken></wsse:Security></soap-env:Header><soap-env:Body><SabreCommandLLSRS xmlns="http://webservices.sabre.com/sabreXML/2011/10" xmlns:xs="http://www.w3.org/2001/XMLSchema" xmlns:xsi="http://www.w3.org/2001/XMLSchema-instance" xmlns:stl="http://services.sabre.com/STL/v01" Version="2.0.0">
 <stl:ApplicationResults status="Complete">
  <stl:Success timeStamp="2026-08-03T09:05:33Z">
   <stl:SystemSpecificResults>
    <stl:HostCommand LNIATA="641EEE">QR</stl:HostCommand>
   </stl:SystemSpecificResults>
  </stl:Success>
 </stl:ApplicationResults>
 <Response>CANNOT DO THIS IF OFF QUEUE
</Response>
</SabreCommandLLSRS></soap-env:Body></soap-env:Envelope>]]></Response></ApiLog>","PCC:HO PCC|Command:QR|HTTP:200|Status:SUCCESS","2026-08-03 14:35:33",,,0,"2026-08-03 14:35:33",0
4711,052e59d184944592b672,QueuePolling,0,,0,,SabreQueueMCP,QUEUE,QueueTextSource,QR,SUCCESS,"<ApiLog><Request><![CDATA[<?xml version="1.0" encoding="utf-8"?>
<soap:Envelope xmlns:soap="http://schemas.xmlsoap.org/soap/envelope/" xmlns:xsi="http://www.w3.org/2001/XMLSchema-instance" xmlns:xsd="http://www.w3.org/2001/XMLSchema">
  <soap:Header>
    <MessageHeader xmlns="http://www.ebxml.org/namespaces/messageHeader">
      <From>
        <PartyId d5p1:type="urn:x12.org.IO5:01" xmlns:d5p1="http://www.ebxml.org/namespaces/messageHeader">com.abacus.SWSSession</PartyId>
      </From>
      <To>
        <PartyId d5p1:type="urn:x12.org.IO5:01" xmlns:d5p1="http://www.ebxml.org/namespaces/messageHeader">webservices.sabre.com</PartyId>
      </To>
      <ConversationId>8dad8dff-8694-4589-95df-f8edec61d48c@com.abacus.SWSSession</ConversationId>
      <Service d4p1:type="Sabre Trip Management" xmlns:d4p1="http://www.ebxml.org/namespaces/messageHeader">SabreCommandLLSRQ</Service>
      <Action>SabreCommandLLSRQ</Action>
      <MessageData>
        <MessageId>b32cd1c8-4d6e-4d86-974a-2ab7bb2e4113@com.abacus.SWSSession</MessageId>
        <Timestamp>2026-08-03T09:05:33</Timestamp>
      </MessageData>
    </MessageHeader>
    <Security xmlns="http://schemas.xmlsoap.org/ws/2002/12/secext">
      <BinarySecurityToken>Shared/IDL:IceSess\/SessMgr:1\.0.IDL/Common/!ICESMS\/RESF!ICESMSLB\/RES.LB!1785747927971!6359!517</BinarySecurityToken>
    </Security>
  </soap:Header>
  <soap:Body>
    <SabreCommandLLSRQ Version="2.0.0" ReturnHostCommand="true" xmlns="http://webservices.sabre.com/sabreXML/2011/10">
      <Request Output="SCREEN">
        <HostCommand>QR</HostCommand>
      </Request>
    </SabreCommandLLSRQ>
  </soap:Body>
</soap:Envelope>]]></Request><Response><![CDATA[<?xml version="1.0" encoding="UTF-8"?>
<soap-env:Envelope xmlns:soap-env="http://schemas.xmlsoap.org/soap/envelope/"><soap-env:Header><eb:MessageHeader xmlns:eb="http://www.ebxml.org/namespaces/messageHeader" eb:version="1.0" soap-env:mustUnderstand="1"><eb:From><eb:PartyId eb:type="urn:x12.org.IO5:01">webservices.sabre.com</eb:PartyId></eb:From><eb:To><eb:PartyId eb:type="urn:x12.org.IO5:01">com.abacus.SWSSession</eb:PartyId></eb:To><eb:ConversationId>8dad8dff-8694-4589-95df-f8edec61d48c@com.abacus.SWSSession</eb:ConversationId><eb:Service eb:type="Sabre Trip Management">SabreCommandLLSRQ</eb:Service><eb:Action>SabreCommandLLSRS</eb:Action><eb:MessageData><eb:MessageId>3195391327321110860</eb:MessageId><eb:Timestamp>2026-08-03T09:05:32</eb:Timestamp><eb:RefToMessageId>b32cd1c8-4d6e-4d86-974a-2ab7bb2e4113@com.abacus.SWSSession</eb:RefToMessageId></eb:MessageData></eb:MessageHeader><wsse:Security xmlns:wsse="http://schemas.xmlsoap.org/ws/2002/12/secext"><wsse:BinarySecurityToken valueType="String" EncodingType="wsse:Base64Binary">Shared/IDL:IceSess\/SessMgr:1\.0.IDL/Common/!ICESMS\/RESF!ICESMSLB\/RES.LB!1785747927971!6359!517</wsse:BinarySecurityToken></wsse:Security></soap-env:Header><soap-env:Body><SabreCommandLLSRS xmlns="http://webservices.sabre.com/sabreXML/2011/10" xmlns:xs="http://www.w3.org/2001/XMLSchema" xmlns:xsi="http://www.w3.org/2001/XMLSchema-instance" xmlns:stl="http://services.sabre.com/STL/v01" Version="2.0.0">
 <stl:ApplicationResults status="Complete">
  <stl:Success timeStamp="2026-08-03T09:05:32Z">
   <stl:SystemSpecificResults>
    <stl:HostCommand LNIATA="641EEE">QR</stl:HostCommand>
   </stl:SystemSpecificResults>
  </stl:Success>
 </stl:ApplicationResults>
 <Response>END OF DISPLAY FOR REQUESTED DATA</Response>
</SabreCommandLLSRS></soap-env:Body></soap-env:Envelope>]]></Response></ApiLog>","PCC:HO PCC|Command:QR|HTTP:200|Status:SUCCESS","2026-08-03 14:35:32",,,0,"2026-08-03 14:35:32",0
4712,052e59d184944592b672,QueuePolling,0,,0,,SabreQueueMCP,QUEUE,QueueTextSource,I,SUCCESS,"<ApiLog><Request><![CDATA[<?xml version="1.0" encoding="utf-8"?>
<soap:Envelope xmlns:soap="http://schemas.xmlsoap.org/soap/envelope/" xmlns:xsi="http://www.w3.org/2001/XMLSchema-instance" xmlns:xsd="http://www.w3.org/2001/XMLSchema">
  <soap:Header>
    <MessageHeader xmlns="http://www.ebxml.org/namespaces/messageHeader">
      <From>
        <PartyId d5p1:type="urn:x12.org.IO5:01" xmlns:d5p1="http://www.ebxml.org/namespaces/messageHeader">com.abacus.SWSSession</PartyId>
      </From>
      <To>
        <PartyId d5p1:type="urn:x12.org.IO5:01" xmlns:d5p1="http://www.ebxml.org/namespaces/messageHeader">webservices.sabre.com</PartyId>
      </To>
      <ConversationId>8dad8dff-8694-4589-95df-f8edec61d48c@com.abacus.SWSSession</ConversationId>
      <Service d4p1:type="Sabre Trip Management" xmlns:d4p1="http://www.ebxml.org/namespaces/messageHeader">SabreCommandLLSRQ</Service>
      <Action>SabreCommandLLSRQ</Action>
      <MessageData>
        <MessageId>df15af37-42f9-4270-b838-ec9fd5130d82@com.abacus.SWSSession</MessageId>
        <Timestamp>2026-08-03T09:05:34</Timestamp>
      </MessageData>
    </MessageHeader>
    <Security xmlns="http://schemas.xmlsoap.org/ws/2002/12/secext">
      <BinarySecurityToken>Shared/IDL:IceSess\/SessMgr:1\.0.IDL/Common/!ICESMS\/RESF!ICESMSLB\/RES.LB!1785747927971!6359!517</BinarySecurityToken>
    </Security>
  </soap:Header>
  <soap:Body>
    <SabreCommandLLSRQ Version="2.0.0" ReturnHostCommand="true" xmlns="http://webservices.sabre.com/sabreXML/2011/10">
      <Request Output="SCREEN">
        <HostCommand>I</HostCommand>
      </Request>
    </SabreCommandLLSRQ>
  </soap:Body>
</soap:Envelope>]]></Request><Response><![CDATA[<?xml version="1.0" encoding="UTF-8"?>
<soap-env:Envelope xmlns:soap-env="http://schemas.xmlsoap.org/soap/envelope/"><soap-env:Header><eb:MessageHeader xmlns:eb="http://www.ebxml.org/namespaces/messageHeader" eb:version="1.0" soap-env:mustUnderstand="1"><eb:From><eb:PartyId eb:type="urn:x12.org.IO5:01">webservices.sabre.com</eb:PartyId></eb:From><eb:To><eb:PartyId eb:type="urn:x12.org.IO5:01">com.abacus.SWSSession</eb:PartyId></eb:To><eb:ConversationId>8dad8dff-8694-4589-95df-f8edec61d48c@com.abacus.SWSSession</eb:ConversationId><eb:Service eb:type="Sabre Trip Management">SabreCommandLLSRQ</eb:Service><eb:Action>SabreCommandLLSRS</eb:Action><eb:MessageData><eb:MessageId>3195420327326052440</eb:MessageId><eb:Timestamp>2026-08-03T09:05:32</eb:Timestamp><eb:RefToMessageId>df15af37-42f9-4270-b838-ec9fd5130d82@com.abacus.SWSSession</eb:RefToMessageId></eb:MessageData></eb:MessageHeader><wsse:Security xmlns:wsse="http://schemas.xmlsoap.org/ws/2002/12/secext"><wsse:BinarySecurityToken valueType="String" EncodingType="wsse:Base64Binary">Shared/IDL:IceSess\/SessMgr:1\.0.IDL/Common/!ICESMS\/RESF!ICESMSLB\/RES.LB!1785747927971!6359!517</wsse:BinarySecurityToken></wsse:Security></soap-env:Header><soap-env:Body><SabreCommandLLSRS xmlns="http://webservices.sabre.com/sabreXML/2011/10" xmlns:xs="http://www.w3.org/2001/XMLSchema" xmlns:xsi="http://www.w3.org/2001/XMLSchema-instance" xmlns:stl="http://services.sabre.com/STL/v01" Version="2.0.0">
 <stl:ApplicationResults status="Complete">
  <stl:Success timeStamp="2026-08-03T09:05:32Z">
   <stl:SystemSpecificResults>
    <stl:HostCommand LNIATA="641EEE">I</stl:HostCommand>
   </stl:SystemSpecificResults>
  </stl:Success>
 </stl:ApplicationResults>
 <Response>IGD </Response>
</SabreCommandLLSRS></soap-env:Body></soap-env:Envelope>]]></Response></ApiLog>","PCC:HO PCC|Command:I|HTTP:200|Status:SUCCESS","2026-08-03 14:35:32",,,0,"2026-08-03 14:35:32",0
4708,052e59d184944592b672,QueuePolling,0,,0,,SabreQueueMCP,QUEUE,QueueTextSource,QR,SUCCESS,"<ApiLog><Request><![CDATA[<?xml version="1.0" encoding="utf-8"?>
<soap:Envelope xmlns:soap="http://schemas.xmlsoap.org/soap/envelope/" xmlns:xsi="http://www.w3.org/2001/XMLSchema-instance" xmlns:xsd="http://www.w3.org/2001/XMLSchema">
  <soap:Header>
    <MessageHeader xmlns="http://www.ebxml.org/namespaces/messageHeader">
      <From>
        <PartyId d5p1:type="urn:x12.org.IO5:01" xmlns:d5p1="http://www.ebxml.org/namespaces/messageHeader">com.abacus.SWSSession</PartyId>
      </From>
      <To>
        <PartyId d5p1:type="urn:x12.org.IO5:01" xmlns:d5p1="http://www.ebxml.org/namespaces/messageHeader">webservices.sabre.com</PartyId>
      </To>
      <ConversationId>8dad8dff-8694-4589-95df-f8edec61d48c@com.abacus.SWSSession</ConversationId>
      <Service d4p1:type="Sabre Trip Management" xmlns:d4p1="http://www.ebxml.org/namespaces/messageHeader">SabreCommandLLSRQ</Service>
      <Action>SabreCommandLLSRQ</Action>
      <MessageData>
        <MessageId>c07e7d76-eee1-4cd9-a62c-d1396866191b@com.abacus.SWSSession</MessageId>
        <Timestamp>2026-08-03T09:05:32</Timestamp>
      </MessageData>
    </MessageHeader>
    <Security xmlns="http://schemas.xmlsoap.org/ws/2002/12/secext">
      <BinarySecurityToken>Shared/IDL:IceSess\/SessMgr:1\.0.IDL/Common/!ICESMS\/RESF!ICESMSLB\/RES.LB!1785747927971!6359!517</BinarySecurityToken>
    </Security>
  </soap:Header>
  <soap:Body>
    <SabreCommandLLSRQ Version="2.0.0" ReturnHostCommand="true" xmlns="http://webservices.sabre.com/sabreXML/2011/10">
      <Request Output="SCREEN">
        <HostCommand>QR</HostCommand>
      </Request>
    </SabreCommandLLSRQ>
  </soap:Body>
</soap:Envelope>]]></Request><Response><![CDATA[<?xml version="1.0" encoding="UTF-8"?>
<soap-env:Envelope xmlns:soap-env="http://schemas.xmlsoap.org/soap/envelope/"><soap-env:Header><eb:MessageHeader xmlns:eb="http://www.ebxml.org/namespaces/messageHeader" eb:version="1.0" soap-env:mustUnderstand="1"><eb:From><eb:PartyId eb:type="urn:x12.org.IO5:01">webservices.sabre.com</eb:PartyId></eb:From><eb:To><eb:PartyId eb:type="urn:x12.org.IO5:01">com.abacus.SWSSession</eb:PartyId></eb:To><eb:ConversationId>8dad8dff-8694-4589-95df-f8edec61d48c@com.abacus.SWSSession</eb:ConversationId><eb:Service eb:type="Sabre Trip Management">SabreCommandLLSRQ</eb:Service><eb:Action>SabreCommandLLSRS</eb:Action><eb:MessageData><eb:MessageId>3195228327306510150</eb:MessageId><eb:Timestamp>2026-08-03T09:05:30</eb:Timestamp><eb:RefToMessageId>c07e7d76-eee1-4cd9-a62c-d1396866191b@com.abacus.SWSSession</eb:RefToMessageId></eb:MessageData></eb:MessageHeader><wsse:Security xmlns:wsse="http://schemas.xmlsoap.org/ws/2002/12/secext"><wsse:BinarySecurityToken valueType="String" EncodingType="wsse:Base64Binary">Shared/IDL:IceSess\/SessMgr:1\.0.IDL/Common/!ICESMS\/RESF!ICESMSLB\/RES.LB!1785747927971!6359!517</wsse:BinarySecurityToken></wsse:Security></soap-env:Header><soap-env:Body><SabreCommandLLSRS xmlns="http://webservices.sabre.com/sabreXML/2011/10" xmlns:xs="http://www.w3.org/2001/XMLSchema" xmlns:xsi="http://www.w3.org/2001/XMLSchema-instance" xmlns:stl="http://services.sabre.com/STL/v01" Version="2.0.0">
 <stl:ApplicationResults status="Complete">
  <stl:Success timeStamp="2026-08-03T09:05:30Z">
   <stl:SystemSpecificResults>
    <stl:HostCommand LNIATA="641EEE">QR</stl:HostCommand>
   </stl:SystemSpecificResults>
  </stl:Success>
 </stl:ApplicationResults>
 <Response>      024  AIR SEGMENT CANCELLED
CCLQQB
 1.1PARIKH/AMIT MR
 1 AI2794U 04AUG T NAGBOM HX1   750A  935A /DCAI*FO8LJC /E
 2 AI2794Z 04AUG T NAGBOM HK1   750A  935A /ABAI*FO8LJC /E
TKT/TIME LIMIT
  1.T-03AUG-3A78*ATT
PHONES
  1.BOM9822466566-A-1.1
PASSENGER EMAIL DATA EXISTS  *PE TO DISPLAY ALL
PASSENGER DETAIL FIELD EXISTS - USE PD TO DISPLAY
INVOICED 
ADDRESS
    AKBAR TRAVELS MUMBAI
    MAHARASHTRA
    NAGPUR 91
PRICE QUOTE RECORD - AUTOPRICED
FREQUENT TRAVELER DATA EXISTS *FF TO DISPLAY ALL
GENERAL FACTS
  1.SSR CTCM AI HK1/919822466566
  2.SSR CTCE AI HK1/MURTUZA//KOTHAWALATRAVELS.COM
  3.SSR ADTK 1B TO AI BY 03AUG 1621 BOM TIME ZONE OTHERWISE WIL
    L BE XLD
  4.OSI 1B PLEASE TICKET FARE AS PER TKT/TL IN PQ
  5.SSR OTHS 1B PLUS UPGRADE
  6.SSR BAGW AI HK1 NAGBOM2794Z04AUG/PLUSGRADE
  7.SSR FQUG AI HK1 NAGBOM2794Z04AUG-1PARIKH/AMIT MR.PLUSGRADE
  8.SSR UPGP AI HK1 NAGBOM2794Z04AUG.FROM-U/TO-Z
REMARKS
  1.ATOB2C
  2..BILL/ATIMUMBAI TICKET DESK/100898/KOTHAWALA
  3./MURTUZA//KOTHAWALATRAVELS.COM
  4./91
  5.H-AUTH-DINR/DC0270/03AUG/01401785747113462399       
  6.H-  AUTH-APV/067358/081/INR7222                     
  7.H-  AUTH-CSC NOT PROCESSED/P                        
  8.H-XXAUTH/067358/DCXXXXXXXXXX0270/AI/INR7222/03AUG/S
  9.XXTAW/
ACCOUNTING DATA
  1.  AI3929948816/      0/INR    5120/   2102/ONE/CXDCXXXXXXX
      XXX0270 1.1PARIKH AMIT MR/1/D/E
RECEIVED FROM - AT261888385
3A78.3A78*ATT 0351/03AUG26 CCLQQB H</Response>
</SabreCommandLLSRS></soap-env:Body></soap-env:Envelope>]]></Response></ApiLog>","PCC:HO PCC|Command:QR|HTTP:200|Status:SUCCESS","2026-08-03 14:35:31",,,0,"2026-08-03 14:35:31",0
4709,052e59d184944592b672,QueuePolling,0,,0,,SabreQueueMCP,QUEUE,QueueTextSource,I,SUCCESS,"<ApiLog><Request><![CDATA[<?xml version="1.0" encoding="utf-8"?>
<soap:Envelope xmlns:soap="http://schemas.xmlsoap.org/soap/envelope/" xmlns:xsi="http://www.w3.org/2001/XMLSchema-instance" xmlns:xsd="http://www.w3.org/2001/XMLSchema">
  <soap:Header>
    <MessageHeader xmlns="http://www.ebxml.org/namespaces/messageHeader">
      <From>
        <PartyId d5p1:type="urn:x12.org.IO5:01" xmlns:d5p1="http://www.ebxml.org/namespaces/messageHeader">com.abacus.SWSSession</PartyId>
      </From>
      <To>
        <PartyId d5p1:type="urn:x12.org.IO5:01" xmlns:d5p1="http://www.ebxml.org/namespaces/messageHeader">webservices.sabre.com</PartyId>
      </To>
      <ConversationId>8dad8dff-8694-4589-95df-f8edec61d48c@com.abacus.SWSSession</ConversationId>
      <Service d4p1:type="Sabre Trip Management" xmlns:d4p1="http://www.ebxml.org/namespaces/messageHeader">SabreCommandLLSRQ</Service>
      <Action>SabreCommandLLSRQ</Action>
      <MessageData>
        <MessageId>4bff58b3-8931-4a1f-b5ec-6088d2472436@com.abacus.SWSSession</MessageId>
        <Timestamp>2026-08-03T09:05:32</Timestamp>
      </MessageData>
    </MessageHeader>
    <Security xmlns="http://schemas.xmlsoap.org/ws/2002/12/secext">
      <BinarySecurityToken>Shared/IDL:IceSess\/SessMgr:1\.0.IDL/Common/!ICESMS\/RESF!ICESMSLB\/RES.LB!1785747927971!6359!517</BinarySecurityToken>
    </Security>
  </soap:Header>
  <soap:Body>
    <SabreCommandLLSRQ Version="2.0.0" ReturnHostCommand="true" xmlns="http://webservices.sabre.com/sabreXML/2011/10">
      <Request Output="SCREEN">
        <HostCommand>I</HostCommand>
      </Request>
    </SabreCommandLLSRQ>
  </soap:Body>
</soap:Envelope>]]></Request><Response><![CDATA[<?xml version="1.0" encoding="UTF-8"?>
<soap-env:Envelope xmlns:soap-env="http://schemas.xmlsoap.org/soap/envelope/"><soap-env:Header><eb:MessageHeader xmlns:eb="http://www.ebxml.org/namespaces/messageHeader" eb:version="1.0" soap-env:mustUnderstand="1"><eb:From><eb:PartyId eb:type="urn:x12.org.IO5:01">webservices.sabre.com</eb:PartyId></eb:From><eb:To><eb:PartyId eb:type="urn:x12.org.IO5:01">com.abacus.SWSSession</eb:PartyId></eb:To><eb:ConversationId>8dad8dff-8694-4589-95df-f8edec61d48c@com.abacus.SWSSession</eb:ConversationId><eb:Service eb:type="Sabre Trip Management">SabreCommandLLSRQ</eb:Service><eb:Action>SabreCommandLLSRS</eb:Action><eb:MessageData><eb:MessageId>3195278327311662080</eb:MessageId><eb:Timestamp>2026-08-03T09:05:31</eb:Timestamp><eb:RefToMessageId>4bff58b3-8931-4a1f-b5ec-6088d2472436@com.abacus.SWSSession</eb:RefToMessageId></eb:MessageData></eb:MessageHeader><wsse:Security xmlns:wsse="http://schemas.xmlsoap.org/ws/2002/12/secext"><wsse:BinarySecurityToken valueType="String" EncodingType="wsse:Base64Binary">Shared/IDL:IceSess\/SessMgr:1\.0.IDL/Common/!ICESMS\/RESF!ICESMSLB\/RES.LB!1785747927971!6359!517</wsse:BinarySecurityToken></wsse:Security></soap-env:Header><soap-env:Body><SabreCommandLLSRS xmlns="http://webservices.sabre.com/sabreXML/2011/10" xmlns:xs="http://www.w3.org/2001/XMLSchema" xmlns:xsi="http://www.w3.org/2001/XMLSchema-instance" xmlns:stl="http://services.sabre.com/STL/v01" Version="2.0.0">
 <stl:ApplicationResults status="Complete">
  <stl:Success timeStamp="2026-08-03T09:05:31Z">
   <stl:SystemSpecificResults>
    <stl:HostCommand LNIATA="641EEE">I</stl:HostCommand>
   </stl:SystemSpecificResults>
  </stl:Success>
 </stl:ApplicationResults>
 <Response>      024  AIR SEGMENT CANCELLED
KIQCIR
 1.1ANWAR/MOHAMMAD DILNAWAZ MR
 1 AI2790V 03AUG M PATBOM HK1   200P  450P /DCAI*DP8HAW /E
 2 AI2249V 03AUG M BOMDMM HX1   820P 1025P /DCAI*DP8HAW /E
 3 AI2790Q 06AUG Q PATBOM*HK1   200P  450P /ABAI*DP8HAW /E
 4 AI4249Q 07AUG F BOMDMM*HK1   420A  625A /ABAI*DP8HAW
TKT/TIME LIMIT
  1.T-30JUL-3A78*AFF
  2.TE 0982185126128 ANWAR/M SYSSYS 0402/03AUG
PHONES
  1.BOM971 43561122-A-1.1
PASSENGER EMAIL DATA EXISTS  *PE TO DISPLAY ALL
PASSENGER DETAIL FIELD EXISTS - USE PD TO DISPLAY
INVOICED 
ADDRESS
    AKBAR TRAVELS ONLINE
    DUBAI ,UAE 971
    25772
PRICE QUOTE RECORD - AUTOPRICED
SECURITY INFO EXISTS *P3D OR *P4D TO DISPLAY
GENERAL FACTS
  2.OSI AI PAX MOBILE NO 966561941824
  3.SSR OTHS 1B MISSING SSR CTCM MOBILE OR SSR CTCE EMAIL OR SS
    R CTCR NON-CONSENT FOR AI
  4.SSR ADTK 1B TO AI BY 30JUL 1908 BOM TIME ZONE OTHERWISE WIL
    L BE XLD
  6.SSR CTCM AI HK1/918797337553
  7.SSR OTHS 1B ZZ
  8.SSR ADTK 1B TO AI BY 03AUG 1632 BOM TIME ZONE OTHERWISE WIL
    L BE XLD
REMARKS
  1.ATOB2C
  2..S1 BILL/ONLINE B2C
  3.XXTAW/
ACCOUNTING DATA
  1.  AI3929937849/      0/INR   20190/   9581/ONE/CA 1.1ANWAR
       MOHAMMAD DILNAWAZ MR/1/F/E
RECEIVED FROM - SA260259775
3A78.3A78*AW2 0638/30JUL26 KIQCIR H</Response>
</SabreCommandLLSRS></soap-env:Body></soap-env:Envelope>]]></Response></ApiLog>","PCC:HO PCC|Command:I|HTTP:200|Status:SUCCESS","2026-08-03 14:35:31",,,0,"2026-08-03 14:35:31",0
4710,052e59d184944592b672,QueuePolling,0,,0,,SabreQueueMCP,QUEUE,QueueTextSource,EWR,SUCCESS,"<ApiLog><Request><![CDATA[<?xml version="1.0" encoding="utf-8"?>
<soap:Envelope xmlns:soap="http://schemas.xmlsoap.org/soap/envelope/" xmlns:xsi="http://www.w3.org/2001/XMLSchema-instance" xmlns:xsd="http://www.w3.org/2001/XMLSchema">
  <soap:Header>
    <MessageHeader xmlns="http://www.ebxml.org/namespaces/messageHeader">
      <From>
        <PartyId d5p1:type="urn:x12.org.IO5:01" xmlns:d5p1="http://www.ebxml.org/namespaces/messageHeader">com.abacus.SWSSession</PartyId>
      </From>
      <To>
        <PartyId d5p1:type="urn:x12.org.IO5:01" xmlns:d5p1="http://www.ebxml.org/namespaces/messageHeader">webservices.sabre.com</PartyId>
      </To>
      <ConversationId>8dad8dff-8694-4589-95df-f8edec61d48c@com.abacus.SWSSession</ConversationId>
      <Service d4p1:type="Sabre Trip Management" xmlns:d4p1="http://www.ebxml.org/namespaces/messageHeader">SabreCommandLLSRQ</Service>
      <Action>SabreCommandLLSRQ</Action>
      <MessageData>
        <MessageId>767b8448-61ad-4b3f-8dab-58e26c6a50d4@com.abacus.SWSSession</MessageId>
        <Timestamp>2026-08-03T09:05:33</Timestamp>
      </MessageData>
    </MessageHeader>
    <Security xmlns="http://schemas.xmlsoap.org/ws/2002/12/secext">
      <BinarySecurityToken>Shared/IDL:IceSess\/SessMgr:1\.0.IDL/Common/!ICESMS\/RESF!ICESMSLB\/RES.LB!1785747927971!6359!517</BinarySecurityToken>
    </Security>
  </soap:Header>
  <soap:Body>
    <SabreCommandLLSRQ Version="2.0.0" ReturnHostCommand="true" xmlns="http://webservices.sabre.com/sabreXML/2011/10">
      <Request Output="SCREEN">
        <HostCommand>EWR</HostCommand>
      </Request>
    </SabreCommandLLSRQ>
  </soap:Body>
</soap:Envelope>]]></Request><Response><![CDATA[<?xml version="1.0" encoding="UTF-8"?>
<soap-env:Envelope xmlns:soap-env="http://schemas.xmlsoap.org/soap/envelope/"><soap-env:Header><eb:MessageHeader xmlns:eb="http://www.ebxml.org/namespaces/messageHeader" eb:version="1.0" soap-env:mustUnderstand="1"><eb:From><eb:PartyId eb:type="urn:x12.org.IO5:01">webservices.sabre.com</eb:PartyId></eb:From><eb:To><eb:PartyId eb:type="urn:x12.org.IO5:01">com.abacus.SWSSession</eb:PartyId></eb:To><eb:ConversationId>8dad8dff-8694-4589-95df-f8edec61d48c@com.abacus.SWSSession</eb:ConversationId><eb:Service eb:type="Sabre Trip Management">SabreCommandLLSRQ</eb:Service><eb:Action>SabreCommandLLSRS</eb:Action><eb:MessageData><eb:MessageId>3195326327316830160</eb:MessageId><eb:Timestamp>2026-08-03T09:05:31</eb:Timestamp><eb:RefToMessageId>767b8448-61ad-4b3f-8dab-58e26c6a50d4@com.abacus.SWSSession</eb:RefToMessageId></eb:MessageData></eb:MessageHeader><wsse:Security xmlns:wsse="http://schemas.xmlsoap.org/ws/2002/12/secext"><wsse:BinarySecurityToken valueType="String" EncodingType="wsse:Base64Binary">Shared/IDL:IceSess\/SessMgr:1\.0.IDL/Common/!ICESMS\/RESF!ICESMSLB\/RES.LB!1785747927971!6359!517</wsse:BinarySecurityToken></wsse:Security></soap-env:Header><soap-env:Body><SabreCommandLLSRS xmlns="http://webservices.sabre.com/sabreXML/2011/10" xmlns:xs="http://www.w3.org/2001/XMLSchema" xmlns:xsi="http://www.w3.org/2001/XMLSchema-instance" xmlns:stl="http://services.sabre.com/STL/v01" Version="2.0.0">
 <stl:ApplicationResults status="Complete">
  <stl:Success timeStamp="2026-08-03T09:05:31Z">
   <stl:SystemSpecificResults>
    <stl:HostCommand LNIATA="641EEE">EWR</stl:HostCommand>
   </stl:SystemSpecificResults>
  </stl:Success>
 </stl:ApplicationResults>
 <Response>VERIFY ORDER OF ITINERARY SEGMENTS - MODIFY OR END TRANSACTION</Response>
</SabreCommandLLSRS></soap-env:Body></soap-env:Envelope>]]></Response></ApiLog>","PCC:HO PCC|Command:EWR|HTTP:200|Status:SUCCESS","2026-08-03 14:35:31",,,0,"2026-08-03 14:35:31",0
4707,052e59d184944592b672,QueuePolling,0,,0,,SabreQueueMCP,QUEUE,QueueTextSource,EWR,SUCCESS,"<ApiLog><Request><![CDATA[<?xml version="1.0" encoding="utf-8"?>
<soap:Envelope xmlns:soap="http://schemas.xmlsoap.org/soap/envelope/" xmlns:xsi="http://www.w3.org/2001/XMLSchema-instance" xmlns:xsd="http://www.w3.org/2001/XMLSchema">
  <soap:Header>
    <MessageHeader xmlns="http://www.ebxml.org/namespaces/messageHeader">
      <From>
        <PartyId d5p1:type="urn:x12.org.IO5:01" xmlns:d5p1="http://www.ebxml.org/namespaces/messageHeader">com.abacus.SWSSession</PartyId>
      </From>
      <To>
        <PartyId d5p1:type="urn:x12.org.IO5:01" xmlns:d5p1="http://www.ebxml.org/namespaces/messageHeader">webservices.sabre.com</PartyId>
      </To>
      <ConversationId>8dad8dff-8694-4589-95df-f8edec61d48c@com.abacus.SWSSession</ConversationId>
      <Service d4p1:type="Sabre Trip Management" xmlns:d4p1="http://www.ebxml.org/namespaces/messageHeader">SabreCommandLLSRQ</Service>
      <Action>SabreCommandLLSRQ</Action>
      <MessageData>
        <MessageId>f823d994-bd3e-4479-aec7-9608d6ee43f9@com.abacus.SWSSession</MessageId>
        <Timestamp>2026-08-03T09:05:31</Timestamp>
      </MessageData>
    </MessageHeader>
    <Security xmlns="http://schemas.xmlsoap.org/ws/2002/12/secext">
      <BinarySecurityToken>Shared/IDL:IceSess\/SessMgr:1\.0.IDL/Common/!ICESMS\/RESF!ICESMSLB\/RES.LB!1785747927971!6359!517</BinarySecurityToken>
    </Security>
  </soap:Header>
  <soap:Body>
    <SabreCommandLLSRQ Version="2.0.0" ReturnHostCommand="true" xmlns="http://webservices.sabre.com/sabreXML/2011/10">
      <Request Output="SCREEN">
        <HostCommand>EWR</HostCommand>
      </Request>
    </SabreCommandLLSRQ>
  </soap:Body>
</soap:Envelope>]]></Request><Response><![CDATA[<?xml version="1.0" encoding="UTF-8"?>
<soap-env:Envelope xmlns:soap-env="http://schemas.xmlsoap.org/soap/envelope/"><soap-env:Header><eb:MessageHeader xmlns:eb="http://www.ebxml.org/namespaces/messageHeader" eb:version="1.0" soap-env:mustUnderstand="1"><eb:From><eb:PartyId eb:type="urn:x12.org.IO5:01">webservices.sabre.com</eb:PartyId></eb:From><eb:To><eb:PartyId eb:type="urn:x12.org.IO5:01">com.abacus.SWSSession</eb:PartyId></eb:To><eb:ConversationId>8dad8dff-8694-4589-95df-f8edec61d48c@com.abacus.SWSSession</eb:ConversationId><eb:Service eb:type="Sabre Trip Management">SabreCommandLLSRQ</eb:Service><eb:Action>SabreCommandLLSRS</eb:Action><eb:MessageData><eb:MessageId>3195170327299571290</eb:MessageId><eb:Timestamp>2026-08-03T09:05:30</eb:Timestamp><eb:RefToMessageId>f823d994-bd3e-4479-aec7-9608d6ee43f9@com.abacus.SWSSession</eb:RefToMessageId></eb:MessageData></eb:MessageHeader><wsse:Security xmlns:wsse="http://schemas.xmlsoap.org/ws/2002/12/secext"><wsse:BinarySecurityToken valueType="String" EncodingType="wsse:Base64Binary">Shared/IDL:IceSess\/SessMgr:1\.0.IDL/Common/!ICESMS\/RESF!ICESMSLB\/RES.LB!1785747927971!6359!517</wsse:BinarySecurityToken></wsse:Security></soap-env:Header><soap-env:Body><SabreCommandLLSRS xmlns="http://webservices.sabre.com/sabreXML/2011/10" xmlns:xs="http://www.w3.org/2001/XMLSchema" xmlns:xsi="http://www.w3.org/2001/XMLSchema-instance" xmlns:stl="http://services.sabre.com/STL/v01" Version="2.0.0">
 <stl:ApplicationResults status="Complete">
  <stl:Success timeStamp="2026-08-03T09:05:30Z">
   <stl:SystemSpecificResults>
    <stl:HostCommand LNIATA="641EEE">EWR</stl:HostCommand>
   </stl:SystemSpecificResults>
  </stl:Success>
 </stl:ApplicationResults>
 <Response>OGSACB
 1.1AHMED/MD NADEEM MR
NO ITIN
TKT/TIME LIMIT
  1.TAW/
PHONES
  1.BOM9619385445-A-1.1
PASSENGER EMAIL DATA EXISTS  *PE TO DISPLAY ALL
PASSENGER DETAIL FIELD EXISTS - USE PD TO DISPLAY
ADDRESS
    AKBAR TRAVELS MUMBAI
    MAHARASHTRA
    MUMBAI 91
PRICE QUOTE RECORD - AUTOPRICED
GENERAL FACTS
  1.SSR CTCM EY HK1/919619385445
  2.SSR CTCE EY HK1/YASHSKARENTERPRISES94//GMAIL.COM
  3.SSR OTHS 1B 526513216327 - TIME LIMIT APPLIED FOR TICKETING
  4.SSR ADTK 1B TO EY BY 03AUG 1415 BOM TIME ZONE OTHERWISE WIL
    L BE XLD
  5.OSI EY APIN 200020626971
  6.SSR OTHS 1B EY CANCELLATION DUE TO NO TICKET
  7.SSR OTHS 1B CANX DUE TO LACK OF TICKET
REMARKS
  1.ATOB2C
  2..BILL/ATIMUMBAI TICKET DESK/92380/YASHSKAR E
  3./YASHSKARENTERPRISES94//GMAIL.COM
  4./91
  5.FARE OPTIMIZER END/1401 03AUG26
RECEIVED FROM - AT261880495
3A78.3A78*ATT 2145/02AUG26 OGSACB H</Response>
</SabreCommandLLSRS></soap-env:Body></soap-env:Envelope>]]></Response></ApiLog>","PCC:HO PCC|Command:EWR|HTTP:200|Status:SUCCESS","2026-08-03 14:35:30",,,0,"2026-08-03 14:35:30",0
4705,052e59d184944592b672,QueuePolling,0,,0,,SabreQueueMCP,QUEUE,QueueTextSource,Q/7,SUCCESS,"<ApiLog><Request><![CDATA[<?xml version="1.0" encoding="utf-8"?>
<soap:Envelope xmlns:soap="http://schemas.xmlsoap.org/soap/envelope/" xmlns:xsi="http://www.w3.org/2001/XMLSchema-instance" xmlns:xsd="http://www.w3.org/2001/XMLSchema">
  <soap:Header>
    <MessageHeader xmlns="http://www.ebxml.org/namespaces/messageHeader">
      <From>
        <PartyId d5p1:type="urn:x12.org.IO5:01" xmlns:d5p1="http://www.ebxml.org/namespaces/messageHeader">com.abacus.SWSSession</PartyId>
      </From>
      <To>
        <PartyId d5p1:type="urn:x12.org.IO5:01" xmlns:d5p1="http://www.ebxml.org/namespaces/messageHeader">webservices.sabre.com</PartyId>
      </To>
      <ConversationId>8dad8dff-8694-4589-95df-f8edec61d48c@com.abacus.SWSSession</ConversationId>
      <Service d4p1:type="Sabre Trip Management" xmlns:d4p1="http://www.ebxml.org/namespaces/messageHeader">SabreCommandLLSRQ</Service>
      <Action>SabreCommandLLSRQ</Action>
      <MessageData>
        <MessageId>89266383-fc21-4f67-99b0-5d8444ea3284@com.abacus.SWSSession</MessageId>
        <Timestamp>2026-08-03T09:05:29</Timestamp>
      </MessageData>
    </MessageHeader>
    <Security xmlns="http://schemas.xmlsoap.org/ws/2002/12/secext">
      <BinarySecurityToken>Shared/IDL:IceSess\/SessMgr:1\.0.IDL/Common/!ICESMS\/RESF!ICESMSLB\/RES.LB!1785747927971!6359!517</BinarySecurityToken>
    </Security>
  </soap:Header>
  <soap:Body>
    <SabreCommandLLSRQ Version="2.0.0" ReturnHostCommand="true" xmlns="http://webservices.sabre.com/sabreXML/2011/10">
      <Request Output="SCREEN">
        <HostCommand>Q/7</HostCommand>
      </Request>
    </SabreCommandLLSRQ>
  </soap:Body>
</soap:Envelope>]]></Request><Response><![CDATA[<?xml version="1.0" encoding="UTF-8"?>
<soap-env:Envelope xmlns:soap-env="http://schemas.xmlsoap.org/soap/envelope/"><soap-env:Header><eb:MessageHeader xmlns:eb="http://www.ebxml.org/namespaces/messageHeader" eb:version="1.0" soap-env:mustUnderstand="1"><eb:From><eb:PartyId eb:type="urn:x12.org.IO5:01">webservices.sabre.com</eb:PartyId></eb:From><eb:To><eb:PartyId eb:type="urn:x12.org.IO5:01">com.abacus.SWSSession</eb:PartyId></eb:To><eb:ConversationId>8dad8dff-8694-4589-95df-f8edec61d48c@com.abacus.SWSSession</eb:ConversationId><eb:Service eb:type="Sabre Trip Management">SabreCommandLLSRQ</eb:Service><eb:Action>SabreCommandLLSRS</eb:Action><eb:MessageData><eb:MessageId>3195048327288981700</eb:MessageId><eb:Timestamp>2026-08-03T09:05:29</eb:Timestamp><eb:RefToMessageId>89266383-fc21-4f67-99b0-5d8444ea3284@com.abacus.SWSSession</eb:RefToMessageId></eb:MessageData></eb:MessageHeader><wsse:Security xmlns:wsse="http://schemas.xmlsoap.org/ws/2002/12/secext"><wsse:BinarySecurityToken valueType="String" EncodingType="wsse:Base64Binary">Shared/IDL:IceSess\/SessMgr:1\.0.IDL/Common/!ICESMS\/RESF!ICESMSLB\/RES.LB!1785747927971!6359!517</wsse:BinarySecurityToken></wsse:Security></soap-env:Header><soap-env:Body><SabreCommandLLSRS xmlns="http://webservices.sabre.com/sabreXML/2011/10" xmlns:xs="http://www.w3.org/2001/XMLSchema" xmlns:xsi="http://www.w3.org/2001/XMLSchema-instance" xmlns:stl="http://services.sabre.com/STL/v01" Version="2.0.0">
 <stl:ApplicationResults status="Complete">
  <stl:Success timeStamp="2026-08-03T09:05:29Z">
   <stl:SystemSpecificResults>
    <stl:HostCommand LNIATA="641EEE">Q/7</stl:HostCommand>
   </stl:SystemSpecificResults>
  </stl:Success>
 </stl:ApplicationResults>
 <Response>      024  AIR SEGMENT CANCELLED
CKWOUN
 1.1DOSHI/RAHUL GHEWARCHAND MR
 2 UL 143R 07AUG F CMBBOM HK1   515P  750P /ABUL*F5IPRT /E
 3 UL 141R 09AUG S CMBBOM HX1  1140P  210A  10AUG M
                                               /DCUL*F5IPRT /E
TKT/TIME LIMIT
  1.T-20JUL-VG38*A6I
  2.TE 6032115744922 DOSHI/R SYSSYS 0240/03AUG
PHONES
  1.BOM9930944453-A-1.1
ANCILLARY EXISTS *AE TO DISPLAY
PASSENGER EMAIL DATA EXISTS  *PE TO DISPLAY ALL
PASSENGER DETAIL FIELD EXISTS - USE PD TO DISPLAY
INVOICED 
ADDRESS
    AKBAR TRAVELS MUMBAI
    MAHARASHTRA
    MUMBAI 91
PRICE QUOTE RECORD - AUTOPRICED
SECURITY INFO EXISTS *P3D OR *P4D TO DISPLAY
GENERAL FACTS
  2.SSR CTCM UL HK1/919930944453
  3.SSR CTCE UL HK1/AT//CLASSICHOLIDAYS.IN
  4.SSR ADTK 1B TO UL BY 16JUL 1852 BOM TIME ZONE OTHERWISE WIL
    L BE XLD
  5.OSI UL A/CTCP BOM9930944453 A 1.1
  6.SSR ADTK 1B TO UL BY 20JUL 1640 BOM TIME ZONE OTHERWISE WIL
    L BE XLD
  7.SSR ADTK 1B TO UL BY 20JUL 2012 BOM TIME ZONE OTHERWISE WIL
    L BE XLD
  9.SSR CTCE UL HK1/AT//CLASSICHOLIDAYS.IN
 11.SSR ADTK 1B TO UL BY 03AUG 1549 BOM TIME ZONE OTHERWISE WIL
    L BE XLD
 12.SSR OTHS 1B REMOVE DUPE SPACE BY BOM1849/03AUG26 OR UL WILL
     AUTO-CANCEL
 13.SSR OTHS 1B DAT CHANGE
REMARKS
  1.ATOB2C
  2..BILL/ATIMUMBAI TICKET DESK/96167/CLASSIC TR
  3./AT//CLASSICHOLIDAYS.IN
  4./91
  5.WT-VG38/ON
  6.XXTAW/
  7.H-AEBT/6034857714557/VG38*A6I/VG38*A6I
RECEIVED FROM - AT261607840
3A78.3A78*ATT 0822/15JUL26 CKWOUN H</Response>
</SabreCommandLLSRS></soap-env:Body></soap-env:Envelope>]]></Response></ApiLog>","PCC:HO PCC|Command:Q/7|HTTP:200|Status:SUCCESS","2026-08-03 14:35:29",,,0,"2026-08-03 14:35:29",0
4706,052e59d184944592b672,QueuePolling,0,,0,,SabreQueueMCP,QUEUE,QueueTextSource,I,SUCCESS,"<ApiLog><Request><![CDATA[<?xml version="1.0" encoding="utf-8"?>
<soap:Envelope xmlns:soap="http://schemas.xmlsoap.org/soap/envelope/" xmlns:xsi="http://www.w3.org/2001/XMLSchema-instance" xmlns:xsd="http://www.w3.org/2001/XMLSchema">
  <soap:Header>
    <MessageHeader xmlns="http://www.ebxml.org/namespaces/messageHeader">
      <From>
        <PartyId d5p1:type="urn:x12.org.IO5:01" xmlns:d5p1="http://www.ebxml.org/namespaces/messageHeader">com.abacus.SWSSession</PartyId>
      </From>
      <To>
        <PartyId d5p1:type="urn:x12.org.IO5:01" xmlns:d5p1="http://www.ebxml.org/namespaces/messageHeader">webservices.sabre.com</PartyId>
      </To>
      <ConversationId>8dad8dff-8694-4589-95df-f8edec61d48c@com.abacus.SWSSession</ConversationId>
      <Service d4p1:type="Sabre Trip Management" xmlns:d4p1="http://www.ebxml.org/namespaces/messageHeader">SabreCommandLLSRQ</Service>
      <Action>SabreCommandLLSRQ</Action>
      <MessageData>
        <MessageId>57151086-58bb-4dd8-9b7a-9c847f866b36@com.abacus.SWSSession</MessageId>
        <Timestamp>2026-08-03T09:05:30</Timestamp>
      </MessageData>
    </MessageHeader>
    <Security xmlns="http://schemas.xmlsoap.org/ws/2002/12/secext">
      <BinarySecurityToken>Shared/IDL:IceSess\/SessMgr:1\.0.IDL/Common/!ICESMS\/RESF!ICESMSLB\/RES.LB!1785747927971!6359!517</BinarySecurityToken>
    </Security>
  </soap:Header>
  <soap:Body>
    <SabreCommandLLSRQ Version="2.0.0" ReturnHostCommand="true" xmlns="http://webservices.sabre.com/sabreXML/2011/10">
      <Request Output="SCREEN">
        <HostCommand>I</HostCommand>
      </Request>
    </SabreCommandLLSRQ>
  </soap:Body>
</soap:Envelope>]]></Request><Response><![CDATA[<?xml version="1.0" encoding="UTF-8"?>
<soap-env:Envelope xmlns:soap-env="http://schemas.xmlsoap.org/soap/envelope/"><soap-env:Header><eb:MessageHeader xmlns:eb="http://www.ebxml.org/namespaces/messageHeader" eb:version="1.0" soap-env:mustUnderstand="1"><eb:From><eb:PartyId eb:type="urn:x12.org.IO5:01">webservices.sabre.com</eb:PartyId></eb:From><eb:To><eb:PartyId eb:type="urn:x12.org.IO5:01">com.abacus.SWSSession</eb:PartyId></eb:To><eb:ConversationId>8dad8dff-8694-4589-95df-f8edec61d48c@com.abacus.SWSSession</eb:ConversationId><eb:Service eb:type="Sabre Trip Management">SabreCommandLLSRQ</eb:Service><eb:Action>SabreCommandLLSRS</eb:Action><eb:MessageData><eb:MessageId>3195112327294332260</eb:MessageId><eb:Timestamp>2026-08-03T09:05:29</eb:Timestamp><eb:RefToMessageId>57151086-58bb-4dd8-9b7a-9c847f866b36@com.abacus.SWSSession</eb:RefToMessageId></eb:MessageData></eb:MessageHeader><wsse:Security xmlns:wsse="http://schemas.xmlsoap.org/ws/2002/12/secext"><wsse:BinarySecurityToken valueType="String" EncodingType="wsse:Base64Binary">Shared/IDL:IceSess\/SessMgr:1\.0.IDL/Common/!ICESMS\/RESF!ICESMSLB\/RES.LB!1785747927971!6359!517</wsse:BinarySecurityToken></wsse:Security></soap-env:Header><soap-env:Body><SabreCommandLLSRS xmlns="http://webservices.sabre.com/sabreXML/2011/10" xmlns:xs="http://www.w3.org/2001/XMLSchema" xmlns:xsi="http://www.w3.org/2001/XMLSchema-instance" xmlns:stl="http://services.sabre.com/STL/v01" Version="2.0.0">
 <stl:ApplicationResults status="Complete">
  <stl:Success timeStamp="2026-08-03T09:05:29Z">
   <stl:SystemSpecificResults>
    <stl:HostCommand LNIATA="641EEE">I</stl:HostCommand>
   </stl:SystemSpecificResults>
  </stl:Success>
 </stl:ApplicationResults>
 <Response>      024  AIR SEGMENT CANCELLED
OGSACB
 1.1AHMED/MD NADEEM MR
 1 EY 207E 07AUG F BOMAUH HX1   500A  630A /DCEY*FJS66T /E
 2 EY 577E 07AUG F AUHDMM HX1   845A  920A /DCEY*FJS66T /E
TKT/TIME LIMIT
  1.TAW/
PHONES
  1.BOM9619385445-A-1.1
PASSENGER EMAIL DATA EXISTS  *PE TO DISPLAY ALL
PASSENGER DETAIL FIELD EXISTS - USE PD TO DISPLAY
ADDRESS
    AKBAR TRAVELS MUMBAI
    MAHARASHTRA
    MUMBAI 91
PRICE QUOTE RECORD - AUTOPRICED
GENERAL FACTS
  1.SSR CTCM EY HK1/919619385445
  2.SSR CTCE EY HK1/YASHSKARENTERPRISES94//GMAIL.COM
  3.SSR OTHS 1B 526513216327 - TIME LIMIT APPLIED FOR TICKETING
  4.SSR ADTK 1B TO EY BY 03AUG 1415 BOM TIME ZONE OTHERWISE WIL
    L BE XLD
  5.OSI EY APIN 200020626971
  6.SSR OTHS 1B EY CANCELLATION DUE TO NO TICKET
  7.SSR OTHS 1B CANX DUE TO LACK OF TICKET
REMARKS
  1.ATOB2C
  2..BILL/ATIMUMBAI TICKET DESK/92380/YASHSKAR E
  3./YASHSKARENTERPRISES94//GMAIL.COM
  4./91
  5.FARE OPTIMIZER END/1401 03AUG26
RECEIVED FROM - AT261880495
3A78.3A78*ATT 2145/02AUG26 OGSACB H</Response>
</SabreCommandLLSRS></soap-env:Body></soap-env:Envelope>]]></Response></ApiLog>","PCC:HO PCC|Command:I|HTTP:200|Status:SUCCESS","2026-08-03 14:35:29",,,0,"2026-08-03 14:35:29",0
4704,052e59d184944592b672,QueuePolling,0,,0,,SabreQueueMCP,QUEUE,SessionCreateRQ,,Success,"<ApiLog><Request><![CDATA[<?xml version="1.0" encoding="utf-8"?>
<soap:Envelope xmlns:soap="http://schemas.xmlsoap.org/soap/envelope/"
               xmlns:eb="http://www.ebxml.org/namespaces/messageHeader"
               xmlns:wsse="http://schemas.xmlsoap.org/ws/2002/12/secext">
  <soap:Header>
    <eb:MessageHeader soap:mustUnderstand="1" eb:version="1.0">
      <eb:From>
        <eb:PartyId eb:type="urn:x12.org.IO5:01">com.abacus.SWSSession</eb:PartyId>
      </eb:From>
      <eb:To>
        <eb:PartyId eb:type="urn:x12.org.IO5:01">webservices.sabre.com</eb:PartyId>
      </eb:To>
      <CPAId>3A78</CPAId>
      <eb:ConversationId>8dad8dff-8694-4589-95df-f8edec61d48c@com.abacus.SWSSession</eb:ConversationId>
      <eb:Service>SessionCreateRQ</eb:Service>
      <eb:Action>SessionCreateRQ</eb:Action>
      <eb:MessageData>
        <eb:MessageId>56aa7b8c-3139-4434-9fad-2fdd25626724@com.abacus.SWSSession</eb:MessageId>
        <eb:Timestamp>2026-08-03T09:05:29Z</eb:Timestamp>
      </eb:MessageData>
    </eb:MessageHeader>
    <wsse:Security>
      <wsse:UsernameToken>
        <wsse:Username>926019</wsse:Username>
        <wsse:Password>OM23197</wsse:Password>
        <Organization>3A78</Organization>
        <Domain>DEFAULT</Domain>
      </wsse:UsernameToken>
    </wsse:Security>
  </soap:Header>
  <soap:Body>
    <SessionCreateRQ Version="1.0.0" xmlns="http://www.opentravel.org/OTA/2002/11">
      <POS>
        <Source PseudoCityCode="3A78" />
      </POS>
    </SessionCreateRQ>
  </soap:Body>
</soap:Envelope>]]></Request><Response><![CDATA[<?xml version="1.0" encoding="UTF-8"?>
<soap-env:Envelope xmlns:soap-env="http://schemas.xmlsoap.org/soap/envelope/"><soap-env:Header><eb:MessageHeader xmlns:eb="http://www.ebxml.org/namespaces/messageHeader" eb:version="1.0" soap-env:mustUnderstand="1"><eb:From><eb:PartyId eb:type="urn:x12.org.IO5:01">webservices.sabre.com</eb:PartyId></eb:From><eb:To><eb:PartyId eb:type="urn:x12.org.IO5:01">com.abacus.SWSSession</eb:PartyId></eb:To><eb:ConversationId>8dad8dff-8694-4589-95df-f8edec61d48c@com.abacus.SWSSession</eb:ConversationId><eb:Service eb:type="sabreXML">Session</eb:Service><eb:Action>SessionCreateRS</eb:Action><eb:MessageData><eb:MessageId>3773442327279631040</eb:MessageId><eb:Timestamp>2026-08-03T09:05:27</eb:Timestamp><eb:RefToMessageId>56aa7b8c-3139-4434-9fad-2fdd25626724@com.abacus.SWSSession</eb:RefToMessageId></eb:MessageData></eb:MessageHeader><wsse:Security xmlns:wsse="http://schemas.xmlsoap.org/ws/2002/12/secext"><wsse:BinarySecurityToken valueType="String" EncodingType="wsse:Base64Binary">Shared/IDL:IceSess\/SessMgr:1\.0.IDL/Common/!ICESMS\/RESF!ICESMSLB\/RES.LB!1785747927971!6359!517</wsse:BinarySecurityToken></wsse:Security></soap-env:Header><soap-env:Body><SessionCreateRS xmlns="http://www.opentravel.org/OTA/2002/11" version="1.0.0" status="Approved">	<ConversationId>8dad8dff-8694-4589-95df-f8edec61d48c@com.abacus.SWSSession</ConversationId></SessionCreateRS></soap-env:Body></soap-env:Envelope>]]></Response></ApiLog>",PCC:3A78|Command:|HTTP:200|Status:Success,"2026-08-03 14:35:28",,,0,"2026-08-03 14:35:28",0
